crypto_var,risk_var,predictor_label,dependent_label,p_c2r,p_r2c,cum_irf,avg_irf,cum_reverse_irf,avg_reverse_irf,dot_size,dot_color,reverse_size,reverse_color,direction_label,reverse_direction_label,y_pos,x_pos
stablecoin_supply_daily_log_chg,sp500_daily_log_ret,Stablecoin Supply,S&P 500,0.21374268076465236,0.33923295231815287,-0.1393535401402563,-0.006967677007012815,-0.03736910615570834,-0.0018684553077854171,0,white,0,white,−,−,0,0
stablecoin_supply_daily_log_chg,vix_daily_log_chg,Stablecoin Supply,VIX,0.9696363280454787,0.18633043205961325,0.0082370968208683,0.000411854841043415,-0.004313876306074582,-0.00021569381530372908,0,white,0,white,+,−,0,1
stablecoin_supply_daily_log_chg,hy_spread_daily_chg,Stablecoin Supply,HY Spread,0.007981287456086074,0.026684606968034798,3.1830104256724514,0.15915052128362256,0.0038546282290552103,0.0001927314114527605,950,#2D373C,200,#6EA9A3,+,+,0,2
stablecoin_supply_daily_log_chg,ig_spread_daily_chg,Stablecoin Supply,IG Spread,0.00011725759546507217,0.7797795739190871,1.4307987508191728,0.07153993754095864,0.024636065568083218,0.001231803278404161,950,#2D373C,0,white,+,+,0,3
stablecoin_exchange_netflow_scaled,sp500_daily_log_ret,Exchange Netflow,S&P 500,0.47047120337443815,0.611101437823663,-0.03862132482643014,-0.001931066241321507,-0.027617429295776236,-0.0013808714647888117,0,white,0,white,−,−,1,0
stablecoin_exchange_netflow_scaled,vix_daily_log_chg,Exchange Netflow,VIX,0.9544189853566273,0.25102024700162257,-0.03707830131145887,-0.0018539150655729434,-0.0043689344508002085,-0.00021844672254001042,0,white,0,white,−,−,1,1
stablecoin_exchange_netflow_scaled,hy_spread_daily_chg,Exchange Netflow,HY Spread,0.8371419815839694,0.4852022557053991,0.43266120836719946,0.021633060418359974,-0.00698309580142087,-0.0003491547900710435,0,white,0,white,+,−,1,2
stablecoin_exchange_netflow_scaled,ig_spread_daily_chg,Exchange Netflow,IG Spread,0.2421755205005083,0.02960372547202202,0.2976508497715294,0.01488254248857647,0.06390566022879897,0.0031952830114399485,0,white,200,#6EA9A3,+,+,1,3
stablecoin_exchange_reserve_daily_log_chg,sp500_daily_log_ret,Exchange Reserves,S&P 500,0.5050309066057048,0.7133409460827829,-0.012646513626821659,-0.0006323256813410829,-0.06845724977751776,-0.0034228624888758877,0,white,0,white,−,−,2,0
stablecoin_exchange_reserve_daily_log_chg,vix_daily_log_chg,Exchange Reserves,VIX,0.9722047612432326,0.3025682540907602,-0.008655596242096773,-0.00043277981210483867,-0.01126078223143516,-0.000563039111571758,0,white,0,white,−,−,2,1
stablecoin_exchange_reserve_daily_log_chg,hy_spread_daily_chg,Exchange Reserves,HY Spread,0.8226509502059288,0.6675473585700218,0.1481608625338182,0.007408043126690909,-0.016681711147973313,-0.0008340855573986657,0,white,0,white,+,−,2,2
stablecoin_exchange_reserve_daily_log_chg,ig_spread_daily_chg,Exchange Reserves,IG Spread,0.22639827373619317,0.05569539785242794,0.10096517317748961,0.005048258658874481,0.16768735550896255,0.008384367775448128,0,white,160,#A5D7D2,+,+,2,3
btc_eth_open_interest_daily_log_chg,sp500_daily_log_ret,Open Interest,S&P 500,0.7740890192775832,0.9410814628080435,-0.0057899398859349365,-0.0002894969942967468,0.037536007986427825,0.0018768003993213911,0,white,0,white,−,+,3,0
btc_eth_open_interest_daily_log_chg,vix_daily_log_chg,Open Interest,VIX,0.8544848004000791,0.07847898590573942,-0.013019029983687482,-0.000650951499184374,-0.041722341340497134,-0.0020861170670248568,0,white,160,#A5D7D2,−,−,3,1
btc_eth_open_interest_daily_log_chg,hy_spread_daily_chg,Open Interest,HY Spread,0.7686283638697192,0.1616427893684942,0.11918722053412888,0.005959361026706444,0.05129529666338412,0.002564764833169206,0,white,0,white,+,+,3,2
btc_eth_open_interest_daily_log_chg,ig_spread_daily_chg,Open Interest,IG Spread,0.04360915969543991,0.0005308743776548055,0.08547321350617834,0.004273660675308917,-0.48952220779104666,-0.024476110389552334,700,#A5D7D2,240,#2D373C,+,−,3,3
btc_eth_funding_rate_avg,sp500_daily_log_ret,Funding Rate,S&P 500,0.02446264210113745,3.8776584618040775e-07,0.1787681866640509,0.008938409333202545,0.7725645994122189,0.038628229970610946,700,#A5D7D2,240,#2D373C,+,+,4,0
btc_eth_funding_rate_avg,vix_daily_log_chg,Funding Rate,VIX,0.5885884736406147,0.623692745646424,-0.19023426814736513,-0.009511713407368257,-0.03901170655823384,-0.001950585327911692,0,white,0,white,−,−,4,1
btc_eth_funding_rate_avg,hy_spread_daily_chg,Funding Rate,HY Spread,0.0008687725592927578,0.07208869469368058,-3.314303393304272,-0.1657151696652136,0.057781257521792424,0.0028890628760896214,950,#2D373C,160,#A5D7D2,−,+,4,2
btc_eth_funding_rate_avg,ig_spread_daily_chg,Funding Rate,IG Spread,0.001183633387839879,0.4273907991196564,-1.1160185273847318,-0.05580092636923659,-0.21973793534369016,-0.010986896767184508,950,#2D373C,0,white,−,−,4,3
tradingVol_btc+eth_daily_log_chg,sp500_daily_log_ret,BTC + ETH Volume,S&P 500,0.8896735889060569,0.0017885392576946586,3.6719332232474804e-06,1.8359666116237403e-07,2.091005450486397,0.10455027252431985,0,white,240,#2D373C,+,+,5,0
tradingVol_btc+eth_daily_log_chg,vix_daily_log_chg,BTC + ETH Volume,VIX,0.8216895971531681,0.00012854898916715818,-0.0009885392875440778,-4.942696437720389e-05,0.4734948380069108,0.02367474190034554,0,white,240,#2D373C,−,+,5,1
tradingVol_btc+eth_daily_log_chg,hy_spread_daily_chg,BTC + ETH Volume,HY Spread,0.5380641732944689,0.9000366830097624,0.007031041819519525,0.00035155209097597625,-0.045098878719395934,-0.0022549439359697966,0,white,0,white,+,−,5,2
tradingVol_btc+eth_daily_log_chg,ig_spread_daily_chg,BTC + ETH Volume,IG Spread,0.5082171566781739,0.14674657116323347,0.0025213825129883926,0.00012606912564941964,1.1771143606009513,0.05885571803004756,0,white,0,white,+,+,5,3
