specification,caused,causing,test,statistic,p_value,df,significant_10pct,significant_5pct,significant_1pct,lag_order,nobs,direction,predictor_label,dependent_label,impulse,response,cum_irf,avg_irf,star_label,dot_size,dot_color,direction_label,risk_on_score,risk_direction,y_pos,x_pos
var_stablecoin_supply_daily_log_chg,sp500_daily_log_ret,stablecoin_supply_daily_log_chg,granger_causality_f_test,1.5460930039881338,0.21374268076465236,"(1, 9870)",False,False,False,1,1418,crypto_to_risk,Stablecoin Supply,S&P 500,stablecoin_supply_daily_log_chg,sp500_daily_log_ret,-0.1393535401402563,-0.006967677007012815,,0,white,−,-0.1393535401402563,risk_off,0,0
var_stablecoin_supply_daily_log_chg,vix_daily_log_chg,stablecoin_supply_daily_log_chg,granger_causality_f_test,0.001448972757921924,0.9696363280454787,"(1, 9870)",False,False,False,1,1418,crypto_to_risk,Stablecoin Supply,VIX,stablecoin_supply_daily_log_chg,vix_daily_log_chg,0.0082370968208683,0.000411854841043415,,0,white,+,-0.0082370968208683,risk_off,0,1
var_stablecoin_supply_daily_log_chg,hy_spread_daily_chg,stablecoin_supply_daily_log_chg,granger_causality_f_test,7.040534667650793,0.007981287456086074,"(1, 9870)",True,True,True,1,1418,crypto_to_risk,Stablecoin Supply,HY Spread,stablecoin_supply_daily_log_chg,hy_spread_daily_chg,3.1830104256724514,0.15915052128362256,***,950,#2D373C,+,-3.1830104256724514,risk_off,0,2
var_stablecoin_supply_daily_log_chg,ig_spread_daily_chg,stablecoin_supply_daily_log_chg,granger_causality_f_test,14.848194588072026,0.00011725759546507217,"(1, 9870)",True,True,True,1,1418,crypto_to_risk,Stablecoin Supply,IG Spread,stablecoin_supply_daily_log_chg,ig_spread_daily_chg,1.4307987508191728,0.07153993754095864,***,950,#2D373C,+,-1.4307987508191728,risk_off,0,3
var_stablecoin_exchange_netflow_scaled,sp500_daily_log_ret,stablecoin_exchange_netflow_scaled,granger_causality_f_test,0.5209091870274635,0.47047120337443815,"(1, 9870)",False,False,False,1,1418,crypto_to_risk,Exchange Netflow,S&P 500,stablecoin_exchange_netflow_scaled,sp500_daily_log_ret,-0.03862132482643014,-0.001931066241321507,,0,white,−,-0.03862132482643014,risk_off,1,0
var_stablecoin_exchange_netflow_scaled,vix_daily_log_chg,stablecoin_exchange_netflow_scaled,granger_causality_f_test,0.003267253130456276,0.9544189853566273,"(1, 9870)",False,False,False,1,1418,crypto_to_risk,Exchange Netflow,VIX,stablecoin_exchange_netflow_scaled,vix_daily_log_chg,-0.03707830131145887,-0.0018539150655729434,,0,white,−,0.03707830131145887,risk_on,1,1
var_stablecoin_exchange_netflow_scaled,hy_spread_daily_chg,stablecoin_exchange_netflow_scaled,granger_causality_f_test,0.042253273351236104,0.8371419815839694,"(1, 9870)",False,False,False,1,1418,crypto_to_risk,Exchange Netflow,HY Spread,stablecoin_exchange_netflow_scaled,hy_spread_daily_chg,0.43266120836719946,0.021633060418359974,,0,white,+,-0.43266120836719946,risk_off,1,2
var_stablecoin_exchange_netflow_scaled,ig_spread_daily_chg,stablecoin_exchange_netflow_scaled,granger_causality_f_test,1.3680495746310872,0.2421755205005083,"(1, 9870)",False,False,False,1,1418,crypto_to_risk,Exchange Netflow,IG Spread,stablecoin_exchange_netflow_scaled,ig_spread_daily_chg,0.2976508497715294,0.01488254248857647,,0,white,+,-0.2976508497715294,risk_off,1,3
var_btc_eth_open_interest_daily_log_chg,sp500_daily_log_ret,btc_eth_open_interest_daily_log_chg,granger_causality_f_test,0.0823909861076753,0.7740890192775832,"(1, 9870)",False,False,False,1,1418,crypto_to_risk,Open Interest,S&P 500,btc_eth_open_interest_daily_log_chg,sp500_daily_log_ret,-0.0057899398859349365,-0.0002894969942967468,,0,white,−,-0.0057899398859349365,risk_off,3,0
var_btc_eth_open_interest_daily_log_chg,vix_daily_log_chg,btc_eth_open_interest_daily_log_chg,granger_causality_f_test,0.03363702929715225,0.8544848004000791,"(1, 9870)",False,False,False,1,1418,crypto_to_risk,Open Interest,VIX,btc_eth_open_interest_daily_log_chg,vix_daily_log_chg,-0.013019029983687482,-0.000650951499184374,,0,white,−,0.013019029983687482,risk_on,3,1
var_btc_eth_open_interest_daily_log_chg,hy_spread_daily_chg,btc_eth_open_interest_daily_log_chg,granger_causality_f_test,0.08654047468183054,0.7686283638697192,"(1, 9870)",False,False,False,1,1418,crypto_to_risk,Open Interest,HY Spread,btc_eth_open_interest_daily_log_chg,hy_spread_daily_chg,0.11918722053412888,0.005959361026706444,,0,white,+,-0.11918722053412888,risk_off,3,2
var_btc_eth_open_interest_daily_log_chg,ig_spread_daily_chg,btc_eth_open_interest_daily_log_chg,granger_causality_f_test,4.072676822944722,0.04360915969543991,"(1, 9870)",True,True,False,1,1418,crypto_to_risk,Open Interest,IG Spread,btc_eth_open_interest_daily_log_chg,ig_spread_daily_chg,0.08547321350617834,0.004273660675308917,**,700,#A5D7D2,+,-0.08547321350617834,risk_off,3,3
var_btc_eth_funding_rate_avg,sp500_daily_log_ret,btc_eth_funding_rate_avg,granger_causality_f_test,5.063083911374422,0.02446264210113745,"(1, 9870)",True,True,False,1,1418,crypto_to_risk,Funding Rate,S&P 500,btc_eth_funding_rate_avg,sp500_daily_log_ret,0.1787681866640509,0.008938409333202545,**,700,#A5D7D2,+,0.1787681866640509,risk_on,4,0
var_btc_eth_funding_rate_avg,vix_daily_log_chg,btc_eth_funding_rate_avg,granger_causality_f_test,0.2925731928250999,0.5885884736406147,"(1, 9870)",False,False,False,1,1418,crypto_to_risk,Funding Rate,VIX,btc_eth_funding_rate_avg,vix_daily_log_chg,-0.19023426814736513,-0.009511713407368257,,0,white,−,0.19023426814736513,risk_on,4,1
var_btc_eth_funding_rate_avg,hy_spread_daily_chg,btc_eth_funding_rate_avg,granger_causality_f_test,11.095025428886682,0.0008687725592927578,"(1, 9870)",True,True,True,1,1418,crypto_to_risk,Funding Rate,HY Spread,btc_eth_funding_rate_avg,hy_spread_daily_chg,-3.314303393304272,-0.1657151696652136,***,950,#2D373C,−,3.314303393304272,risk_on,4,2
var_btc_eth_funding_rate_avg,ig_spread_daily_chg,btc_eth_funding_rate_avg,granger_causality_f_test,10.52185654943332,0.001183633387839879,"(1, 9870)",True,True,True,1,1418,crypto_to_risk,Funding Rate,IG Spread,btc_eth_funding_rate_avg,ig_spread_daily_chg,-1.1160185273847318,-0.05580092636923659,***,950,#2D373C,−,1.1160185273847318,risk_on,4,3
var_stablecoin_exchange_reserve_daily_log_chg,sp500_daily_log_ret,stablecoin_exchange_reserve_daily_log_chg,granger_causality_f_test,0.44438131861062763,0.5050309066057048,"(1, 9870)",False,False,False,1,1418,crypto_to_risk,Exchange Reserves,S&P 500,stablecoin_exchange_reserve_daily_log_chg,sp500_daily_log_ret,-0.012646513626821659,-0.0006323256813410829,,0,white,−,-0.012646513626821659,risk_off,2,0
var_stablecoin_exchange_reserve_daily_log_chg,vix_daily_log_chg,stablecoin_exchange_reserve_daily_log_chg,granger_causality_f_test,0.0012141111842792558,0.9722047612432326,"(1, 9870)",False,False,False,1,1418,crypto_to_risk,Exchange Reserves,VIX,stablecoin_exchange_reserve_daily_log_chg,vix_daily_log_chg,-0.008655596242096773,-0.00043277981210483867,,0,white,−,0.008655596242096773,risk_on,2,1
var_stablecoin_exchange_reserve_daily_log_chg,hy_spread_daily_chg,stablecoin_exchange_reserve_daily_log_chg,granger_causality_f_test,0.0502399251911367,0.8226509502059288,"(1, 9870)",False,False,False,1,1418,crypto_to_risk,Exchange Reserves,HY Spread,stablecoin_exchange_reserve_daily_log_chg,hy_spread_daily_chg,0.1481608625338182,0.007408043126690909,,0,white,+,-0.1481608625338182,risk_off,2,2
var_stablecoin_exchange_reserve_daily_log_chg,ig_spread_daily_chg,stablecoin_exchange_reserve_daily_log_chg,granger_causality_f_test,1.4635299698831599,0.22639827373619317,"(1, 9870)",False,False,False,1,1418,crypto_to_risk,Exchange Reserves,IG Spread,stablecoin_exchange_reserve_daily_log_chg,ig_spread_daily_chg,0.10096517317748961,0.005048258658874481,,0,white,+,-0.10096517317748961,risk_off,2,3
var_tradingVol_btc+eth_daily_log_chg,sp500_daily_log_ret,tradingVol_btc+eth_daily_log_chg,granger_causality_f_test,0.019243468134059197,0.8896735889060569,"(1, 9870)",False,False,False,1,1418,crypto_to_risk,BTC + ETH Volume,S&P 500,tradingVol_btc+eth_daily_log_chg,sp500_daily_log_ret,3.6719332232474804e-06,1.8359666116237403e-07,,0,white,+,3.6719332232474804e-06,risk_on,5,0
var_tradingVol_btc+eth_daily_log_chg,vix_daily_log_chg,tradingVol_btc+eth_daily_log_chg,granger_causality_f_test,0.050795413157726496,0.8216895971531681,"(1, 9870)",False,False,False,1,1418,crypto_to_risk,BTC + ETH Volume,VIX,tradingVol_btc+eth_daily_log_chg,vix_daily_log_chg,-0.0009885392875440778,-4.942696437720389e-05,,0,white,−,0.0009885392875440778,risk_on,5,1
var_tradingVol_btc+eth_daily_log_chg,hy_spread_daily_chg,tradingVol_btc+eth_daily_log_chg,granger_causality_f_test,0.3791658932693115,0.5380641732944689,"(1, 9870)",False,False,False,1,1418,crypto_to_risk,BTC + ETH Volume,HY Spread,tradingVol_btc+eth_daily_log_chg,hy_spread_daily_chg,0.007031041819519525,0.00035155209097597625,,0,white,+,-0.007031041819519525,risk_off,5,2
var_tradingVol_btc+eth_daily_log_chg,ig_spread_daily_chg,tradingVol_btc+eth_daily_log_chg,granger_causality_f_test,0.43776801570321533,0.5082171566781739,"(1, 9870)",False,False,False,1,1418,crypto_to_risk,BTC + ETH Volume,IG Spread,tradingVol_btc+eth_daily_log_chg,ig_spread_daily_chg,0.0025213825129883926,0.00012606912564941964,,0,white,+,-0.0025213825129883926,risk_off,5,3
