specification,equation,parameter,coef,t_stat,p_value,nobs,lag_order,aic,bic,hqic
var_stablecoin_supply_daily_log_chg,stablecoin_supply_daily_log_chg,const,0.0015835366891484434,9.217958539284453,3.0281020153243753e-20,1418,1,-55.79243385449665,-55.58482302826452,-55.714873704953135
var_stablecoin_supply_daily_log_chg,stablecoin_supply_daily_log_chg,L1.stablecoin_supply_daily_log_chg,0.2672489665544532,10.401994140582477,2.4279803191047726e-25,1418,1,-55.79243385449665,-55.58482302826452,-55.714873704953135
var_stablecoin_supply_daily_log_chg,stablecoin_supply_daily_log_chg,L1.sp500_daily_log_ret,-0.01970380875953566,-0.9557282520763439,0.33920954507498924,1418,1,-55.79243385449665,-55.58482302826452,-55.714873704953135
var_stablecoin_supply_daily_log_chg,stablecoin_supply_daily_log_chg,L1.vix_daily_log_chg,-0.004054311440143871,-1.3216047526835801,0.18629979995456503,1418,1,-55.79243385449665,-55.58482302826452,-55.714873704953135
var_stablecoin_supply_daily_log_chg,stablecoin_supply_daily_log_chg,L1.hy_spread_daily_chg,0.0054965045738145785,2.216432541946258,0.026661893074245643,1418,1,-55.79243385449665,-55.58482302826452,-55.714873704953135
var_stablecoin_supply_daily_log_chg,stablecoin_supply_daily_log_chg,L1.ig_spread_daily_chg,-0.0021785905859933695,-0.2796139350047933,0.7797737148133217,1418,1,-55.79243385449665,-55.58482302826452,-55.714873704953135
var_stablecoin_supply_daily_log_chg,stablecoin_supply_daily_log_chg,L1.term_spread_daily_chg,0.004028101885948138,1.0534670136603366,0.29212700476176456,1418,1,-55.79243385449665,-55.58482302826452,-55.714873704953135
var_stablecoin_supply_daily_log_chg,stablecoin_supply_daily_log_chg,L1.usd_strength_daily_log_chg,0.042985430242242426,0.8022073323880651,0.4224330356207555,1418,1,-55.79243385449665,-55.58482302826452,-55.714873704953135
var_stablecoin_supply_daily_log_chg,sp500_daily_log_ret,const,0.0008521768521389643,2.3402228776819602,0.019272235014169033,1418,1,-55.79243385449665,-55.58482302826452,-55.714873704953135
var_stablecoin_supply_daily_log_chg,sp500_daily_log_ret,L1.stablecoin_supply_daily_log_chg,-0.06771679111940031,-1.2434198824162872,0.21371314736932012,1418,1,-55.79243385449665,-55.58482302826452,-55.714873704953135
var_stablecoin_supply_daily_log_chg,sp500_daily_log_ret,L1.sp500_daily_log_ret,-0.33513372008347025,-7.668726249143287,1.737127331603536e-14,1418,1,-55.79243385449665,-55.58482302826452,-55.714873704953135
var_stablecoin_supply_daily_log_chg,sp500_daily_log_ret,L1.vix_daily_log_chg,-0.032383657622229965,-4.980021884303394,6.357708353839054e-07,1418,1,-55.79243385449665,-55.58482302826452,-55.714873704953135
var_stablecoin_supply_daily_log_chg,sp500_daily_log_ret,L1.hy_spread_daily_chg,0.008551718042743638,1.6268299705240246,0.10377321445119755,1418,1,-55.79243385449665,-55.58482302826452,-55.714873704953135
var_stablecoin_supply_daily_log_chg,sp500_daily_log_ret,L1.ig_spread_daily_chg,-0.08499078864445957,-5.146072671856499,2.65996410834276e-07,1418,1,-55.79243385449665,-55.58482302826452,-55.714873704953135
var_stablecoin_supply_daily_log_chg,sp500_daily_log_ret,L1.term_spread_daily_chg,0.013902850541278816,1.7153202536435364,0.08628652721559688,1418,1,-55.79243385449665,-55.58482302826452,-55.714873704953135
var_stablecoin_supply_daily_log_chg,sp500_daily_log_ret,L1.usd_strength_daily_log_chg,0.2412975649151976,2.1244140036879684,0.03363554003783448,1418,1,-55.79243385449665,-55.58482302826452,-55.714873704953135
var_stablecoin_supply_daily_log_chg,vix_daily_log_chg,const,-0.0020947607034037044,-0.9543882431943026,0.3398871551649131,1418,1,-55.79243385449665,-55.58482302826452,-55.714873704953135
var_stablecoin_supply_daily_log_chg,vix_daily_log_chg,L1.stablecoin_supply_daily_log_chg,0.012495265764281727,0.038065374790246374,0.9696355582055345,1418,1,-55.79243385449665,-55.58482302826452,-55.714873704953135
var_stablecoin_supply_daily_log_chg,vix_daily_log_chg,L1.sp500_daily_log_ret,1.005392255205007,3.816838798641644,0.00013517242081772073,1418,1,-55.79243385449665,-55.58482302826452,-55.714873704953135
var_stablecoin_supply_daily_log_chg,vix_daily_log_chg,L1.vix_daily_log_chg,0.039326785186502546,1.0033604381736199,0.31568698500385695,1418,1,-55.79243385449665,-55.58482302826452,-55.714873704953135
var_stablecoin_supply_daily_log_chg,vix_daily_log_chg,L1.hy_spread_daily_chg,0.06100851166670419,1.9254950066503005,0.05416746005581635,1418,1,-55.79243385449665,-55.58482302826452,-55.714873704953135
var_stablecoin_supply_daily_log_chg,vix_daily_log_chg,L1.ig_spread_daily_chg,-0.03396699686141122,-0.34121206731608184,0.7329439394302115,1418,1,-55.79243385449665,-55.58482302826452,-55.714873704953135
var_stablecoin_supply_daily_log_chg,vix_daily_log_chg,L1.term_spread_daily_chg,-0.05728119619804108,-1.1725101621229668,0.24099229458239702,1418,1,-55.79243385449665,-55.58482302826452,-55.714873704953135
var_stablecoin_supply_daily_log_chg,vix_daily_log_chg,L1.usd_strength_daily_log_chg,-1.566181188226211,-2.287659558465398,0.02215735456144801,1418,1,-55.79243385449665,-55.58482302826452,-55.714873704953135
var_stablecoin_supply_daily_log_chg,hy_spread_daily_chg,const,-0.002677426004221891,-0.8324425646527338,0.40515918485248037,1418,1,-55.79243385449665,-55.58482302826452,-55.714873704953135
var_stablecoin_supply_daily_log_chg,hy_spread_daily_chg,L1.stablecoin_supply_daily_log_chg,1.2763567199376644,2.6534005855978084,0.007968523983821762,1418,1,-55.79243385449665,-55.58482302826452,-55.714873704953135
var_stablecoin_supply_daily_log_chg,hy_spread_daily_chg,L1.sp500_daily_log_ret,-1.1352715849731556,-2.941129786862677,0.003270174844857982,1418,1,-55.79243385449665,-55.58482302826452,-55.714873704953135
var_stablecoin_supply_daily_log_chg,hy_spread_daily_chg,L1.vix_daily_log_chg,0.04529359249456044,0.788590306654676,0.4303514982155987,1418,1,-55.79243385449665,-55.58482302826452,-55.714873704953135
var_stablecoin_supply_daily_log_chg,hy_spread_daily_chg,L1.hy_spread_daily_chg,-0.20239635316055693,-4.359139709309737,1.3057473626825289e-05,1418,1,-55.79243385449665,-55.58482302826452,-55.714873704953135
var_stablecoin_supply_daily_log_chg,hy_spread_daily_chg,L1.ig_spread_daily_chg,1.3258555796823186,9.088863695605525,1.0007949341070604e-19,1418,1,-55.79243385449665,-55.58482302826452,-55.714873704953135
var_stablecoin_supply_daily_log_chg,hy_spread_daily_chg,L1.term_spread_daily_chg,-0.062351852462981805,-0.8709636629096374,0.3837739939408168,1418,1,-55.79243385449665,-55.58482302826452,-55.714873704953135
var_stablecoin_supply_daily_log_chg,hy_spread_daily_chg,L1.usd_strength_daily_log_chg,0.45789836640610054,0.45641995570403016,0.6480880183511978,1418,1,-55.79243385449665,-55.58482302826452,-55.714873704953135
var_stablecoin_supply_daily_log_chg,ig_spread_daily_chg,const,-0.0008340801195473336,-1.1131688484070077,0.26563591898076444,1418,1,-55.79243385449665,-55.58482302826452,-55.714873704953135
var_stablecoin_supply_daily_log_chg,ig_spread_daily_chg,L1.stablecoin_supply_daily_log_chg,0.4318069228751321,3.8533355145992707,0.00011651954962831827,1418,1,-55.79243385449665,-55.58482302826452,-55.714873704953135
var_stablecoin_supply_daily_log_chg,ig_spread_daily_chg,L1.sp500_daily_log_ret,-0.3480949475990902,-3.8710485166419693,0.00010836821874531981,1418,1,-55.79243385449665,-55.58482302826452,-55.714873704953135
var_stablecoin_supply_daily_log_chg,ig_spread_daily_chg,L1.vix_daily_log_chg,-0.0027300509328217204,-0.2040336921142149,0.8383271701727679,1418,1,-55.79243385449665,-55.58482302826452,-55.714873704953135
var_stablecoin_supply_daily_log_chg,ig_spread_daily_chg,L1.hy_spread_daily_chg,-0.08257267736421403,-7.633978716652189,2.2761750686932954e-14,1418,1,-55.79243385449665,-55.58482302826452,-55.714873704953135
var_stablecoin_supply_daily_log_chg,ig_spread_daily_chg,L1.ig_spread_daily_chg,0.7274203903591192,21.40500400405917,1.2001053121156257e-101,1418,1,-55.79243385449665,-55.58482302826452,-55.714873704953135
var_stablecoin_supply_daily_log_chg,ig_spread_daily_chg,L1.term_spread_daily_chg,0.03896279690197343,2.3362390198275906,0.019478787707974888,1418,1,-55.79243385449665,-55.58482302826452,-55.714873704953135
var_stablecoin_supply_daily_log_chg,ig_spread_daily_chg,L1.usd_strength_daily_log_chg,0.29647773317623616,1.2685397625202486,0.2046052603724834,1418,1,-55.79243385449665,-55.58482302826452,-55.714873704953135
var_stablecoin_supply_daily_log_chg,term_spread_daily_chg,const,3.172737118933195e-05,0.026442180549472498,0.9789046506866452,1418,1,-55.79243385449665,-55.58482302826452,-55.714873704953135
var_stablecoin_supply_daily_log_chg,term_spread_daily_chg,L1.stablecoin_supply_daily_log_chg,0.0514345864531443,0.286623885487144,0.7744003234794716,1418,1,-55.79243385449665,-55.58482302826452,-55.714873704953135
var_stablecoin_supply_daily_log_chg,term_spread_daily_chg,L1.sp500_daily_log_ret,-0.1527318235366454,-1.0606456959916644,0.28885094739312,1418,1,-55.79243385449665,-55.58482302826452,-55.714873704953135
var_stablecoin_supply_daily_log_chg,term_spread_daily_chg,L1.vix_daily_log_chg,0.01483405442002543,0.6923104852684044,0.48874236679683114,1418,1,-55.79243385449665,-55.58482302826452,-55.714873704953135
var_stablecoin_supply_daily_log_chg,term_spread_daily_chg,L1.hy_spread_daily_chg,0.0016745735059900705,0.09667823126464076,0.9229819277699829,1418,1,-55.79243385449665,-55.58482302826452,-55.714873704953135
var_stablecoin_supply_daily_log_chg,term_spread_daily_chg,L1.ig_spread_daily_chg,-0.021599908757691993,-0.39690965339016326,0.6914340853196563,1418,1,-55.79243385449665,-55.58482302826452,-55.714873704953135
var_stablecoin_supply_daily_log_chg,term_spread_daily_chg,L1.term_spread_daily_chg,-0.062300369165649155,-2.3327471684580883,0.019661418988120075,1418,1,-55.79243385449665,-55.58482302826452,-55.714873704953135
var_stablecoin_supply_daily_log_chg,term_spread_daily_chg,L1.usd_strength_daily_log_chg,0.5035534034835978,1.3454496229041255,0.17848007944367794,1418,1,-55.79243385449665,-55.58482302826452,-55.714873704953135
var_stablecoin_supply_daily_log_chg,usd_strength_daily_log_chg,const,4.5336319242844854e-05,0.508003520638077,0.6114508742012074,1418,1,-55.79243385449665,-55.58482302826452,-55.714873704953135
var_stablecoin_supply_daily_log_chg,usd_strength_daily_log_chg,L1.stablecoin_supply_daily_log_chg,-0.009851491291515631,-0.7381020168540458,0.4604524582650483,1418,1,-55.79243385449665,-55.58482302826452,-55.714873704953135
var_stablecoin_supply_daily_log_chg,usd_strength_daily_log_chg,L1.sp500_daily_log_ret,-0.06563082556981317,-6.127819323588946,8.909167065000338e-10,1418,1,-55.79243385449665,-55.58482302826452,-55.714873704953135
var_stablecoin_supply_daily_log_chg,usd_strength_daily_log_chg,L1.vix_daily_log_chg,0.0012874158156340205,0.8078247760710086,0.41919146017419984,1418,1,-55.79243385449665,-55.58482302826452,-55.714873704953135
var_stablecoin_supply_daily_log_chg,usd_strength_daily_log_chg,L1.hy_spread_daily_chg,-0.0058589208284688275,-4.547779478028863,5.4214899246463725e-06,1418,1,-55.79243385449665,-55.58482302826452,-55.714873704953135
var_stablecoin_supply_daily_log_chg,usd_strength_daily_log_chg,L1.ig_spread_daily_chg,0.021409692985819642,5.289412926369383,1.2270958126394572e-07,1418,1,-55.79243385449665,-55.58482302826452,-55.714873704953135
var_stablecoin_supply_daily_log_chg,usd_strength_daily_log_chg,L1.term_spread_daily_chg,-0.0014429271125503173,-0.7264048451514918,0.4675906218148127,1418,1,-55.79243385449665,-55.58482302826452,-55.714873704953135
var_stablecoin_supply_daily_log_chg,usd_strength_daily_log_chg,L1.usd_strength_daily_log_chg,-0.03771020736337238,-1.354684350318565,0.1755181460369044,1418,1,-55.79243385449665,-55.58482302826452,-55.714873704953135
var_stablecoin_exchange_netflow_scaled,stablecoin_exchange_netflow_scaled,const,0.0009310507260148634,4.224703730414621,2.392553246228348e-05,1418,1,-55.190275953747125,-54.982665127515,-55.11271580420361
var_stablecoin_exchange_netflow_scaled,stablecoin_exchange_netflow_scaled,L1.stablecoin_exchange_netflow_scaled,0.003286599566600356,0.12295401555081338,0.9021435118555956,1418,1,-55.190275953747125,-54.982665127515,-55.11271580420361
var_stablecoin_exchange_netflow_scaled,stablecoin_exchange_netflow_scaled,L1.sp500_daily_log_ret,-0.014082767647546388,-0.5085180668197096,0.611090072164403,1418,1,-55.190275953747125,-54.982665127515,-55.11271580420361
var_stablecoin_exchange_netflow_scaled,stablecoin_exchange_netflow_scaled,L1.vix_daily_log_chg,-0.004745355647036223,-1.1479422019827799,0.25099242480794437,1418,1,-55.190275953747125,-54.982665127515,-55.11271580420361
var_stablecoin_exchange_netflow_scaled,stablecoin_exchange_netflow_scaled,L1.hy_spread_daily_chg,-0.002327351123571568,-0.6979862183177432,0.4851858129163481,1418,1,-55.190275953747125,-54.982665127515,-55.11271580420361
var_stablecoin_exchange_netflow_scaled,stablecoin_exchange_netflow_scaled,L1.ig_spread_daily_chg,0.022787102566337335,2.1756681952060437,0.02958008002957274,1418,1,-55.190275953747125,-54.982665127515,-55.11271580420361
var_stablecoin_exchange_netflow_scaled,stablecoin_exchange_netflow_scaled,L1.term_spread_daily_chg,0.007296655824845331,1.4186545088356723,0.1559997658753241,1418,1,-55.190275953747125,-54.982665127515,-55.11271580420361
var_stablecoin_exchange_netflow_scaled,stablecoin_exchange_netflow_scaled,L1.usd_strength_daily_log_chg,0.034363221465304544,0.4771497387926215,0.6332554984701726,1418,1,-55.190275953747125,-54.982665127515,-55.11271580420361
var_stablecoin_exchange_netflow_scaled,sp500_daily_log_ret,const,0.0007361117146132441,2.118043429619925,0.03417138978327806,1418,1,-55.190275953747125,-54.982665127515,-55.11271580420361
var_stablecoin_exchange_netflow_scaled,sp500_daily_log_ret,L1.stablecoin_exchange_netflow_scaled,-0.03042403896608309,-0.7217403875545995,0.47045410618914185,1418,1,-55.190275953747125,-54.982665127515,-55.11271580420361
var_stablecoin_exchange_netflow_scaled,sp500_daily_log_ret,L1.sp500_daily_log_ret,-0.3375046805733738,-7.727987128581166,1.0926038911505392e-14,1418,1,-55.190275953747125,-54.982665127515,-55.11271580420361
var_stablecoin_exchange_netflow_scaled,sp500_daily_log_ret,L1.vix_daily_log_chg,-0.03222246175012302,-4.942858623231011,7.698531254051988e-07,1418,1,-55.190275953747125,-54.982665127515,-55.11271580420361
var_stablecoin_exchange_netflow_scaled,sp500_daily_log_ret,L1.hy_spread_daily_chg,0.008494139734919047,1.615372018800028,0.10623015598575164,1418,1,-55.190275953747125,-54.982665127515,-55.11271580420361
var_stablecoin_exchange_netflow_scaled,sp500_daily_log_ret,L1.ig_spread_daily_chg,-0.0856391265854845,-5.184943185255338,2.1608072653825495e-07,1418,1,-55.190275953747125,-54.982665127515,-55.11271580420361
var_stablecoin_exchange_netflow_scaled,sp500_daily_log_ret,L1.term_spread_daily_chg,0.013544423024327373,1.6698655574375008,0.09494596617965995,1418,1,-55.190275953747125,-54.982665127515,-55.11271580420361
var_stablecoin_exchange_netflow_scaled,sp500_daily_log_ret,L1.usd_strength_daily_log_chg,0.24605998503275175,2.166556549892672,0.030268683510533665,1418,1,-55.190275953747125,-54.982665127515,-55.11271580420361
var_stablecoin_exchange_netflow_scaled,vix_daily_log_chg,const,-0.002054967983885046,-0.9813352852919836,0.32642742775456335,1418,1,-55.190275953747125,-54.982665127515,-55.11271580420361
var_stablecoin_exchange_netflow_scaled,vix_daily_log_chg,L1.stablecoin_exchange_netflow_scaled,-0.014517974472262773,-0.05715989092411108,0.9544178283004799,1418,1,-55.190275953747125,-54.982665127515,-55.11271580420361
var_stablecoin_exchange_netflow_scaled,vix_daily_log_chg,L1.sp500_daily_log_ret,1.0073760973316135,3.8282426286354934,0.00012906149557921482,1418,1,-55.190275953747125,-54.982665127515,-55.11271580420361
var_stablecoin_exchange_netflow_scaled,vix_daily_log_chg,L1.vix_daily_log_chg,0.03950943049983931,1.0058690950322706,0.31447854445113954,1418,1,-55.190275953747125,-54.982665127515,-55.11271580420361
var_stablecoin_exchange_netflow_scaled,vix_daily_log_chg,L1.hy_spread_daily_chg,0.06105052675067433,1.9269204826903317,0.05398954044225055,1418,1,-55.190275953747125,-54.982665127515,-55.11271580420361
var_stablecoin_exchange_netflow_scaled,vix_daily_log_chg,L1.ig_spread_daily_chg,-0.033334215114667526,-0.3349525044387913,0.7376609145991522,1418,1,-55.190275953747125,-54.982665127515,-55.11271580420361
var_stablecoin_exchange_netflow_scaled,vix_daily_log_chg,L1.term_spread_daily_chg,-0.05733959536350225,-1.1732669704851628,0.24068876322363442,1418,1,-55.190275953747125,-54.982665127515,-55.11271580420361
var_stablecoin_exchange_netflow_scaled,vix_daily_log_chg,L1.usd_strength_daily_log_chg,-1.566786981057396,-2.289603146307667,0.022044332444127148,1418,1,-55.190275953747125,-54.982665127515,-55.11271580420361
var_stablecoin_exchange_netflow_scaled,hy_spread_daily_chg,const,-3.6351705655253555e-05,-0.01181701899117549,0.9905716024260222,1418,1,-55.190275953747125,-54.982665127515,-55.11271580420361
var_stablecoin_exchange_netflow_scaled,hy_spread_daily_chg,L1.stablecoin_exchange_netflow_scaled,0.07669623254387248,0.2055560102532546,0.837137742369529,1418,1,-55.190275953747125,-54.982665127515,-55.11271580420361
var_stablecoin_exchange_netflow_scaled,hy_spread_daily_chg,L1.sp500_daily_log_ret,-1.052426895871498,-2.722516603646348,0.006478677779373615,1418,1,-55.190275953747125,-54.982665127515,-55.11271580420361
var_stablecoin_exchange_netflow_scaled,hy_spread_daily_chg,L1.vix_daily_log_chg,0.047495963691918275,0.8231295341509034,0.41043433523108586,1418,1,-55.190275953747125,-54.982665127515,-55.11271580420361
var_stablecoin_exchange_netflow_scaled,hy_spread_daily_chg,L1.hy_spread_daily_chg,-0.20053653539401062,-4.308624739828647,1.6427281775889826e-05,1418,1,-55.190275953747125,-54.982665127515,-55.11271580420361
var_stablecoin_exchange_netflow_scaled,hy_spread_daily_chg,L1.ig_spread_daily_chg,1.350737577431353,9.239208401652956,2.483275437262035e-20,1418,1,-55.190275953747125,-54.982665127515,-55.11271580420361
var_stablecoin_exchange_netflow_scaled,hy_spread_daily_chg,L1.term_spread_daily_chg,-0.058668972309520416,-0.8171870716041691,0.413821529611894,1418,1,-55.190275953747125,-54.982665127515,-55.11271580420361
var_stablecoin_exchange_netflow_scaled,hy_spread_daily_chg,L1.usd_strength_daily_log_chg,0.37486984665929635,0.3729078735426317,0.7092170117915586,1418,1,-55.190275953747125,-54.982665127515,-55.11271580420361
var_stablecoin_exchange_netflow_scaled,ig_spread_daily_chg,const,-9.899830909855516e-06,-0.013782827035311706,0.9890032432743139,1418,1,-55.190275953747125,-54.982665127515,-55.11271580420361
var_stablecoin_exchange_netflow_scaled,ig_spread_daily_chg,L1.stablecoin_exchange_netflow_scaled,0.10189840363393209,1.169636513892708,0.24214727660216673,1418,1,-55.190275953747125,-54.982665127515,-55.11271580420361
var_stablecoin_exchange_netflow_scaled,ig_spread_daily_chg,L1.sp500_daily_log_ret,-0.3259014549327218,-3.6107073236501788,0.00030536309493622317,1418,1,-55.190275953747125,-54.982665127515,-55.11271580420361
var_stablecoin_exchange_netflow_scaled,ig_spread_daily_chg,L1.vix_daily_log_chg,-0.0027862394993089165,-0.20680322844064114,0.8361635347255187,1418,1,-55.190275953747125,-54.982665127515,-55.11271580420361
var_stablecoin_exchange_netflow_scaled,ig_spread_daily_chg,L1.hy_spread_daily_chg,-0.08206190511178166,-7.551168255563922,4.3137111864615965e-14,1418,1,-55.190275953747125,-54.982665127515,-55.11271580420361
var_stablecoin_exchange_netflow_scaled,ig_spread_daily_chg,L1.ig_spread_daily_chg,0.733902325960245,21.499553182126864,1.5719401504484037e-102,1418,1,-55.190275953747125,-54.982665127515,-55.11271580420361
var_stablecoin_exchange_netflow_scaled,ig_spread_daily_chg,L1.term_spread_daily_chg,0.04067859808267864,2.4266457019851964,0.015239129821629858,1418,1,-55.190275953747125,-54.982665127515,-55.11271580420361
var_stablecoin_exchange_netflow_scaled,ig_spread_daily_chg,L1.usd_strength_daily_log_chg,0.26735831307596175,1.1390482622029068,0.25468302504020834,1418,1,-55.190275953747125,-54.982665127515,-55.11271580420361
var_stablecoin_exchange_netflow_scaled,term_spread_daily_chg,const,0.00015968015610174743,0.1394845927884066,0.8890672300949377,1418,1,-55.190275953747125,-54.982665127515,-55.11271580420361
var_stablecoin_exchange_netflow_scaled,term_spread_daily_chg,L1.stablecoin_exchange_netflow_scaled,-0.02048860162605569,-0.14755727175946376,0.8826921780634293,1418,1,-55.190275953747125,-54.982665127515,-55.11271580420361
var_stablecoin_exchange_netflow_scaled,term_spread_daily_chg,L1.sp500_daily_log_ret,-0.14758220532630945,-1.0258993258700284,0.30493904045432396,1418,1,-55.190275953747125,-54.982665127515,-55.11271580420361
var_stablecoin_exchange_netflow_scaled,term_spread_daily_chg,L1.vix_daily_log_chg,0.015171564955306603,0.7065355384138942,0.4798551601972135,1418,1,-55.190275953747125,-54.982665127515,-55.11271580420361
var_stablecoin_exchange_netflow_scaled,term_spread_daily_chg,L1.hy_spread_daily_chg,0.0017862863530411638,0.10313080166697298,0.9178591591598969,1418,1,-55.190275953747125,-54.982665127515,-55.11271580420361
var_stablecoin_exchange_netflow_scaled,term_spread_daily_chg,L1.ig_spread_daily_chg,-0.01999619354939303,-0.36753885922465296,0.7132171114627346,1418,1,-55.190275953747125,-54.982665127515,-55.11271580420361
var_stablecoin_exchange_netflow_scaled,term_spread_daily_chg,L1.term_spread_daily_chg,-0.06229781954214228,-2.3317286171636713,0.019714972353582782,1418,1,-55.190275953747125,-54.982665127515,-55.11271580420361
var_stablecoin_exchange_netflow_scaled,term_spread_daily_chg,L1.usd_strength_daily_log_chg,0.5005272485450099,1.3379531917947718,0.18091169589596656,1418,1,-55.190275953747125,-54.982665127515,-55.11271580420361
var_stablecoin_exchange_netflow_scaled,usd_strength_daily_log_chg,const,3.0346882192517836e-05,0.3563962464539877,0.7215438399783954,1418,1,-55.190275953747125,-54.982665127515,-55.11271580420361
var_stablecoin_exchange_netflow_scaled,usd_strength_daily_log_chg,L1.stablecoin_exchange_netflow_scaled,-0.006503061888416296,-0.6296655572101831,0.5289134218118403,1418,1,-55.190275953747125,-54.982665127515,-55.11271580420361
var_stablecoin_exchange_netflow_scaled,usd_strength_daily_log_chg,L1.sp500_daily_log_ret,-0.0658162226107666,-6.151024462730404,7.698404266212616e-10,1418,1,-55.190275953747125,-54.982665127515,-55.11271580420361
var_stablecoin_exchange_netflow_scaled,usd_strength_daily_log_chg,L1.vix_daily_log_chg,0.0013327783340348048,0.8344595842802873,0.4040220529254862,1418,1,-55.190275953747125,-54.982665127515,-55.11271580420361
var_stablecoin_exchange_netflow_scaled,usd_strength_daily_log_chg,L1.hy_spread_daily_chg,-0.005864058888269971,-4.551760352262856,5.319891246452307e-06,1418,1,-55.190275953747125,-54.982665127515,-55.11271580420361
var_stablecoin_exchange_netflow_scaled,usd_strength_daily_log_chg,L1.ig_spread_daily_chg,0.0213683123654647,5.280437507124952,1.2887577636369377e-07,1418,1,-55.190275953747125,-54.982665127515,-55.11271580420361
var_stablecoin_exchange_netflow_scaled,usd_strength_daily_log_chg,L1.term_spread_daily_chg,-0.0015079195561200716,-0.7587995808502611,0.4479724564352525,1418,1,-55.190275953747125,-54.982665127515,-55.11271580420361
var_stablecoin_exchange_netflow_scaled,usd_strength_daily_log_chg,L1.usd_strength_daily_log_chg,-0.03698920418908745,-1.3293273331015636,0.1837400003604499,1418,1,-55.190275953747125,-54.982665127515,-55.11271580420361
var_btc_eth_open_interest_daily_log_chg,btc_eth_open_interest_daily_log_chg,const,0.001470377960003466,1.1438145976504972,0.2527005346264325,1418,1,-51.759637492142716,-51.55202666591059,-51.6820773425992
var_btc_eth_open_interest_daily_log_chg,btc_eth_open_interest_daily_log_chg,L1.btc_eth_open_interest_daily_log_chg,-0.020389761512204112,-0.727005522274891,0.46722257284990354,1418,1,-51.759637492142716,-51.55202666591059,-51.6820773425992
var_btc_eth_open_interest_daily_log_chg,btc_eth_open_interest_daily_log_chg,L1.sp500_daily_log_ret,0.012024765384943532,0.07391255590778574,0.9410799650085627,1418,1,-51.759637492142716,-51.55202666591059,-51.6820773425992
var_btc_eth_open_interest_daily_log_chg,btc_eth_open_interest_daily_log_chg,L1.vix_daily_log_chg,-0.04280378217186363,-1.7597629271470145,0.07844801130936441,1418,1,-51.759637492142716,-51.55202666591059,-51.6820773425992
var_btc_eth_open_interest_daily_log_chg,btc_eth_open_interest_daily_log_chg,L1.hy_spread_daily_chg,0.02738374365278752,1.39967267282176,0.1616113606660523,1418,1,-51.759637492142716,-51.55202666591059,-51.6820773425992
var_btc_eth_open_interest_daily_log_chg,btc_eth_open_interest_daily_log_chg,L1.ig_spread_daily_chg,-0.21262518650766646,-3.4658156440531207,0.0005286256163331949,1418,1,-51.759637492142716,-51.55202666591059,-51.6820773425992
var_btc_eth_open_interest_daily_log_chg,btc_eth_open_interest_daily_log_chg,L1.term_spread_daily_chg,0.00517187154839221,0.1712793920968434,0.8640040837356415,1418,1,-51.759637492142716,-51.55202666591059,-51.6820773425992
var_btc_eth_open_interest_daily_log_chg,btc_eth_open_interest_daily_log_chg,L1.usd_strength_daily_log_chg,0.5505163110395396,1.297834319211985,0.19434427377887964,1418,1,-51.759637492142716,-51.55202666591059,-51.6820773425992
var_btc_eth_open_interest_daily_log_chg,sp500_daily_log_ret,const,0.0007105532049819511,2.0563178234071393,0.039751891411396144,1418,1,-51.759637492142716,-51.55202666591059,-51.6820773425992
var_btc_eth_open_interest_daily_log_chg,sp500_daily_log_ret,L1.btc_eth_open_interest_daily_log_chg,-0.0021639503904067048,-0.28703830076781617,0.7740829938204732,1418,1,-51.759637492142716,-51.55202666591059,-51.6820773425992
var_btc_eth_open_interest_daily_log_chg,sp500_daily_log_ret,L1.sp500_daily_log_ret,-0.33873071574098723,-7.7457446427363505,9.502330738450678e-15,1418,1,-51.759637492142716,-51.55202666591059,-51.6820773425992
var_btc_eth_open_interest_daily_log_chg,sp500_daily_log_ret,L1.vix_daily_log_chg,-0.032732955184104295,-5.006384733221071,5.546184849649498e-07,1418,1,-51.759637492142716,-51.55202666591059,-51.6820773425992
var_btc_eth_open_interest_daily_log_chg,sp500_daily_log_ret,L1.hy_spread_daily_chg,0.008432612391329974,1.6034771955153198,0.1088293399257466,1418,1,-51.759637492142716,-51.55202666591059,-51.6820773425992
var_btc_eth_open_interest_daily_log_chg,sp500_daily_log_ret,L1.ig_spread_daily_chg,-0.08654601909786895,-5.248133005157447,1.5364835598627155e-07,1418,1,-51.759637492142716,-51.55202666591059,-51.6820773425992
var_btc_eth_open_interest_daily_log_chg,sp500_daily_log_ret,L1.term_spread_daily_chg,0.01383906134356232,1.7050259922381479,0.08818957687899488,1418,1,-51.759637492142716,-51.55202666591059,-51.6820773425992
var_btc_eth_open_interest_daily_log_chg,sp500_daily_log_ret,L1.usd_strength_daily_log_chg,0.2427991136317696,2.129428914062228,0.03321879037087927,1418,1,-51.759637492142716,-51.55202666591059,-51.6820773425992
var_btc_eth_open_interest_daily_log_chg,vix_daily_log_chg,const,-0.002059704812291026,-0.9894458711664053,0.32244504079333913,1418,1,-51.759637492142716,-51.55202666591059,-51.6820773425992
var_btc_eth_open_interest_daily_log_chg,vix_daily_log_chg,L1.btc_eth_open_interest_daily_log_chg,-0.00832957507206425,-0.18340400567368273,0.8544810331034369,1418,1,-51.759637492142716,-51.55202666591059,-51.6820773425992
var_btc_eth_open_interest_daily_log_chg,vix_daily_log_chg,L1.sp500_daily_log_ret,1.0105369311846601,3.835784546915286,0.00012516409873991022,1418,1,-51.759637492142716,-51.55202666591059,-51.6820773425992
var_btc_eth_open_interest_daily_log_chg,vix_daily_log_chg,L1.vix_daily_log_chg,0.038626748012754786,0.9806647655080871,0.32675808467053835,1418,1,-51.759637492142716,-51.55202666591059,-51.6820773425992
var_btc_eth_open_interest_daily_log_chg,vix_daily_log_chg,L1.hy_spread_daily_chg,0.06097365860559109,1.9245815766315073,0.05428172608217183,1418,1,-51.759637492142716,-51.55202666591059,-51.6820773425992
var_btc_eth_open_interest_daily_log_chg,vix_daily_log_chg,L1.ig_spread_daily_chg,-0.03421007306411455,-0.34435402074848687,0.7305800628374919,1418,1,-51.759637492142716,-51.55202666591059,-51.6820773425992
var_btc_eth_open_interest_daily_log_chg,vix_daily_log_chg,L1.term_spread_daily_chg,-0.05684009805323325,-1.1624455191753293,0.24505454255850523,1418,1,-51.759637492142716,-51.55202666591059,-51.6820773425992
var_btc_eth_open_interest_daily_log_chg,vix_daily_log_chg,L1.usd_strength_daily_log_chg,-1.5779477725218476,-2.2972173846816095,0.021606371885144714,1418,1,-51.759637492142716,-51.55202666591059,-51.6820773425992
var_btc_eth_open_interest_daily_log_chg,hy_spread_daily_chg,const,1.3591811193867969e-05,0.004444647452237692,0.9964536960957928,1418,1,-51.759637492142716,-51.55202666591059,-51.6820773425992
var_btc_eth_open_interest_daily_log_chg,hy_spread_daily_chg,L1.btc_eth_open_interest_daily_log_chg,0.01962685607794884,0.2941776243731507,0.7686221777189605,1418,1,-51.759637492142716,-51.55202666591059,-51.6820773425992
var_btc_eth_open_interest_daily_log_chg,hy_spread_daily_chg,L1.sp500_daily_log_ret,-1.0566112049490224,-2.730172927286526,0.006330111130063518,1418,1,-51.759637492142716,-51.55202666591059,-51.6820773425992
var_btc_eth_open_interest_daily_log_chg,hy_spread_daily_chg,L1.vix_daily_log_chg,0.05002405722289974,0.864538357062392,0.3872922187510298,1418,1,-51.759637492142716,-51.55202666591059,-51.6820773425992
var_btc_eth_open_interest_daily_log_chg,hy_spread_daily_chg,L1.hy_spread_daily_chg,-0.20028916321470988,-4.3035261879679405,1.681009676143849e-05,1418,1,-51.759637492142716,-51.55202666591059,-51.6820773425992
var_btc_eth_open_interest_daily_log_chg,hy_spread_daily_chg,L1.ig_spread_daily_chg,1.3538843337063142,9.276959231792327,1.7438416006821396e-20,1418,1,-51.759637492142716,-51.55202666591059,-51.6820773425992
var_btc_eth_open_interest_daily_log_chg,hy_spread_daily_chg,L1.term_spread_daily_chg,-0.060108762215422405,-0.836813162754796,0.40269759742970535,1418,1,-51.759637492142716,-51.55202666591059,-51.6820773425992
var_btc_eth_open_interest_daily_log_chg,hy_spread_daily_chg,L1.usd_strength_daily_log_chg,0.40174397340601636,0.3981362933061213,0.6905297228228913,1418,1,-51.759637492142716,-51.55202666591059,-51.6820773425992
var_btc_eth_open_interest_daily_log_chg,ig_spread_daily_chg,const,5.100417057740096e-05,0.0714993293771965,0.943000358273218,1418,1,-51.759637492142716,-51.55202666591059,-51.6820773425992
var_btc_eth_open_interest_daily_log_chg,ig_spread_daily_chg,L1.btc_eth_open_interest_daily_log_chg,0.031408325462964105,2.0180874170720955,0.04358215791616341,1418,1,-51.759637492142716,-51.55202666591059,-51.6820773425992
var_btc_eth_open_interest_daily_log_chg,ig_spread_daily_chg,L1.sp500_daily_log_ret,-0.33419795935654384,-3.7018177282914304,0.00021406037901528345,1418,1,-51.759637492142716,-51.55202666591059,-51.6820773425992
var_btc_eth_open_interest_daily_log_chg,ig_spread_daily_chg,L1.vix_daily_log_chg,0.001039576924158004,0.07701907138011667,0.9386083732637794,1418,1,-51.759637492142716,-51.55202666591059,-51.6820773425992
var_btc_eth_open_interest_daily_log_chg,ig_spread_daily_chg,L1.hy_spread_daily_chg,-0.08169853137234301,-7.525191234153066,5.264321703939005e-14,1418,1,-51.759637492142716,-51.55202666591059,-51.6820773425992
var_btc_eth_open_interest_daily_log_chg,ig_spread_daily_chg,L1.ig_spread_daily_chg,0.7384068858769528,21.689828418490645,2.5593979150068568e-104,1418,1,-51.759637492142716,-51.55202666591059,-51.6820773425992
var_btc_eth_open_interest_daily_log_chg,ig_spread_daily_chg,L1.term_spread_daily_chg,0.038503437154165994,2.2978755886319804,0.021568871033858388,1418,1,-51.759637492142716,-51.55202666591059,-51.6820773425992
var_btc_eth_open_interest_daily_log_chg,ig_spread_daily_chg,L1.usd_strength_daily_log_chg,0.3100817146341046,1.3173308071690268,0.187727763034078,1418,1,-51.759637492142716,-51.55202666591059,-51.6820773425992
var_btc_eth_open_interest_daily_log_chg,term_spread_daily_chg,const,0.00017334825770456597,0.15240951108517645,0.878863955952579,1418,1,-51.759637492142716,-51.55202666591059,-51.6820773425992
var_btc_eth_open_interest_daily_log_chg,term_spread_daily_chg,L1.btc_eth_open_interest_daily_log_chg,-0.03166502251910597,-1.2760606110839081,0.20193409406731266,1418,1,-51.759637492142716,-51.55202666591059,-51.6820773425992
var_btc_eth_open_interest_daily_log_chg,term_spread_daily_chg,L1.sp500_daily_log_ret,-0.13290077364375646,-0.9232834617627405,0.3558595041412642,1418,1,-51.759637492142716,-51.55202666591059,-51.6820773425992
var_btc_eth_open_interest_daily_log_chg,term_spread_daily_chg,L1.vix_daily_log_chg,0.01218213230282391,0.5660584386538084,0.5713540550819906,1418,1,-51.759637492142716,-51.55202666591059,-51.6820773425992
var_btc_eth_open_interest_daily_log_chg,term_spread_daily_chg,L1.hy_spread_daily_chg,0.0015481793522248884,0.08943775150980503,0.9287340223066061,1418,1,-51.759637492142716,-51.55202666591059,-51.6820773425992
var_btc_eth_open_interest_daily_log_chg,term_spread_daily_chg,L1.ig_spread_daily_chg,-0.02244125803530167,-0.41343180920353645,0.6792902733590532,1418,1,-51.759637492142716,-51.55202666591059,-51.6820773425992
var_btc_eth_open_interest_daily_log_chg,term_spread_daily_chg,L1.term_spread_daily_chg,-0.06061363889390452,-2.2687867578396563,0.02328129664087734,1418,1,-51.759637492142716,-51.55202666591059,-51.6820773425992
var_btc_eth_open_interest_daily_log_chg,term_spread_daily_chg,L1.usd_strength_daily_log_chg,0.45856984993544936,1.2218573310285508,0.22176158363288512,1418,1,-51.759637492142716,-51.55202666591059,-51.6820773425992
var_btc_eth_open_interest_daily_log_chg,usd_strength_daily_log_chg,const,2.2857769256635274e-05,0.270063630022792,0.7871113018366421,1418,1,-51.759637492142716,-51.55202666591059,-51.6820773425992
var_btc_eth_open_interest_daily_log_chg,usd_strength_daily_log_chg,L1.btc_eth_open_interest_daily_log_chg,0.0015193942079191301,0.8228139311528996,0.410613813205996,1418,1,-51.759637492142716,-51.55202666591059,-51.6820773425992
var_btc_eth_open_interest_daily_log_chg,usd_strength_daily_log_chg,L1.sp500_daily_log_ret,-0.06709570607875767,-6.263858557430278,3.7556615981074447e-10,1418,1,-51.759637492142716,-51.55202666591059,-51.6820773425992
var_btc_eth_open_interest_daily_log_chg,usd_strength_daily_log_chg,L1.vix_daily_log_chg,0.0013972429294570364,0.87246807738094,0.38295307580521587,1418,1,-51.759637492142716,-51.55202666591059,-51.6820773425992
var_btc_eth_open_interest_daily_log_chg,usd_strength_daily_log_chg,L1.hy_spread_daily_chg,-0.005864306509721263,-4.552562644067465,5.299637299405967e-06,1418,1,-51.759637492142716,-51.55202666591059,-51.6820773425992
var_btc_eth_open_interest_daily_log_chg,usd_strength_daily_log_chg,L1.ig_spread_daily_chg,0.021294817059199896,5.2719377026206935,1.3499090213658532e-07,1418,1,-51.759637492142716,-51.55202666591059,-51.6820773425992
var_btc_eth_open_interest_daily_log_chg,usd_strength_daily_log_chg,L1.term_spread_daily_chg,-0.0015424222884548838,-0.7758294859939907,0.43784967161238464,1418,1,-51.759637492142716,-51.55202666591059,-51.6820773425992
var_btc_eth_open_interest_daily_log_chg,usd_strength_daily_log_chg,L1.usd_strength_daily_log_chg,-0.03507745671675206,-1.2559801237640031,0.20912317654618684,1418,1,-51.759637492142716,-51.55202666591059,-51.6820773425992
var_btc_eth_funding_rate_avg,btc_eth_funding_rate_avg,const,0.0024703421311148576,6.3179836435773,2.6499805349760864e-10,1418,1,-54.321137033113246,-54.11352620688112,-54.24357688356973
var_btc_eth_funding_rate_avg,btc_eth_funding_rate_avg,L1.btc_eth_funding_rate_avg,0.782286896219909,48.03983976607124,0.0,1418,1,-54.321137033113246,-54.11352620688112,-54.24357688356973
var_btc_eth_funding_rate_avg,btc_eth_funding_rate_avg,L1.sp500_daily_log_ret,0.2172640326759378,5.078308724232182,3.8080954924432066e-07,1418,1,-54.321137033113246,-54.11352620688112,-54.24357688356973
var_btc_eth_funding_rate_avg,btc_eth_funding_rate_avg,L1.vix_daily_log_chg,-0.003131536709941457,-0.4906389423079602,0.6236818382500087,1418,1,-54.321137033113246,-54.11352620688112,-54.24357688356973
var_btc_eth_funding_rate_avg,btc_eth_funding_rate_avg,L1.hy_spread_daily_chg,0.009282834236343573,1.7987505093687541,0.07205815517350886,1418,1,-54.321137033113246,-54.11352620688112,-54.24357688356973
var_btc_eth_funding_rate_avg,btc_eth_funding_rate_avg,L1.ig_spread_daily_chg,-0.012861383834838999,-0.793697220838688,0.4273717185582413,1418,1,-54.321137033113246,-54.11352620688112,-54.24357688356973
var_btc_eth_funding_rate_avg,btc_eth_funding_rate_avg,L1.term_spread_daily_chg,-0.002861046224555703,-0.35956736395983196,0.7191706931576786,1418,1,-54.321137033113246,-54.11352620688112,-54.24357688356973
var_btc_eth_funding_rate_avg,btc_eth_funding_rate_avg,L1.usd_strength_daily_log_chg,-0.1817129852563234,-1.6290731471424562,0.10329753503694267,1418,1,-54.321137033113246,-54.11352620688112,-54.24357688356973
var_btc_eth_funding_rate_avg,sp500_daily_log_ret,const,0.00026216585455917247,0.6590468213971247,0.509865702718359,1418,1,-54.321137033113246,-54.11352620688112,-54.24357688356973
var_btc_eth_funding_rate_avg,sp500_daily_log_ret,L1.btc_eth_funding_rate_avg,0.03727806121582511,2.2501297543418297,0.024440709797071084,1418,1,-54.321137033113246,-54.11352620688112,-54.24357688356973
var_btc_eth_funding_rate_avg,sp500_daily_log_ret,L1.sp500_daily_log_ret,-0.335477551557422,-7.70749902601669,1.2830728530396698e-14,1418,1,-54.321137033113246,-54.11352620688112,-54.24357688356973
var_btc_eth_funding_rate_avg,sp500_daily_log_ret,L1.vix_daily_log_chg,-0.03245890091149992,-4.998699955656045,5.771813361599374e-07,1418,1,-54.321137033113246,-54.11352620688112,-54.24357688356973
var_btc_eth_funding_rate_avg,sp500_daily_log_ret,L1.hy_spread_daily_chg,0.008667898568153885,1.6509081289761895,0.09875733569803966,1418,1,-54.321137033113246,-54.11352620688112,-54.24357688356973
var_btc_eth_funding_rate_avg,sp500_daily_log_ret,L1.ig_spread_daily_chg,-0.08415824781641995,-5.104845420411478,3.310650256310445e-07,1418,1,-54.321137033113246,-54.11352620688112,-54.24357688356973
var_btc_eth_funding_rate_avg,sp500_daily_log_ret,L1.term_spread_daily_chg,0.013406673877568684,1.656132910901052,0.09769490581735712,1418,1,-54.321137033113246,-54.11352620688112,-54.24357688356973
var_btc_eth_funding_rate_avg,sp500_daily_log_ret,L1.usd_strength_daily_log_chg,0.2560300440249715,2.256130951223527,0.024062431265624313,1418,1,-54.321137033113246,-54.11352620688112,-54.24357688356973
var_btc_eth_funding_rate_avg,vix_daily_log_chg,const,-0.0014210063393060338,-0.5919755842312467,0.5538669381515503,1418,1,-54.321137033113246,-54.11352620688112,-54.24357688356973
var_btc_eth_funding_rate_avg,vix_daily_log_chg,L1.btc_eth_funding_rate_avg,-0.054074857493735404,-0.5409003538777728,0.5885762669833763,1418,1,-54.321137033113246,-54.11352620688112,-54.24357688356973
var_btc_eth_funding_rate_avg,vix_daily_log_chg,L1.sp500_daily_log_ret,0.9999305886963341,3.807040565554602,0.00014063968342775047,1418,1,-54.321137033113246,-54.11352620688112,-54.24357688356973
var_btc_eth_funding_rate_avg,vix_daily_log_chg,L1.vix_daily_log_chg,0.03923364728984392,1.0012662538493133,0.31669810311569535,1418,1,-54.321137033113246,-54.11352620688112,-54.24357688356973
var_btc_eth_funding_rate_avg,vix_daily_log_chg,L1.hy_spread_daily_chg,0.060707024788770735,1.9160889703257233,0.05535377198506638,1418,1,-54.321137033113246,-54.11352620688112,-54.24357688356973
var_btc_eth_funding_rate_avg,vix_daily_log_chg,L1.ig_spread_daily_chg,-0.0369773137447313,-0.3716968714906635,0.7101185545793671,1418,1,-54.321137033113246,-54.11352620688112,-54.24357688356973
var_btc_eth_funding_rate_avg,vix_daily_log_chg,L1.term_spread_daily_chg,-0.056776963460290805,-1.1622885005719872,0.24511829607899271,1418,1,-54.321137033113246,-54.11352620688112,-54.24357688356973
var_btc_eth_funding_rate_avg,vix_daily_log_chg,L1.usd_strength_daily_log_chg,-1.582044639536262,-2.310254063459914,0.02087409250129487,1418,1,-54.321137033113246,-54.11352620688112,-54.24357688356973
var_btc_eth_funding_rate_avg,hy_spread_daily_chg,const,0.005866396376121383,1.6699401823618811,0.0949311991730559,1418,1,-54.321137033113246,-54.11352620688112,-54.24357688356973
var_btc_eth_funding_rate_avg,hy_spread_daily_chg,L1.btc_eth_funding_rate_avg,-0.4873270711518318,-3.3309196070885116,0.000865595969630486,1418,1,-54.321137033113246,-54.11352620688112,-54.24357688356973
var_btc_eth_funding_rate_avg,hy_spread_daily_chg,L1.sp500_daily_log_ret,-1.103585624769362,-2.871080813452241,0.004090709310130839,1418,1,-54.321137033113246,-54.11352620688112,-54.24357688356973
var_btc_eth_funding_rate_avg,hy_spread_daily_chg,L1.vix_daily_log_chg,0.0472000407072074,0.8231045466932151,0.41044854346745907,1418,1,-54.321137033113246,-54.11352620688112,-54.24357688356973
var_btc_eth_funding_rate_avg,hy_spread_daily_chg,L1.hy_spread_daily_chg,-0.20330860748094812,-4.384844732055282,1.1606853716257278e-05,1418,1,-54.321137033113246,-54.11352620688112,-54.24357688356973
var_btc_eth_funding_rate_avg,hy_spread_daily_chg,L1.ig_spread_daily_chg,1.3231955646034295,9.088648670710997,1.00277589024075e-19,1418,1,-54.321137033113246,-54.11352620688112,-54.24357688356973
var_btc_eth_funding_rate_avg,hy_spread_daily_chg,L1.term_spread_daily_chg,-0.05488230126033743,-0.7677075722268567,0.44266093648418503,1418,1,-54.321137033113246,-54.11352620688112,-54.24357688356973
var_btc_eth_funding_rate_avg,hy_spread_daily_chg,L1.usd_strength_daily_log_chg,0.24018064169526718,0.23966286230342343,0.8105916275190292,1418,1,-54.321137033113246,-54.11352620688112,-54.24357688356973
var_btc_eth_funding_rate_avg,ig_spread_daily_chg,const,0.00141025849407767,1.718161358238865,0.0857671876166496,1418,1,-54.321137033113246,-54.11352620688112,-54.24357688356973
var_btc_eth_funding_rate_avg,ig_spread_daily_chg,L1.btc_eth_funding_rate_avg,-0.11088348381444715,-3.2437411347752954,0.0011797090788271188,1418,1,-54.321137033113246,-54.11352620688112,-54.24357688356973
var_btc_eth_funding_rate_avg,ig_spread_daily_chg,L1.sp500_daily_log_ret,-0.3310553329539584,-3.686172735286408,0.00022765186317994952,1418,1,-54.321137033113246,-54.11352620688112,-54.24357688356973
var_btc_eth_funding_rate_avg,ig_spread_daily_chg,L1.vix_daily_log_chg,-0.0019626598851210913,-0.14648507762741797,0.8835384691768792,1418,1,-54.321137033113246,-54.11352620688112,-54.24357688356973
var_btc_eth_funding_rate_avg,ig_spread_daily_chg,L1.hy_spread_daily_chg,-0.08256097142075382,-7.620947329746598,2.5182068945089926e-14,1418,1,-54.321137033113246,-54.11352620688112,-54.24357688356973
var_btc_eth_funding_rate_avg,ig_spread_daily_chg,L1.ig_spread_daily_chg,0.7297880908056815,21.453974659851834,4.1925238591150995e-102,1418,1,-54.321137033113246,-54.11352620688112,-54.24357688356973
var_btc_eth_funding_rate_avg,ig_spread_daily_chg,L1.term_spread_daily_chg,0.04101779789864095,2.455678816262575,0.014061877391951076,1418,1,-54.321137033113246,-54.11352620688112,-54.24357688356973
var_btc_eth_funding_rate_avg,ig_spread_daily_chg,L1.usd_strength_daily_log_chg,0.23785701096522202,1.0158145054185044,0.3097177272153827,1418,1,-54.321137033113246,-54.11352620688112,-54.24357688356973
var_btc_eth_funding_rate_avg,term_spread_daily_chg,const,-0.0006865587722628843,-0.5234161210543326,0.6006847080176166,1418,1,-54.321137033113246,-54.11352620688112,-54.24357688356973
var_btc_eth_funding_rate_avg,term_spread_daily_chg,L1.btc_eth_funding_rate_avg,0.0691409584223172,1.2656652957470316,0.2056329381100438,1418,1,-54.321137033113246,-54.11352620688112,-54.24357688356973
var_btc_eth_funding_rate_avg,term_spread_daily_chg,L1.sp500_daily_log_ret,-0.14106183948480705,-0.9828534985937623,0.3256795471021149,1418,1,-54.321137033113246,-54.11352620688112,-54.24357688356973
var_btc_eth_funding_rate_avg,term_spread_daily_chg,L1.vix_daily_log_chg,0.015112195910179994,0.7057974182135482,0.4803141278676786,1418,1,-54.321137033113246,-54.11352620688112,-54.24357688356973
var_btc_eth_funding_rate_avg,term_spread_daily_chg,L1.hy_spread_daily_chg,0.002164602374301074,0.12503063796449684,0.9004992950642255,1418,1,-54.321137033113246,-54.11352620688112,-54.24357688356973
var_btc_eth_funding_rate_avg,term_spread_daily_chg,L1.ig_spread_daily_chg,-0.016333468362974665,-0.30046477019196105,0.7638226649725285,1418,1,-54.321137033113246,-54.11352620688112,-54.24357688356973
var_btc_eth_funding_rate_avg,term_spread_daily_chg,L1.term_spread_daily_chg,-0.06277563452856298,-2.351768044552822,0.018684422241452146,1418,1,-54.321137033113246,-54.11352620688112,-54.24357688356973
var_btc_eth_funding_rate_avg,term_spread_daily_chg,L1.usd_strength_daily_log_chg,0.5195064063569367,1.3883325672515008,0.16503579964627368,1418,1,-54.321137033113246,-54.11352620688112,-54.24357688356973
var_btc_eth_funding_rate_avg,usd_strength_daily_log_chg,const,9.59244875699979e-05,0.9832663030818364,0.3254763900472538,1418,1,-54.321137033113246,-54.11352620688112,-54.24357688356973
var_btc_eth_funding_rate_avg,usd_strength_daily_log_chg,L1.btc_eth_funding_rate_avg,-0.005974972732957922,-1.4705903044618835,0.14140194756656216,1418,1,-54.321137033113246,-54.11352620688112,-54.24357688356973
var_btc_eth_funding_rate_avg,usd_strength_daily_log_chg,L1.sp500_daily_log_ret,-0.06701519904976332,-6.278051167425092,3.428430980800404e-10,1418,1,-54.321137033113246,-54.11352620688112,-54.24357688356973
var_btc_eth_funding_rate_avg,usd_strength_daily_log_chg,L1.vix_daily_log_chg,0.0012506228164121756,0.7853280905617024,0.4322612300587806,1418,1,-54.321137033113246,-54.11352620688112,-54.24357688356973
var_btc_eth_funding_rate_avg,usd_strength_daily_log_chg,L1.hy_spread_daily_chg,-0.00590965256103811,-4.589575931750943,4.441474121236471e-06,1418,1,-54.321137033113246,-54.11352620688112,-54.24357688356973
var_btc_eth_funding_rate_avg,usd_strength_daily_log_chg,L1.ig_spread_daily_chg,0.020840900174573573,5.154706111118104,2.5402901439727796e-07,1418,1,-54.321137033113246,-54.11352620688112,-54.24357688356973
var_btc_eth_funding_rate_avg,usd_strength_daily_log_chg,L1.term_spread_daily_chg,-0.0014154469188336855,-0.7129667149193424,0.4758663541331728,1418,1,-54.321137033113246,-54.11352620688112,-54.24357688356973
var_btc_eth_funding_rate_avg,usd_strength_daily_log_chg,L1.usd_strength_daily_log_chg,-0.038741518292573315,-1.3920394229145008,0.16391046031506218,1418,1,-54.321137033113246,-54.11352620688112,-54.24357688356973
var_stablecoin_exchange_reserve_daily_log_chg,stablecoin_exchange_reserve_daily_log_chg,const,0.0027516207336452697,4.256761553182124,2.0740935909139228e-05,1418,1,-53.03660445040303,-52.828993624170906,-52.95904430085952
var_stablecoin_exchange_reserve_daily_log_chg,stablecoin_exchange_reserve_daily_log_chg,L1.stablecoin_exchange_reserve_daily_log_chg,-0.01622187972357922,-0.6072375662642218,0.543693265097413,1418,1,-53.03660445040303,-52.828993624170906,-52.95904430085952
var_stablecoin_exchange_reserve_daily_log_chg,stablecoin_exchange_reserve_daily_log_chg,L1.sp500_daily_log_ret,-0.02984121373286192,-0.36738337701738605,0.7133330692372652,1418,1,-53.03660445040303,-52.828993624170906,-52.95904430085952
var_stablecoin_exchange_reserve_daily_log_chg,stablecoin_exchange_reserve_daily_log_chg,L1.vix_daily_log_chg,-0.012497746869035063,-1.030995369288125,0.3025429913491474,1418,1,-53.03660445040303,-52.828993624170906,-52.95904430085952
var_stablecoin_exchange_reserve_daily_log_chg,stablecoin_exchange_reserve_daily_log_chg,L1.hy_spread_daily_chg,-0.0042014765376123826,-0.42952942823232276,0.6675379825165005,1418,1,-53.03660445040303,-52.828993624170906,-52.95904430085952
var_stablecoin_exchange_reserve_daily_log_chg,stablecoin_exchange_reserve_daily_log_chg,L1.ig_spread_daily_chg,0.05878037921317638,1.913637394807673,0.05566650347935045,1418,1,-53.03660445040303,-52.828993624170906,-52.95904430085952
var_stablecoin_exchange_reserve_daily_log_chg,stablecoin_exchange_reserve_daily_log_chg,L1.term_spread_daily_chg,0.019775136965823597,1.310842040598139,0.18991113579590724,1418,1,-53.03660445040303,-52.828993624170906,-52.95904430085952
var_stablecoin_exchange_reserve_daily_log_chg,stablecoin_exchange_reserve_daily_log_chg,L1.usd_strength_daily_log_chg,0.1056807405179902,0.5002273356803909,0.6169150125294379,1418,1,-53.03660445040303,-52.828993624170906,-52.95904430085952
var_stablecoin_exchange_reserve_daily_log_chg,sp500_daily_log_ret,const,0.0007336983087309817,2.111336106937499,0.03474343262898578,1418,1,-53.03660445040303,-52.828993624170906,-52.95904430085952
var_stablecoin_exchange_reserve_daily_log_chg,sp500_daily_log_ret,L1.stablecoin_exchange_reserve_daily_log_chg,-0.009573513102195647,-0.6666193206100672,0.5050153247779332,1418,1,-53.03660445040303,-52.828993624170906,-52.95904430085952
var_stablecoin_exchange_reserve_daily_log_chg,sp500_daily_log_ret,L1.sp500_daily_log_ret,-0.33775416548951587,-7.734866799226487,1.0351142265539589e-14,1418,1,-53.03660445040303,-52.828993624170906,-52.95904430085952
var_stablecoin_exchange_reserve_daily_log_chg,sp500_daily_log_ret,L1.vix_daily_log_chg,-0.03227246318654309,-4.952291627648336,7.334457604357557e-07,1418,1,-53.03660445040303,-52.828993624170906,-52.95904430085952
var_stablecoin_exchange_reserve_daily_log_chg,sp500_daily_log_ret,L1.hy_spread_daily_chg,0.008491340023740029,1.6147909986789606,0.10635596310293892,1418,1,-53.03660445040303,-52.828993624170906,-52.95904430085952
var_stablecoin_exchange_reserve_daily_log_chg,sp500_daily_log_ret,L1.ig_spread_daily_chg,-0.0857452127119261,-5.192616562432882,2.0735896400585511e-07,1418,1,-53.03660445040303,-52.828993624170906,-52.95904430085952
var_stablecoin_exchange_reserve_daily_log_chg,sp500_daily_log_ret,L1.term_spread_daily_chg,0.013588772903555695,1.675560866414128,0.09382423949359982,1418,1,-53.03660445040303,-52.828993624170906,-52.95904430085952
var_stablecoin_exchange_reserve_daily_log_chg,sp500_daily_log_ret,L1.usd_strength_daily_log_chg,0.2458814795669056,2.16494315430392,0.030392038850727946,1418,1,-53.03660445040303,-52.828993624170906,-52.95904430085952
var_stablecoin_exchange_reserve_daily_log_chg,vix_daily_log_chg,const,-0.0020602339480766804,-0.9839863741481399,0.3251222125578488,1418,1,-53.03660445040303,-52.828993624170906,-52.95904430085952
var_stablecoin_exchange_reserve_daily_log_chg,vix_daily_log_chg,L1.stablecoin_exchange_reserve_daily_log_chg,-0.0030150184957261073,-0.03484409827042818,0.9722040566296593,1418,1,-53.03660445040303,-52.828993624170906,-52.95904430085952
var_stablecoin_exchange_reserve_daily_log_chg,vix_daily_log_chg,L1.sp500_daily_log_ret,1.0069183550459402,3.827181613749637,0.00012961888029484994,1418,1,-53.03660445040303,-52.828993624170906,-52.95904430085952
var_stablecoin_exchange_reserve_daily_log_chg,vix_daily_log_chg,L1.vix_daily_log_chg,0.03944160450606552,1.0045264110115248,0.31512494753432096,1418,1,-53.03660445040303,-52.828993624170906,-52.95904430085952
var_stablecoin_exchange_reserve_daily_log_chg,vix_daily_log_chg,L1.hy_spread_daily_chg,0.06104194791338712,1.9266426075911751,0.05402418486745244,1418,1,-53.03660445040303,-52.828993624170906,-52.95904430085952
var_stablecoin_exchange_reserve_daily_log_chg,vix_daily_log_chg,L1.ig_spread_daily_chg,-0.033493451577173136,-0.3366425172860556,0.7363864009063332,1418,1,-53.03660445040303,-52.828993624170906,-52.95904430085952
var_stablecoin_exchange_reserve_daily_log_chg,vix_daily_log_chg,L1.term_spread_daily_chg,-0.057295091057912396,-1.1725464885876395,0.24097771905610998,1418,1,-53.03660445040303,-52.828993624170906,-52.95904430085952
var_stablecoin_exchange_reserve_daily_log_chg,vix_daily_log_chg,L1.usd_strength_daily_log_chg,-1.5669101344057268,-2.289799507791218,0.022032941714487858,1418,1,-53.03660445040303,-52.828993624170906,-52.95904430085952
var_stablecoin_exchange_reserve_daily_log_chg,hy_spread_daily_chg,const,-4.1809074444046636e-05,-0.013593003555529276,0.9891546863101085,1418,1,-53.03660445040303,-52.828993624170906,-52.95904430085952
var_stablecoin_exchange_reserve_daily_log_chg,hy_spread_daily_chg,L1.stablecoin_exchange_reserve_daily_log_chg,0.02849134234416717,0.22414264474021162,0.8226463108181337,1418,1,-53.03660445040303,-52.828993624170906,-52.95904430085952
var_stablecoin_exchange_reserve_daily_log_chg,hy_spread_daily_chg,L1.sp500_daily_log_ret,-1.052748052381839,-2.723839993495076,0.006452776020318745,1418,1,-53.03660445040303,-52.828993624170906,-52.95904430085952
var_stablecoin_exchange_reserve_daily_log_chg,hy_spread_daily_chg,L1.vix_daily_log_chg,0.047498680995904735,0.8234944321974225,0.41022688212389125,1418,1,-53.03660445040303,-52.828993624170906,-52.95904430085952
var_stablecoin_exchange_reserve_daily_log_chg,hy_spread_daily_chg,L1.hy_spread_daily_chg,-0.20054979497950917,-4.3089090814047095,1.6406179010593995e-05,1418,1,-53.03660445040303,-52.828993624170906,-52.95904430085952
var_stablecoin_exchange_reserve_daily_log_chg,hy_spread_daily_chg,L1.ig_spread_daily_chg,1.350700331967236,9.241455977039019,2.4316553537156953e-20,1418,1,-53.03660445040303,-52.828993624170906,-52.95904430085952
var_stablecoin_exchange_reserve_daily_log_chg,hy_spread_daily_chg,L1.term_spread_daily_chg,-0.05871529865706549,-0.8179679031725804,0.4133755150372205,1418,1,-53.03660445040303,-52.828993624170906,-52.95904430085952
var_stablecoin_exchange_reserve_daily_log_chg,hy_spread_daily_chg,L1.usd_strength_daily_log_chg,0.37521332278258773,0.37325355298727336,0.7089597418425642,1418,1,-53.03660445040303,-52.828993624170906,-52.95904430085952
var_stablecoin_exchange_reserve_daily_log_chg,ig_spread_daily_chg,const,-1.1988028929506868e-05,-0.01669296597313062,0.9866815587208638,1418,1,-53.03660445040303,-52.828993624170906,-52.95904430085952
var_stablecoin_exchange_reserve_daily_log_chg,ig_spread_daily_chg,L1.stablecoin_exchange_reserve_daily_log_chg,0.0359044584433293,1.2097644274333579,0.22636929974958342,1418,1,-53.03660445040303,-52.828993624170906,-52.95904430085952
var_stablecoin_exchange_reserve_daily_log_chg,ig_spread_daily_chg,L1.sp500_daily_log_ret,-0.3259031691682361,-3.611491341397491,0.00030444125030461554,1418,1,-53.03660445040303,-52.828993624170906,-52.95904430085952
var_stablecoin_exchange_reserve_daily_log_chg,ig_spread_daily_chg,L1.vix_daily_log_chg,-0.00272746296189616,-0.2025250871959181,0.8395062479991995,1418,1,-53.03660445040303,-52.828993624170906,-52.95904430085952
var_stablecoin_exchange_reserve_daily_log_chg,ig_spread_daily_chg,L1.hy_spread_daily_chg,-0.08207043378050609,-7.552186143232175,4.2801215469152166e-14,1418,1,-53.03660445040303,-52.828993624170906,-52.95904430085952
var_stablecoin_exchange_reserve_daily_log_chg,ig_spread_daily_chg,L1.ig_spread_daily_chg,0.7339891247143929,21.508586296614606,1.2938776363040615e-102,1418,1,-53.03660445040303,-52.828993624170906,-52.95904430085952
var_stablecoin_exchange_reserve_daily_log_chg,ig_spread_daily_chg,L1.term_spread_daily_chg,0.040587761742555746,2.421703331095139,0.015447956162098387,1418,1,-53.03660445040303,-52.828993624170906,-52.95904430085952
var_stablecoin_exchange_reserve_daily_log_chg,ig_spread_daily_chg,L1.usd_strength_daily_log_chg,0.26786230089382235,1.141243044332249,0.2537687963803159,1418,1,-53.03660445040303,-52.828993624170906,-52.95904430085952
var_stablecoin_exchange_reserve_daily_log_chg,term_spread_daily_chg,const,0.00017262947132986776,0.1508194012975328,0.8801181813081388,1418,1,-53.03660445040303,-52.828993624170906,-52.95904430085952
var_stablecoin_exchange_reserve_daily_log_chg,term_spread_daily_chg,L1.stablecoin_exchange_reserve_daily_log_chg,-0.011949710315855712,-0.25261919855528614,0.8005624928136528,1418,1,-53.03660445040303,-52.828993624170906,-52.95904430085952
var_stablecoin_exchange_reserve_daily_log_chg,term_spread_daily_chg,L1.sp500_daily_log_ret,-0.1465504349831556,-1.0189236724503603,0.30823920426223195,1418,1,-53.03660445040303,-52.828993624170906,-52.95904430085952
var_stablecoin_exchange_reserve_daily_log_chg,term_spread_daily_chg,L1.vix_daily_log_chg,0.015293637484572431,0.7125039950954066,0.47615273841132477,1418,1,-53.03660445040303,-52.828993624170906,-52.95904430085952
var_stablecoin_exchange_reserve_daily_log_chg,term_spread_daily_chg,L1.hy_spread_daily_chg,0.00181005805536609,0.10450450380326393,0.9167689943336493,1418,1,-53.03660445040303,-52.828993624170906,-52.95904430085952
var_stablecoin_exchange_reserve_daily_log_chg,term_spread_daily_chg,L1.ig_spread_daily_chg,-0.019682882434525175,-0.36188241983224206,0.7174398977925585,1418,1,-53.03660445040303,-52.828993624170906,-52.95904430085952
var_stablecoin_exchange_reserve_daily_log_chg,term_spread_daily_chg,L1.term_spread_daily_chg,-0.06235063645701583,-2.3341205053979626,0.01958941287349235,1418,1,-53.03660445040303,-52.828993624170906,-52.95904430085952
var_stablecoin_exchange_reserve_daily_log_chg,term_spread_daily_chg,L1.usd_strength_daily_log_chg,0.5005415517379358,1.3380219263476494,0.18088928930132253,1418,1,-53.03660445040303,-52.828993624170906,-52.95904430085952
var_stablecoin_exchange_reserve_daily_log_chg,usd_strength_daily_log_chg,const,3.203106087341558e-05,0.37626409765576035,0.7067205673909489,1418,1,-53.03660445040303,-52.828993624170906,-52.95904430085952
var_stablecoin_exchange_reserve_daily_log_chg,usd_strength_daily_log_chg,L1.stablecoin_exchange_reserve_daily_log_chg,-0.002876929697714298,-0.8177440845139407,0.413503332170691,1418,1,-53.03660445040303,-52.828993624170906,-52.95904430085952
var_stablecoin_exchange_reserve_daily_log_chg,usd_strength_daily_log_chg,L1.sp500_daily_log_ret,-0.06568844191737137,-6.1407679634783925,8.21234717956314e-10,1418,1,-53.03660445040303,-52.828993624170906,-52.95904430085952
var_stablecoin_exchange_reserve_daily_log_chg,usd_strength_daily_log_chg,L1.vix_daily_log_chg,0.0013456004409850252,0.8428917810621495,0.39928897058788804,1418,1,-53.03660445040303,-52.828993624170906,-52.95904430085952
var_stablecoin_exchange_reserve_daily_log_chg,usd_strength_daily_log_chg,L1.hy_spread_daily_chg,-0.005860784368912415,-4.549644175318877,5.373670537506243e-06,1418,1,-53.03660445040303,-52.828993624170906,-52.95904430085952
var_stablecoin_exchange_reserve_daily_log_chg,usd_strength_daily_log_chg,L1.ig_spread_daily_chg,0.02140371532998466,5.291114253321371,1.215733844674831e-07,1418,1,-53.03660445040303,-52.828993624170906,-52.95904430085952
var_stablecoin_exchange_reserve_daily_log_chg,usd_strength_daily_log_chg,L1.term_spread_daily_chg,-0.0015109210037794452,-0.7605071956380584,0.4469514697515521,1418,1,-53.03660445040303,-52.828993624170906,-52.95904430085952
var_stablecoin_exchange_reserve_daily_log_chg,usd_strength_daily_log_chg,L1.usd_strength_daily_log_chg,-0.03700705421140222,-1.3301076678181536,0.18348279950900426,1418,1,-53.03660445040303,-52.828993624170906,-52.95904430085952
var_tradingVol_btc+eth_daily_log_chg,tradingVol_btc+eth_daily_log_chg,const,0.10475041178721063,11.951181072890988,6.400904490507423e-33,1418,1,-47.87887516538534,-47.67126433915321,-47.80131501584182
var_tradingVol_btc+eth_daily_log_chg,tradingVol_btc+eth_daily_log_chg,L1.tradingVol_btc+eth_daily_log_chg,-0.16526704053623734,-6.3306785580856015,2.4408536917688755e-10,1418,1,-47.87887516538534,-47.67126433915321,-47.80131501584182
var_tradingVol_btc+eth_daily_log_chg,tradingVol_btc+eth_daily_log_chg,L1.sp500_daily_log_ret,3.323993516019036,3.1241204784091896,0.0017833741925322908,1418,1,-47.87887516538534,-47.67126433915321,-47.80131501584182
var_tradingVol_btc+eth_daily_log_chg,tradingVol_btc+eth_daily_log_chg,L1.vix_daily_log_chg,0.6087505461530247,3.830741741620354,0.00012775754554260487,1418,1,-47.87887516538534,-47.67126433915321,-47.80131501584182
var_tradingVol_btc+eth_daily_log_chg,tradingVol_btc+eth_daily_log_chg,L1.hy_spread_daily_chg,0.01613428587581369,0.12561823921205315,0.9000341245232305,1418,1,-47.87887516538534,-47.67126433915321,-47.80131501584182
var_tradingVol_btc+eth_daily_log_chg,tradingVol_btc+eth_daily_log_chg,L1.ig_spread_daily_chg,0.5842539278792178,1.4512337220763112,0.1467147897106708,1418,1,-47.87887516538534,-47.67126433915321,-47.80131501584182
var_tradingVol_btc+eth_daily_log_chg,tradingVol_btc+eth_daily_log_chg,L1.term_spread_daily_chg,-0.061721081727506455,-0.31145374403204185,0.7554557022231968,1418,1,-47.87887516538534,-47.67126433915321,-47.80131501584182
var_tradingVol_btc+eth_daily_log_chg,tradingVol_btc+eth_daily_log_chg,L1.usd_strength_daily_log_chg,3.6617294394521163,1.3199055279935328,0.18686656170822913,1418,1,-47.87887516538534,-47.67126433915321,-47.80131501584182
var_tradingVol_btc+eth_daily_log_chg,sp500_daily_log_ret,const,0.0006948511018098811,1.936089576773623,0.052856730905005526,1418,1,-47.87887516538534,-47.67126433915321,-47.80131501584182
var_tradingVol_btc+eth_daily_log_chg,sp500_daily_log_ret,L1.tradingVol_btc+eth_daily_log_chg,0.00014828562473148243,0.13872082804704994,0.8896707588297923,1418,1,-47.87887516538534,-47.67126433915321,-47.80131501584182
var_tradingVol_btc+eth_daily_log_chg,sp500_daily_log_ret,L1.sp500_daily_log_ret,-0.3397411370270453,-7.798199660765126,6.279659960053777e-15,1418,1,-47.87887516538534,-47.67126433915321,-47.80131501584182
var_tradingVol_btc+eth_daily_log_chg,sp500_daily_log_ret,L1.vix_daily_log_chg,-0.03252109436737767,-4.997896642272579,5.795903477436238e-07,1418,1,-47.87887516538534,-47.67126433915321,-47.80131501584182
var_tradingVol_btc+eth_daily_log_chg,sp500_daily_log_ret,L1.hy_spread_daily_chg,0.008455026399343722,1.6076686043372024,0.10790777813941585,1418,1,-47.87887516538534,-47.67126433915321,-47.80131501584182
var_tradingVol_btc+eth_daily_log_chg,sp500_daily_log_ret,L1.ig_spread_daily_chg,-0.08641973595839808,-5.24236510990329,1.5853128066051385e-07,1418,1,-47.87887516538534,-47.67126433915321,-47.80131501584182
var_tradingVol_btc+eth_daily_log_chg,sp500_daily_log_ret,L1.term_spread_daily_chg,0.013688784781456726,1.6869551300918424,0.09161198010129616,1418,1,-47.87887516538534,-47.67126433915321,-47.80131501584182
var_tradingVol_btc+eth_daily_log_chg,sp500_daily_log_ret,L1.usd_strength_daily_log_chg,0.24580637001199,2.163855911360646,0.030475409516738043,1418,1,-47.87887516538534,-47.67126433915321,-47.80131501584182
var_tradingVol_btc+eth_daily_log_chg,vix_daily_log_chg,const,-0.0019361886378652883,-0.8955444576151802,0.37049611146142936,1418,1,-47.87887516538534,-47.67126433915321,-47.80131501584182
var_tradingVol_btc+eth_daily_log_chg,vix_daily_log_chg,L1.tradingVol_btc+eth_daily_log_chg,-0.0014513222065374617,-0.2253783777511199,0.8216849310151402,1418,1,-47.87887516538534,-47.67126433915321,-47.80131501584182
var_tradingVol_btc+eth_daily_log_chg,vix_daily_log_chg,L1.sp500_daily_log_ret,1.0052779346985896,3.8303472821860662,0.00012796253215937876,1418,1,-47.87887516538534,-47.67126433915321,-47.80131501584182
var_tradingVol_btc+eth_daily_log_chg,vix_daily_log_chg,L1.vix_daily_log_chg,0.03913763624956559,0.9984412109551845,0.31806545843786993,1418,1,-47.87887516538534,-47.67126433915321,-47.80131501584182
var_tradingVol_btc+eth_daily_log_chg,vix_daily_log_chg,L1.hy_spread_daily_chg,0.0609464074480476,1.9236916518367773,0.05439324506659159,1418,1,-47.87887516538534,-47.67126433915321,-47.80131501584182
var_tradingVol_btc+eth_daily_log_chg,vix_daily_log_chg,L1.ig_spread_daily_chg,-0.0336541543120881,-0.33889003453563993,0.7346925719943396,1418,1,-47.87887516538534,-47.67126433915321,-47.80131501584182
var_tradingVol_btc+eth_daily_log_chg,vix_daily_log_chg,L1.term_spread_daily_chg,-0.056820678349357556,-1.162387248090564,0.24507820073347997,1418,1,-47.87887516538534,-47.67126433915321,-47.80131501584182
var_tradingVol_btc+eth_daily_log_chg,vix_daily_log_chg,L1.usd_strength_daily_log_chg,-1.5685392710902442,-2.292114920684732,0.02189901263209305,1418,1,-47.87887516538534,-47.67126433915321,-47.80131501584182
var_tradingVol_btc+eth_daily_log_chg,hy_spread_daily_chg,const,-0.0004962072841205872,-0.1562492578065768,0.8758365513832431,1418,1,-47.87887516538534,-47.67126433915321,-47.80131501584182
var_tradingVol_btc+eth_daily_log_chg,hy_spread_daily_chg,L1.tradingVol_btc+eth_daily_log_chg,0.0058243957944066225,0.6157644787329906,0.5380499744982381,1418,1,-47.87887516538534,-47.67126433915321,-47.80131501584182
var_tradingVol_btc+eth_daily_log_chg,hy_spread_daily_chg,L1.sp500_daily_log_ret,-1.0425907534857835,-2.7044640631353127,0.006841466945202717,1418,1,-47.87887516538534,-47.67126433915321,-47.80131501584182
var_tradingVol_btc+eth_daily_log_chg,hy_spread_daily_chg,L1.vix_daily_log_chg,0.04918250399762599,0.8541888268121907,0.39300037299087276,1418,1,-47.87887516538534,-47.67126433915321,-47.80131501584182
var_tradingVol_btc+eth_daily_log_chg,hy_spread_daily_chg,L1.hy_spread_daily_chg,-0.200089945511278,-4.2995990685215855,1.711073753910656e-05,1418,1,-47.87887516538534,-47.67126433915321,-47.80131501584182
var_tradingVol_btc+eth_daily_log_chg,hy_spread_daily_chg,L1.ig_spread_daily_chg,1.352491396668103,9.271926327291204,1.8281391716196258e-20,1418,1,-47.87887516538534,-47.67126433915321,-47.80131501584182
var_tradingVol_btc+eth_daily_log_chg,hy_spread_daily_chg,L1.term_spread_daily_chg,-0.060865500903974565,-0.8476781090069789,0.3966172609948633,1418,1,-47.87887516538534,-47.67126433915321,-47.80131501584182
var_tradingVol_btc+eth_daily_log_chg,hy_spread_daily_chg,L1.usd_strength_daily_log_chg,0.38215202294208594,0.38018283009548764,0.7038097036683846,1418,1,-47.87887516538534,-47.67126433915321,-47.80131501584182
var_tradingVol_btc+eth_daily_log_chg,ig_spread_daily_chg,const,-4.9884405456045785e-05,-0.0672437557908302,0.9463876518472493,1418,1,-47.87887516538534,-47.67126433915321,-47.80131501584182
var_tradingVol_btc+eth_daily_log_chg,ig_spread_daily_chg,L1.tradingVol_btc+eth_daily_log_chg,0.0014619278084580661,0.6616403975750086,0.5082017110506577,1418,1,-47.87887516538534,-47.67126433915321,-47.80131501584182
var_tradingVol_btc+eth_daily_log_chg,ig_spread_daily_chg,L1.sp500_daily_log_ret,-0.3170843478026042,-3.5210685841899623,0.00042981143283113985,1418,1,-47.87887516538534,-47.67126433915321,-47.80131501584182
var_tradingVol_btc+eth_daily_log_chg,ig_spread_daily_chg,L1.vix_daily_log_chg,-0.001490992275309091,-0.11085390024483802,0.9117322024842459,1418,1,-47.87887516538534,-47.67126433915321,-47.80131501584182
var_tradingVol_btc+eth_daily_log_chg,ig_spread_daily_chg,L1.hy_spread_daily_chg,-0.08182094268475232,-7.526611625547665,5.207396344613889e-14,1418,1,-47.87887516538534,-47.67126433915321,-47.80131501584182
var_tradingVol_btc+eth_daily_log_chg,ig_spread_daily_chg,L1.ig_spread_daily_chg,0.7364491694329588,21.61277695810171,1.3620557845090355e-103,1418,1,-47.87887516538534,-47.67126433915321,-47.80131501584182
var_tradingVol_btc+eth_daily_log_chg,ig_spread_daily_chg,L1.term_spread_daily_chg,0.039616004822304214,2.3619069121271403,0.018181206847039676,1418,1,-47.87887516538534,-47.67126433915321,-47.80131501584182
var_tradingVol_btc+eth_daily_log_chg,ig_spread_daily_chg,L1.usd_strength_daily_log_chg,0.2703068132877819,1.1511864334590296,0.24965554524103195,1418,1,-47.87887516538534,-47.67126433915321,-47.80131501584182
var_tradingVol_btc+eth_daily_log_chg,term_spread_daily_chg,const,0.00023378882606247276,0.19780097591372187,0.8432007825898963,1418,1,-47.87887516538534,-47.67126433915321,-47.80131501584182
var_tradingVol_btc+eth_daily_log_chg,term_spread_daily_chg,L1.tradingVol_btc+eth_daily_log_chg,-0.001020196804476954,-0.28979945445429106,0.7719696652493426,1418,1,-47.87887516538534,-47.67126433915321,-47.80131501584182
var_tradingVol_btc+eth_daily_log_chg,term_spread_daily_chg,L1.sp500_daily_log_ret,-0.14984696208257062,-1.0443958576447838,0.2963022793409029,1418,1,-47.87887516538534,-47.67126433915321,-47.80131501584182
var_tradingVol_btc+eth_daily_log_chg,term_spread_daily_chg,L1.vix_daily_log_chg,0.014801727010800628,0.6907255049784433,0.48973805810185,1418,1,-47.87887516538534,-47.67126433915321,-47.80131501584182
var_tradingVol_btc+eth_daily_log_chg,term_spread_daily_chg,L1.hy_spread_daily_chg,0.0016970622210642425,0.09798290508908743,0.921945867804468,1418,1,-47.87887516538534,-47.67126433915321,-47.80131501584182
var_tradingVol_btc+eth_daily_log_chg,term_spread_daily_chg,L1.ig_spread_daily_chg,-0.02048320704226729,-0.3772969267754802,0.7059529557986024,1418,1,-47.87887516538534,-47.67126433915321,-47.80131501584182
var_tradingVol_btc+eth_daily_log_chg,term_spread_daily_chg,L1.term_spread_daily_chg,-0.061869437392571336,-2.315185458708328,0.02060278470774231,1418,1,-47.87887516538534,-47.67126433915321,-47.80131501584182
var_tradingVol_btc+eth_daily_log_chg,term_spread_daily_chg,L1.usd_strength_daily_log_chg,0.4991560511570108,1.3342663356371245,0.18211658622171034,1418,1,-47.87887516538534,-47.67126433915321,-47.80131501584182
var_tradingVol_btc+eth_daily_log_chg,usd_strength_daily_log_chg,const,1.879375861987761e-05,0.21374698935714012,0.8307443658319718,1418,1,-47.87887516538534,-47.67126433915321,-47.80131501584182
var_tradingVol_btc+eth_daily_log_chg,usd_strength_daily_log_chg,L1.tradingVol_btc+eth_daily_log_chg,6.174603615837138e-05,0.2357785918238228,0.8136044811193952,1418,1,-47.87887516538534,-47.67126433915321,-47.80131501584182
var_tradingVol_btc+eth_daily_log_chg,usd_strength_daily_log_chg,L1.sp500_daily_log_ret,-0.0662739055243028,-6.209282858480359,5.322694096160099e-10,1418,1,-47.87887516538534,-47.67126433915321,-47.80131501584182
var_tradingVol_btc+eth_daily_log_chg,usd_strength_daily_log_chg,L1.vix_daily_log_chg,0.0012734732269205123,0.7988488296145871,0.4243780729044019,1418,1,-47.87887516538534,-47.67126433915321,-47.80131501584182
var_tradingVol_btc+eth_daily_log_chg,usd_strength_daily_log_chg,L1.hy_spread_daily_chg,-0.005870732135707135,-4.556448786984309,5.20257164488797e-06,1418,1,-47.87887516538534,-47.67126433915321,-47.80131501584182
var_tradingVol_btc+eth_daily_log_chg,usd_strength_daily_log_chg,L1.ig_spread_daily_chg,0.021200421426118776,5.249422022201225,1.5257716800474212e-07,1418,1,-47.87887516538534,-47.67126433915321,-47.80131501584182
var_tradingVol_btc+eth_daily_log_chg,usd_strength_daily_log_chg,L1.term_spread_daily_chg,-0.0014859474894882766,-0.7474717159718337,0.45477886966468817,1418,1,-47.87887516538534,-47.67126433915321,-47.80131501584182
var_tradingVol_btc+eth_daily_log_chg,usd_strength_daily_log_chg,L1.usd_strength_daily_log_chg,-0.037011207758696124,-1.3299065579648381,0.1835490604422353,1418,1,-47.87887516538534,-47.67126433915321,-47.80131501584182
