specification,analysis_group,sample_type,lag_criterion,caused,causing,caused_variables,causing_variables,direction,test_scope,test,statistic,p_value,df,significant_10pct,significant_5pct,significant_1pct,lag_order,nobs,error,fdr_family,fdr_family_size,fdr_q_value,fdr_reject_10pct
primary_bic_stablecoin_supply_daily_log_chg,primary,common_business_day,bic,hy_spread_daily_chg,stablecoin_supply_daily_log_chg,hy_spread_daily_chg,stablecoin_supply_daily_log_chg,crypto_to_risk,individual,granger_causality_f_test,1.313875945948621,0.2517205299496386,"(1, 10374)",False,False,False,1,1490,,primary_forward_12_tests,12.0,0.5890260661764118,False
primary_bic_stablecoin_supply_daily_log_chg,primary,common_business_day,bic,ig_spread_daily_chg,stablecoin_supply_daily_log_chg,ig_spread_daily_chg,stablecoin_supply_daily_log_chg,crypto_to_risk,individual,granger_causality_f_test,2.7436634553046146,0.0976709308867327,"(1, 10374)",True,False,False,1,1490,,primary_forward_12_tests,12.0,0.3906837235469308,False
primary_bic_stablecoin_supply_daily_log_chg,primary,common_business_day,bic,stablecoin_supply_daily_log_chg,hy_spread_daily_chg,stablecoin_supply_daily_log_chg,hy_spread_daily_chg,risk_to_crypto,individual,granger_causality_f_test,10.00127337845589,0.001568828508249969,"(1, 10374)",True,True,True,1,1490,,primary_reverse_12_tests,12.0,0.009412971049499815,True
primary_bic_stablecoin_supply_daily_log_chg,primary,common_business_day,bic,stablecoin_supply_daily_log_chg,ig_spread_daily_chg,stablecoin_supply_daily_log_chg,ig_spread_daily_chg,risk_to_crypto,individual,granger_causality_f_test,3.3291171099315715,0.06809214905690224,"(1, 10374)",True,False,False,1,1490,,primary_reverse_12_tests,12.0,0.16342115773656538,False
primary_bic_stablecoin_supply_daily_log_chg,primary,common_business_day,bic,stablecoin_supply_daily_log_chg,hy_spread_daily_chg + ig_spread_daily_chg,stablecoin_supply_daily_log_chg,"hy_spread_daily_chg, ig_spread_daily_chg",risk_to_crypto,joint_risk_group,granger_causality_f_test,5.264123188848125,0.005187757281591759,"(2, 10374)",True,True,True,1,1490,,,,,False
lag_robustness_aic_stablecoin_supply_daily_log_chg,lag_robustness,common_business_day,aic,hy_spread_daily_chg,stablecoin_supply_daily_log_chg,hy_spread_daily_chg,stablecoin_supply_daily_log_chg,crypto_to_risk,individual,granger_causality_f_test,4.750499848876958,7.950989465492819e-07,"(10, 9870)",True,True,True,10,1481,,,,,False
lag_robustness_aic_stablecoin_supply_daily_log_chg,lag_robustness,common_business_day,aic,ig_spread_daily_chg,stablecoin_supply_daily_log_chg,ig_spread_daily_chg,stablecoin_supply_daily_log_chg,crypto_to_risk,individual,granger_causality_f_test,7.011708960887894,4.640480070993967e-11,"(10, 9870)",True,True,True,10,1481,,,,,False
lag_robustness_aic_stablecoin_supply_daily_log_chg,lag_robustness,common_business_day,aic,stablecoin_supply_daily_log_chg,hy_spread_daily_chg,stablecoin_supply_daily_log_chg,hy_spread_daily_chg,risk_to_crypto,individual,granger_causality_f_test,1.528091492836472,0.12234314237241012,"(10, 9870)",False,False,False,10,1481,,,,,False
lag_robustness_aic_stablecoin_supply_daily_log_chg,lag_robustness,common_business_day,aic,stablecoin_supply_daily_log_chg,ig_spread_daily_chg,stablecoin_supply_daily_log_chg,ig_spread_daily_chg,risk_to_crypto,individual,granger_causality_f_test,3.06150117842398,0.0006881103888396786,"(10, 9870)",True,True,True,10,1481,,,,,False
lag_robustness_aic_stablecoin_supply_daily_log_chg,lag_robustness,common_business_day,aic,stablecoin_supply_daily_log_chg,hy_spread_daily_chg + ig_spread_daily_chg,stablecoin_supply_daily_log_chg,"hy_spread_daily_chg, ig_spread_daily_chg",risk_to_crypto,joint_risk_group,granger_causality_f_test,2.672466052300094,7.208699275349572e-05,"(20, 9870)",True,True,True,10,1481,,,,,False
lag_robustness_hqic_stablecoin_supply_daily_log_chg,lag_robustness,common_business_day,hqic,hy_spread_daily_chg,stablecoin_supply_daily_log_chg,hy_spread_daily_chg,stablecoin_supply_daily_log_chg,crypto_to_risk,individual,granger_causality_f_test,5.5720763902875845,8.84503014280336e-06,"(6, 10094)",True,True,True,6,1485,,,,,False
lag_robustness_hqic_stablecoin_supply_daily_log_chg,lag_robustness,common_business_day,hqic,ig_spread_daily_chg,stablecoin_supply_daily_log_chg,ig_spread_daily_chg,stablecoin_supply_daily_log_chg,crypto_to_risk,individual,granger_causality_f_test,10.125825215322592,3.423429046671738e-11,"(6, 10094)",True,True,True,6,1485,,,,,False
lag_robustness_hqic_stablecoin_supply_daily_log_chg,lag_robustness,common_business_day,hqic,stablecoin_supply_daily_log_chg,hy_spread_daily_chg,stablecoin_supply_daily_log_chg,hy_spread_daily_chg,risk_to_crypto,individual,granger_causality_f_test,2.7500948235093308,0.011350516246435592,"(6, 10094)",True,True,False,6,1485,,,,,False
lag_robustness_hqic_stablecoin_supply_daily_log_chg,lag_robustness,common_business_day,hqic,stablecoin_supply_daily_log_chg,ig_spread_daily_chg,stablecoin_supply_daily_log_chg,ig_spread_daily_chg,risk_to_crypto,individual,granger_causality_f_test,4.948814794546304,4.570780308829255e-05,"(6, 10094)",True,True,True,6,1485,,,,,False
lag_robustness_hqic_stablecoin_supply_daily_log_chg,lag_robustness,common_business_day,hqic,stablecoin_supply_daily_log_chg,hy_spread_daily_chg + ig_spread_daily_chg,stablecoin_supply_daily_log_chg,"hy_spread_daily_chg, ig_spread_daily_chg",risk_to_crypto,joint_risk_group,granger_causality_f_test,3.520781825000262,3.10354913694072e-05,"(12, 10094)",True,True,True,6,1485,,,,,False
primary_bic_stablecoin_exchange_netflow_scaled,primary,common_business_day,bic,hy_spread_daily_chg,stablecoin_exchange_netflow_scaled,hy_spread_daily_chg,stablecoin_exchange_netflow_scaled,crypto_to_risk,individual,granger_causality_f_test,0.17116725067002003,0.6790850642284565,"(1, 10374)",False,False,False,1,1490,,primary_forward_12_tests,12.0,0.8635718014036197,False
primary_bic_stablecoin_exchange_netflow_scaled,primary,common_business_day,bic,ig_spread_daily_chg,stablecoin_exchange_netflow_scaled,ig_spread_daily_chg,stablecoin_exchange_netflow_scaled,crypto_to_risk,individual,granger_causality_f_test,0.020773764053935093,0.8853997737314401,"(1, 10374)",False,False,False,1,1490,,primary_forward_12_tests,12.0,0.8853997737314401,False
primary_bic_stablecoin_exchange_netflow_scaled,primary,common_business_day,bic,stablecoin_exchange_netflow_scaled,hy_spread_daily_chg,stablecoin_exchange_netflow_scaled,hy_spread_daily_chg,risk_to_crypto,individual,granger_causality_f_test,0.46792269252773283,0.4939596619882848,"(1, 10374)",False,False,False,1,1490,,primary_reverse_12_tests,12.0,0.6348662460102602,False
primary_bic_stablecoin_exchange_netflow_scaled,primary,common_business_day,bic,stablecoin_exchange_netflow_scaled,ig_spread_daily_chg,stablecoin_exchange_netflow_scaled,ig_spread_daily_chg,risk_to_crypto,individual,granger_causality_f_test,2.510896851096761,0.11309205220621828,"(1, 10374)",False,False,False,1,1490,,primary_reverse_12_tests,12.0,0.22618410441243655,False
primary_bic_stablecoin_exchange_netflow_scaled,primary,common_business_day,bic,stablecoin_exchange_netflow_scaled,hy_spread_daily_chg + ig_spread_daily_chg,stablecoin_exchange_netflow_scaled,"hy_spread_daily_chg, ig_spread_daily_chg",risk_to_crypto,joint_risk_group,granger_causality_f_test,1.500977054882578,0.2229606622049515,"(2, 10374)",False,False,False,1,1490,,,,,False
lag_robustness_aic_stablecoin_exchange_netflow_scaled,lag_robustness,common_business_day,aic,hy_spread_daily_chg,stablecoin_exchange_netflow_scaled,hy_spread_daily_chg,stablecoin_exchange_netflow_scaled,crypto_to_risk,individual,granger_causality_f_test,1.0922306657615308,0.3637302454125775,"(10, 9870)",False,False,False,10,1481,,,,,False
lag_robustness_aic_stablecoin_exchange_netflow_scaled,lag_robustness,common_business_day,aic,ig_spread_daily_chg,stablecoin_exchange_netflow_scaled,ig_spread_daily_chg,stablecoin_exchange_netflow_scaled,crypto_to_risk,individual,granger_causality_f_test,1.5335964022218198,0.12047668065487901,"(10, 9870)",False,False,False,10,1481,,,,,False
lag_robustness_aic_stablecoin_exchange_netflow_scaled,lag_robustness,common_business_day,aic,stablecoin_exchange_netflow_scaled,hy_spread_daily_chg,stablecoin_exchange_netflow_scaled,hy_spread_daily_chg,risk_to_crypto,individual,granger_causality_f_test,1.4028130561959953,0.17190647408607404,"(10, 9870)",False,False,False,10,1481,,,,,False
lag_robustness_aic_stablecoin_exchange_netflow_scaled,lag_robustness,common_business_day,aic,stablecoin_exchange_netflow_scaled,ig_spread_daily_chg,stablecoin_exchange_netflow_scaled,ig_spread_daily_chg,risk_to_crypto,individual,granger_causality_f_test,2.329957356533331,0.00975372526596601,"(10, 9870)",True,True,True,10,1481,,,,,False
lag_robustness_aic_stablecoin_exchange_netflow_scaled,lag_robustness,common_business_day,aic,stablecoin_exchange_netflow_scaled,hy_spread_daily_chg + ig_spread_daily_chg,stablecoin_exchange_netflow_scaled,"hy_spread_daily_chg, ig_spread_daily_chg",risk_to_crypto,joint_risk_group,granger_causality_f_test,2.4349540580742284,0.00034755448147198145,"(20, 9870)",True,True,True,10,1481,,,,,False
lag_robustness_hqic_stablecoin_exchange_netflow_scaled,lag_robustness,common_business_day,hqic,hy_spread_daily_chg,stablecoin_exchange_netflow_scaled,hy_spread_daily_chg,stablecoin_exchange_netflow_scaled,crypto_to_risk,individual,granger_causality_f_test,0.17116725067002003,0.6790850642284565,"(1, 10374)",False,False,False,1,1490,,,,,False
lag_robustness_hqic_stablecoin_exchange_netflow_scaled,lag_robustness,common_business_day,hqic,ig_spread_daily_chg,stablecoin_exchange_netflow_scaled,ig_spread_daily_chg,stablecoin_exchange_netflow_scaled,crypto_to_risk,individual,granger_causality_f_test,0.020773764053935093,0.8853997737314401,"(1, 10374)",False,False,False,1,1490,,,,,False
lag_robustness_hqic_stablecoin_exchange_netflow_scaled,lag_robustness,common_business_day,hqic,stablecoin_exchange_netflow_scaled,hy_spread_daily_chg,stablecoin_exchange_netflow_scaled,hy_spread_daily_chg,risk_to_crypto,individual,granger_causality_f_test,0.46792269252773283,0.4939596619882848,"(1, 10374)",False,False,False,1,1490,,,,,False
lag_robustness_hqic_stablecoin_exchange_netflow_scaled,lag_robustness,common_business_day,hqic,stablecoin_exchange_netflow_scaled,ig_spread_daily_chg,stablecoin_exchange_netflow_scaled,ig_spread_daily_chg,risk_to_crypto,individual,granger_causality_f_test,2.510896851096761,0.11309205220621828,"(1, 10374)",False,False,False,1,1490,,,,,False
lag_robustness_hqic_stablecoin_exchange_netflow_scaled,lag_robustness,common_business_day,hqic,stablecoin_exchange_netflow_scaled,hy_spread_daily_chg + ig_spread_daily_chg,stablecoin_exchange_netflow_scaled,"hy_spread_daily_chg, ig_spread_daily_chg",risk_to_crypto,joint_risk_group,granger_causality_f_test,1.500977054882578,0.2229606622049515,"(2, 10374)",False,False,False,1,1490,,,,,False
primary_bic_stablecoin_exchange_reserve_daily_log_chg,primary,common_business_day,bic,hy_spread_daily_chg,stablecoin_exchange_reserve_daily_log_chg,hy_spread_daily_chg,stablecoin_exchange_reserve_daily_log_chg,crypto_to_risk,individual,granger_causality_f_test,0.12884186967549274,0.7196431678363497,"(1, 10374)",False,False,False,1,1490,,primary_forward_12_tests,12.0,0.8635718014036197,False
primary_bic_stablecoin_exchange_reserve_daily_log_chg,primary,common_business_day,bic,ig_spread_daily_chg,stablecoin_exchange_reserve_daily_log_chg,ig_spread_daily_chg,stablecoin_exchange_reserve_daily_log_chg,crypto_to_risk,individual,granger_causality_f_test,0.06481113889190906,0.7990523075496341,"(1, 10374)",False,False,False,1,1490,,primary_forward_12_tests,12.0,0.8716934264177827,False
primary_bic_stablecoin_exchange_reserve_daily_log_chg,primary,common_business_day,bic,stablecoin_exchange_reserve_daily_log_chg,hy_spread_daily_chg,stablecoin_exchange_reserve_daily_log_chg,hy_spread_daily_chg,risk_to_crypto,individual,granger_causality_f_test,0.20434805290222213,0.6512433299511777,"(1, 10374)",False,False,False,1,1490,,primary_reverse_12_tests,12.0,0.6512433299511777,False
primary_bic_stablecoin_exchange_reserve_daily_log_chg,primary,common_business_day,bic,stablecoin_exchange_reserve_daily_log_chg,ig_spread_daily_chg,stablecoin_exchange_reserve_daily_log_chg,ig_spread_daily_chg,risk_to_crypto,individual,granger_causality_f_test,2.0211850284262374,0.15514810596393788,"(1, 10374)",False,False,False,1,1490,,primary_reverse_12_tests,12.0,0.26596818165246494,False
primary_bic_stablecoin_exchange_reserve_daily_log_chg,primary,common_business_day,bic,stablecoin_exchange_reserve_daily_log_chg,hy_spread_daily_chg + ig_spread_daily_chg,stablecoin_exchange_reserve_daily_log_chg,"hy_spread_daily_chg, ig_spread_daily_chg",risk_to_crypto,joint_risk_group,granger_causality_f_test,1.3860494340793577,0.25010754346381503,"(2, 10374)",False,False,False,1,1490,,,,,False
lag_robustness_aic_stablecoin_exchange_reserve_daily_log_chg,lag_robustness,common_business_day,aic,hy_spread_daily_chg,stablecoin_exchange_reserve_daily_log_chg,hy_spread_daily_chg,stablecoin_exchange_reserve_daily_log_chg,crypto_to_risk,individual,granger_causality_f_test,1.5915749081769417,0.10225623083258348,"(10, 9870)",False,False,False,10,1481,,,,,False
lag_robustness_aic_stablecoin_exchange_reserve_daily_log_chg,lag_robustness,common_business_day,aic,ig_spread_daily_chg,stablecoin_exchange_reserve_daily_log_chg,ig_spread_daily_chg,stablecoin_exchange_reserve_daily_log_chg,crypto_to_risk,individual,granger_causality_f_test,1.9201228495106808,0.03791053558754318,"(10, 9870)",True,True,False,10,1481,,,,,False
lag_robustness_aic_stablecoin_exchange_reserve_daily_log_chg,lag_robustness,common_business_day,aic,stablecoin_exchange_reserve_daily_log_chg,hy_spread_daily_chg,stablecoin_exchange_reserve_daily_log_chg,hy_spread_daily_chg,risk_to_crypto,individual,granger_causality_f_test,1.3121497569068843,0.21714369265776864,"(10, 9870)",False,False,False,10,1481,,,,,False
lag_robustness_aic_stablecoin_exchange_reserve_daily_log_chg,lag_robustness,common_business_day,aic,stablecoin_exchange_reserve_daily_log_chg,ig_spread_daily_chg,stablecoin_exchange_reserve_daily_log_chg,ig_spread_daily_chg,risk_to_crypto,individual,granger_causality_f_test,1.9658891525846003,0.03277080026372744,"(10, 9870)",True,True,False,10,1481,,,,,False
lag_robustness_aic_stablecoin_exchange_reserve_daily_log_chg,lag_robustness,common_business_day,aic,stablecoin_exchange_reserve_daily_log_chg,hy_spread_daily_chg + ig_spread_daily_chg,stablecoin_exchange_reserve_daily_log_chg,"hy_spread_daily_chg, ig_spread_daily_chg",risk_to_crypto,joint_risk_group,granger_causality_f_test,2.318832762575949,0.0007306388762350146,"(20, 9870)",True,True,True,10,1481,,,,,False
lag_robustness_hqic_stablecoin_exchange_reserve_daily_log_chg,lag_robustness,common_business_day,hqic,hy_spread_daily_chg,stablecoin_exchange_reserve_daily_log_chg,hy_spread_daily_chg,stablecoin_exchange_reserve_daily_log_chg,crypto_to_risk,individual,granger_causality_f_test,0.12884186967549274,0.7196431678363497,"(1, 10374)",False,False,False,1,1490,,,,,False
lag_robustness_hqic_stablecoin_exchange_reserve_daily_log_chg,lag_robustness,common_business_day,hqic,ig_spread_daily_chg,stablecoin_exchange_reserve_daily_log_chg,ig_spread_daily_chg,stablecoin_exchange_reserve_daily_log_chg,crypto_to_risk,individual,granger_causality_f_test,0.06481113889190906,0.7990523075496341,"(1, 10374)",False,False,False,1,1490,,,,,False
lag_robustness_hqic_stablecoin_exchange_reserve_daily_log_chg,lag_robustness,common_business_day,hqic,stablecoin_exchange_reserve_daily_log_chg,hy_spread_daily_chg,stablecoin_exchange_reserve_daily_log_chg,hy_spread_daily_chg,risk_to_crypto,individual,granger_causality_f_test,0.20434805290222213,0.6512433299511777,"(1, 10374)",False,False,False,1,1490,,,,,False
lag_robustness_hqic_stablecoin_exchange_reserve_daily_log_chg,lag_robustness,common_business_day,hqic,stablecoin_exchange_reserve_daily_log_chg,ig_spread_daily_chg,stablecoin_exchange_reserve_daily_log_chg,ig_spread_daily_chg,risk_to_crypto,individual,granger_causality_f_test,2.0211850284262374,0.15514810596393788,"(1, 10374)",False,False,False,1,1490,,,,,False
lag_robustness_hqic_stablecoin_exchange_reserve_daily_log_chg,lag_robustness,common_business_day,hqic,stablecoin_exchange_reserve_daily_log_chg,hy_spread_daily_chg + ig_spread_daily_chg,stablecoin_exchange_reserve_daily_log_chg,"hy_spread_daily_chg, ig_spread_daily_chg",risk_to_crypto,joint_risk_group,granger_causality_f_test,1.3860494340793577,0.25010754346381503,"(2, 10374)",False,False,False,1,1490,,,,,False
primary_bic_btc_eth_open_interest_daily_log_chg,primary,common_business_day,bic,hy_spread_daily_chg,btc_eth_open_interest_daily_log_chg,hy_spread_daily_chg,btc_eth_open_interest_daily_log_chg,crypto_to_risk,individual,granger_causality_f_test,0.6195603457015498,0.4312286927499527,"(1, 10374)",False,False,False,1,1490,,primary_forward_12_tests,12.0,0.646843039124929,False
primary_bic_btc_eth_open_interest_daily_log_chg,primary,common_business_day,bic,ig_spread_daily_chg,btc_eth_open_interest_daily_log_chg,ig_spread_daily_chg,btc_eth_open_interest_daily_log_chg,crypto_to_risk,individual,granger_causality_f_test,0.8970405938148576,0.3435985386029069,"(1, 10374)",False,False,False,1,1490,,primary_forward_12_tests,12.0,0.5890260661764118,False
primary_bic_btc_eth_open_interest_daily_log_chg,primary,common_business_day,bic,btc_eth_open_interest_daily_log_chg,hy_spread_daily_chg,btc_eth_open_interest_daily_log_chg,hy_spread_daily_chg,risk_to_crypto,individual,granger_causality_f_test,0.497171984909113,0.48076120040747283,"(1, 10374)",False,False,False,1,1490,,primary_reverse_12_tests,12.0,0.6348662460102602,False
primary_bic_btc_eth_open_interest_daily_log_chg,primary,common_business_day,bic,btc_eth_open_interest_daily_log_chg,ig_spread_daily_chg,btc_eth_open_interest_daily_log_chg,ig_spread_daily_chg,risk_to_crypto,individual,granger_causality_f_test,10.322685791888766,0.0013180636493516072,"(1, 10374)",True,True,True,1,1490,,primary_reverse_12_tests,12.0,0.009412971049499815,True
primary_bic_btc_eth_open_interest_daily_log_chg,primary,common_business_day,bic,btc_eth_open_interest_daily_log_chg,hy_spread_daily_chg + ig_spread_daily_chg,btc_eth_open_interest_daily_log_chg,"hy_spread_daily_chg, ig_spread_daily_chg",risk_to_crypto,joint_risk_group,granger_causality_f_test,8.015274819482237,0.0003324276414076676,"(2, 10374)",True,True,True,1,1490,,,,,False
lag_robustness_aic_btc_eth_open_interest_daily_log_chg,lag_robustness,common_business_day,aic,hy_spread_daily_chg,btc_eth_open_interest_daily_log_chg,hy_spread_daily_chg,btc_eth_open_interest_daily_log_chg,crypto_to_risk,individual,granger_causality_f_test,1.3987433204859507,0.17375953036495956,"(10, 9870)",False,False,False,10,1481,,,,,False
lag_robustness_aic_btc_eth_open_interest_daily_log_chg,lag_robustness,common_business_day,aic,ig_spread_daily_chg,btc_eth_open_interest_daily_log_chg,ig_spread_daily_chg,btc_eth_open_interest_daily_log_chg,crypto_to_risk,individual,granger_causality_f_test,2.2171091069307187,0.014333187904584406,"(10, 9870)",True,True,False,10,1481,,,,,False
lag_robustness_aic_btc_eth_open_interest_daily_log_chg,lag_robustness,common_business_day,aic,btc_eth_open_interest_daily_log_chg,hy_spread_daily_chg,btc_eth_open_interest_daily_log_chg,hy_spread_daily_chg,risk_to_crypto,individual,granger_causality_f_test,1.9355838671499395,0.036096481200329704,"(10, 9870)",True,True,False,10,1481,,,,,False
lag_robustness_aic_btc_eth_open_interest_daily_log_chg,lag_robustness,common_business_day,aic,btc_eth_open_interest_daily_log_chg,ig_spread_daily_chg,btc_eth_open_interest_daily_log_chg,ig_spread_daily_chg,risk_to_crypto,individual,granger_causality_f_test,3.7613742343716465,4.5306549097746075e-05,"(10, 9870)",True,True,True,10,1481,,,,,False
lag_robustness_aic_btc_eth_open_interest_daily_log_chg,lag_robustness,common_business_day,aic,btc_eth_open_interest_daily_log_chg,hy_spread_daily_chg + ig_spread_daily_chg,btc_eth_open_interest_daily_log_chg,"hy_spread_daily_chg, ig_spread_daily_chg",risk_to_crypto,joint_risk_group,granger_causality_f_test,3.27633062057986,1.0189686533846218e-06,"(20, 9870)",True,True,True,10,1481,,,,,False
lag_robustness_hqic_btc_eth_open_interest_daily_log_chg,lag_robustness,common_business_day,hqic,hy_spread_daily_chg,btc_eth_open_interest_daily_log_chg,hy_spread_daily_chg,btc_eth_open_interest_daily_log_chg,crypto_to_risk,individual,granger_causality_f_test,0.6195603457015498,0.4312286927499527,"(1, 10374)",False,False,False,1,1490,,,,,False
lag_robustness_hqic_btc_eth_open_interest_daily_log_chg,lag_robustness,common_business_day,hqic,ig_spread_daily_chg,btc_eth_open_interest_daily_log_chg,ig_spread_daily_chg,btc_eth_open_interest_daily_log_chg,crypto_to_risk,individual,granger_causality_f_test,0.8970405938148576,0.3435985386029069,"(1, 10374)",False,False,False,1,1490,,,,,False
lag_robustness_hqic_btc_eth_open_interest_daily_log_chg,lag_robustness,common_business_day,hqic,btc_eth_open_interest_daily_log_chg,hy_spread_daily_chg,btc_eth_open_interest_daily_log_chg,hy_spread_daily_chg,risk_to_crypto,individual,granger_causality_f_test,0.497171984909113,0.48076120040747283,"(1, 10374)",False,False,False,1,1490,,,,,False
lag_robustness_hqic_btc_eth_open_interest_daily_log_chg,lag_robustness,common_business_day,hqic,btc_eth_open_interest_daily_log_chg,ig_spread_daily_chg,btc_eth_open_interest_daily_log_chg,ig_spread_daily_chg,risk_to_crypto,individual,granger_causality_f_test,10.322685791888766,0.0013180636493516072,"(1, 10374)",True,True,True,1,1490,,,,,False
lag_robustness_hqic_btc_eth_open_interest_daily_log_chg,lag_robustness,common_business_day,hqic,btc_eth_open_interest_daily_log_chg,hy_spread_daily_chg + ig_spread_daily_chg,btc_eth_open_interest_daily_log_chg,"hy_spread_daily_chg, ig_spread_daily_chg",risk_to_crypto,joint_risk_group,granger_causality_f_test,8.015274819482237,0.0003324276414076676,"(2, 10374)",True,True,True,1,1490,,,,,False
primary_bic_btc_eth_funding_rate_avg,primary,common_business_day,bic,hy_spread_daily_chg,btc_eth_funding_rate_avg,hy_spread_daily_chg,btc_eth_funding_rate_avg,crypto_to_risk,individual,granger_causality_f_test,4.426225665734061,0.035414693651065504,"(1, 10374)",True,True,False,1,1490,,primary_forward_12_tests,12.0,0.2399324545637798,False
primary_bic_btc_eth_funding_rate_avg,primary,common_business_day,bic,ig_spread_daily_chg,btc_eth_funding_rate_avg,ig_spread_daily_chg,btc_eth_funding_rate_avg,crypto_to_risk,individual,granger_causality_f_test,4.219423334057664,0.03998874242729663,"(1, 10374)",True,True,False,1,1490,,primary_forward_12_tests,12.0,0.2399324545637798,False
primary_bic_btc_eth_funding_rate_avg,primary,common_business_day,bic,btc_eth_funding_rate_avg,hy_spread_daily_chg,btc_eth_funding_rate_avg,hy_spread_daily_chg,risk_to_crypto,individual,granger_causality_f_test,3.7575911405263196,0.05259535113110469,"(1, 10374)",True,False,False,1,1490,,primary_reverse_12_tests,12.0,0.15778605339331409,False
primary_bic_btc_eth_funding_rate_avg,primary,common_business_day,bic,btc_eth_funding_rate_avg,ig_spread_daily_chg,btc_eth_funding_rate_avg,ig_spread_daily_chg,risk_to_crypto,individual,granger_causality_f_test,0.36112844129888544,0.5478933242982514,"(1, 10374)",False,False,False,1,1490,,primary_reverse_12_tests,12.0,0.6348662460102602,False
primary_bic_btc_eth_funding_rate_avg,primary,common_business_day,bic,btc_eth_funding_rate_avg,hy_spread_daily_chg + ig_spread_daily_chg,btc_eth_funding_rate_avg,"hy_spread_daily_chg, ig_spread_daily_chg",risk_to_crypto,joint_risk_group,granger_causality_f_test,6.296387685664641,0.0018500007200704719,"(2, 10374)",True,True,True,1,1490,,,,,False
lag_robustness_aic_btc_eth_funding_rate_avg,lag_robustness,common_business_day,aic,hy_spread_daily_chg,btc_eth_funding_rate_avg,hy_spread_daily_chg,btc_eth_funding_rate_avg,crypto_to_risk,individual,granger_causality_f_test,1.3567856530588056,0.19382189664215532,"(10, 9870)",False,False,False,10,1481,,,,,False
lag_robustness_aic_btc_eth_funding_rate_avg,lag_robustness,common_business_day,aic,ig_spread_daily_chg,btc_eth_funding_rate_avg,ig_spread_daily_chg,btc_eth_funding_rate_avg,crypto_to_risk,individual,granger_causality_f_test,3.5754181055057943,9.462332119099187e-05,"(10, 9870)",True,True,True,10,1481,,,,,False
lag_robustness_aic_btc_eth_funding_rate_avg,lag_robustness,common_business_day,aic,btc_eth_funding_rate_avg,hy_spread_daily_chg,btc_eth_funding_rate_avg,hy_spread_daily_chg,risk_to_crypto,individual,granger_causality_f_test,3.2505093447611997,0.0003349041083844926,"(10, 9870)",True,True,True,10,1481,,,,,False
lag_robustness_aic_btc_eth_funding_rate_avg,lag_robustness,common_business_day,aic,btc_eth_funding_rate_avg,ig_spread_daily_chg,btc_eth_funding_rate_avg,ig_spread_daily_chg,risk_to_crypto,individual,granger_causality_f_test,5.044823945662513,2.3108715130327726e-07,"(10, 9870)",True,True,True,10,1481,,,,,False
lag_robustness_aic_btc_eth_funding_rate_avg,lag_robustness,common_business_day,aic,btc_eth_funding_rate_avg,hy_spread_daily_chg + ig_spread_daily_chg,btc_eth_funding_rate_avg,"hy_spread_daily_chg, ig_spread_daily_chg",risk_to_crypto,joint_risk_group,granger_causality_f_test,4.692942015414522,1.79975468678644e-11,"(20, 9870)",True,True,True,10,1481,,,,,False
lag_robustness_hqic_btc_eth_funding_rate_avg,lag_robustness,common_business_day,hqic,hy_spread_daily_chg,btc_eth_funding_rate_avg,hy_spread_daily_chg,btc_eth_funding_rate_avg,crypto_to_risk,individual,granger_causality_f_test,2.6423788289960273,0.03191222601993607,"(4, 10206)",True,True,False,4,1487,,,,,False
lag_robustness_hqic_btc_eth_funding_rate_avg,lag_robustness,common_business_day,hqic,ig_spread_daily_chg,btc_eth_funding_rate_avg,ig_spread_daily_chg,btc_eth_funding_rate_avg,crypto_to_risk,individual,granger_causality_f_test,3.28432133864579,0.010657181845404812,"(4, 10206)",True,True,False,4,1487,,,,,False
lag_robustness_hqic_btc_eth_funding_rate_avg,lag_robustness,common_business_day,hqic,btc_eth_funding_rate_avg,hy_spread_daily_chg,btc_eth_funding_rate_avg,hy_spread_daily_chg,risk_to_crypto,individual,granger_causality_f_test,0.9716556632136024,0.4216171866977011,"(4, 10206)",False,False,False,4,1487,,,,,False
lag_robustness_hqic_btc_eth_funding_rate_avg,lag_robustness,common_business_day,hqic,btc_eth_funding_rate_avg,ig_spread_daily_chg,btc_eth_funding_rate_avg,ig_spread_daily_chg,risk_to_crypto,individual,granger_causality_f_test,5.6860185091196325,0.0001439576232868823,"(4, 10206)",True,True,True,4,1487,,,,,False
lag_robustness_hqic_btc_eth_funding_rate_avg,lag_robustness,common_business_day,hqic,btc_eth_funding_rate_avg,hy_spread_daily_chg + ig_spread_daily_chg,btc_eth_funding_rate_avg,"hy_spread_daily_chg, ig_spread_daily_chg",risk_to_crypto,joint_risk_group,granger_causality_f_test,7.603039136103595,3.456349486888856e-10,"(8, 10206)",True,True,True,4,1487,,,,,False
primary_bic_tradingVol_btc+eth_daily_log_chg,primary,common_business_day,bic,hy_spread_daily_chg,tradingVol_btc+eth_daily_log_chg,hy_spread_daily_chg,tradingVol_btc+eth_daily_log_chg,crypto_to_risk,individual,granger_causality_f_test,1.0720872002422503,0.30049860711043674,"(1, 10374)",False,False,False,1,1490,,primary_forward_12_tests,12.0,0.5890260661764118,False
primary_bic_tradingVol_btc+eth_daily_log_chg,primary,common_business_day,bic,ig_spread_daily_chg,tradingVol_btc+eth_daily_log_chg,ig_spread_daily_chg,tradingVol_btc+eth_daily_log_chg,crypto_to_risk,individual,granger_causality_f_test,1.8460314775989204,0.174275204125136,"(1, 10374)",False,False,False,1,1490,,primary_forward_12_tests,12.0,0.522825612375408,False
primary_bic_tradingVol_btc+eth_daily_log_chg,primary,common_business_day,bic,tradingVol_btc+eth_daily_log_chg,hy_spread_daily_chg,tradingVol_btc+eth_daily_log_chg,hy_spread_daily_chg,risk_to_crypto,individual,granger_causality_f_test,0.30309457746205337,0.5819607255094051,"(1, 10374)",False,False,False,1,1490,,primary_reverse_12_tests,12.0,0.6348662460102602,False
primary_bic_tradingVol_btc+eth_daily_log_chg,primary,common_business_day,bic,tradingVol_btc+eth_daily_log_chg,ig_spread_daily_chg,tradingVol_btc+eth_daily_log_chg,ig_spread_daily_chg,risk_to_crypto,individual,granger_causality_f_test,7.312369762754664,0.006859324110314594,"(1, 10374)",True,True,True,1,1490,,primary_reverse_12_tests,12.0,0.027437296441258377,True
primary_bic_tradingVol_btc+eth_daily_log_chg,primary,common_business_day,bic,tradingVol_btc+eth_daily_log_chg,hy_spread_daily_chg + ig_spread_daily_chg,tradingVol_btc+eth_daily_log_chg,"hy_spread_daily_chg, ig_spread_daily_chg",risk_to_crypto,joint_risk_group,granger_causality_f_test,5.87412652369498,0.0028206077753611595,"(2, 10374)",True,True,True,1,1490,,,,,False
lag_robustness_aic_tradingVol_btc+eth_daily_log_chg,lag_robustness,common_business_day,aic,hy_spread_daily_chg,tradingVol_btc+eth_daily_log_chg,hy_spread_daily_chg,tradingVol_btc+eth_daily_log_chg,crypto_to_risk,individual,granger_causality_f_test,1.7206915839870418,0.07007706728283229,"(10, 9870)",True,False,False,10,1481,,,,,False
lag_robustness_aic_tradingVol_btc+eth_daily_log_chg,lag_robustness,common_business_day,aic,ig_spread_daily_chg,tradingVol_btc+eth_daily_log_chg,ig_spread_daily_chg,tradingVol_btc+eth_daily_log_chg,crypto_to_risk,individual,granger_causality_f_test,1.9426724441905712,0.03529181427298354,"(10, 9870)",True,True,False,10,1481,,,,,False
lag_robustness_aic_tradingVol_btc+eth_daily_log_chg,lag_robustness,common_business_day,aic,tradingVol_btc+eth_daily_log_chg,hy_spread_daily_chg,tradingVol_btc+eth_daily_log_chg,hy_spread_daily_chg,risk_to_crypto,individual,granger_causality_f_test,0.7741884042297936,0.654022955205116,"(10, 9870)",False,False,False,10,1481,,,,,False
lag_robustness_aic_tradingVol_btc+eth_daily_log_chg,lag_robustness,common_business_day,aic,tradingVol_btc+eth_daily_log_chg,ig_spread_daily_chg,tradingVol_btc+eth_daily_log_chg,ig_spread_daily_chg,risk_to_crypto,individual,granger_causality_f_test,1.1083455490057799,0.35118639865265194,"(10, 9870)",False,False,False,10,1481,,,,,False
lag_robustness_aic_tradingVol_btc+eth_daily_log_chg,lag_robustness,common_business_day,aic,tradingVol_btc+eth_daily_log_chg,hy_spread_daily_chg + ig_spread_daily_chg,tradingVol_btc+eth_daily_log_chg,"hy_spread_daily_chg, ig_spread_daily_chg",risk_to_crypto,joint_risk_group,granger_causality_f_test,0.9493666721576564,0.5227112028146597,"(20, 9870)",False,False,False,10,1481,,,,,False
lag_robustness_hqic_tradingVol_btc+eth_daily_log_chg,lag_robustness,common_business_day,hqic,hy_spread_daily_chg,tradingVol_btc+eth_daily_log_chg,hy_spread_daily_chg,tradingVol_btc+eth_daily_log_chg,crypto_to_risk,individual,granger_causality_f_test,1.095450894966274,0.36225913755127426,"(6, 10094)",False,False,False,6,1485,,,,,False
lag_robustness_hqic_tradingVol_btc+eth_daily_log_chg,lag_robustness,common_business_day,hqic,ig_spread_daily_chg,tradingVol_btc+eth_daily_log_chg,ig_spread_daily_chg,tradingVol_btc+eth_daily_log_chg,crypto_to_risk,individual,granger_causality_f_test,2.068450966978376,0.05350962106160556,"(6, 10094)",True,False,False,6,1485,,,,,False
lag_robustness_hqic_tradingVol_btc+eth_daily_log_chg,lag_robustness,common_business_day,hqic,tradingVol_btc+eth_daily_log_chg,hy_spread_daily_chg,tradingVol_btc+eth_daily_log_chg,hy_spread_daily_chg,risk_to_crypto,individual,granger_causality_f_test,0.40388434794357025,0.8769295850105834,"(6, 10094)",False,False,False,6,1485,,,,,False
lag_robustness_hqic_tradingVol_btc+eth_daily_log_chg,lag_robustness,common_business_day,hqic,tradingVol_btc+eth_daily_log_chg,ig_spread_daily_chg,tradingVol_btc+eth_daily_log_chg,ig_spread_daily_chg,risk_to_crypto,individual,granger_causality_f_test,0.8184486368981885,0.5553463035664483,"(6, 10094)",False,False,False,6,1485,,,,,False
lag_robustness_hqic_tradingVol_btc+eth_daily_log_chg,lag_robustness,common_business_day,hqic,tradingVol_btc+eth_daily_log_chg,hy_spread_daily_chg + ig_spread_daily_chg,tradingVol_btc+eth_daily_log_chg,"hy_spread_daily_chg, ig_spread_daily_chg",risk_to_crypto,joint_risk_group,granger_causality_f_test,1.0614075685354982,0.38858027969592074,"(12, 10094)",False,False,False,6,1485,,,,,False
coverage_max_bic_stablecoin_supply_daily_log_chg,coverage_robustness,predictor_specific_maximum,bic,hy_spread_daily_chg,stablecoin_supply_daily_log_chg,hy_spread_daily_chg,stablecoin_supply_daily_log_chg,crypto_to_risk,individual,granger_causality_f_test,1.313875945948621,0.2517205299496386,"(1, 10374)",False,False,False,1,1490,,,,,False
coverage_max_bic_stablecoin_supply_daily_log_chg,coverage_robustness,predictor_specific_maximum,bic,ig_spread_daily_chg,stablecoin_supply_daily_log_chg,ig_spread_daily_chg,stablecoin_supply_daily_log_chg,crypto_to_risk,individual,granger_causality_f_test,2.7436634553046146,0.0976709308867327,"(1, 10374)",True,False,False,1,1490,,,,,False
coverage_max_bic_stablecoin_supply_daily_log_chg,coverage_robustness,predictor_specific_maximum,bic,stablecoin_supply_daily_log_chg,hy_spread_daily_chg,stablecoin_supply_daily_log_chg,hy_spread_daily_chg,risk_to_crypto,individual,granger_causality_f_test,10.00127337845589,0.001568828508249969,"(1, 10374)",True,True,True,1,1490,,,,,False
coverage_max_bic_stablecoin_supply_daily_log_chg,coverage_robustness,predictor_specific_maximum,bic,stablecoin_supply_daily_log_chg,ig_spread_daily_chg,stablecoin_supply_daily_log_chg,ig_spread_daily_chg,risk_to_crypto,individual,granger_causality_f_test,3.3291171099315715,0.06809214905690224,"(1, 10374)",True,False,False,1,1490,,,,,False
coverage_max_bic_stablecoin_supply_daily_log_chg,coverage_robustness,predictor_specific_maximum,bic,stablecoin_supply_daily_log_chg,hy_spread_daily_chg + ig_spread_daily_chg,stablecoin_supply_daily_log_chg,"hy_spread_daily_chg, ig_spread_daily_chg",risk_to_crypto,joint_risk_group,granger_causality_f_test,5.264123188848125,0.005187757281591759,"(2, 10374)",True,True,True,1,1490,,,,,False
coverage_max_bic_stablecoin_exchange_netflow_scaled,coverage_robustness,predictor_specific_maximum,bic,hy_spread_daily_chg,stablecoin_exchange_netflow_scaled,hy_spread_daily_chg,stablecoin_exchange_netflow_scaled,crypto_to_risk,individual,granger_causality_f_test,0.17116725067002003,0.6790850642284565,"(1, 10374)",False,False,False,1,1490,,,,,False
coverage_max_bic_stablecoin_exchange_netflow_scaled,coverage_robustness,predictor_specific_maximum,bic,ig_spread_daily_chg,stablecoin_exchange_netflow_scaled,ig_spread_daily_chg,stablecoin_exchange_netflow_scaled,crypto_to_risk,individual,granger_causality_f_test,0.020773764053935093,0.8853997737314401,"(1, 10374)",False,False,False,1,1490,,,,,False
coverage_max_bic_stablecoin_exchange_netflow_scaled,coverage_robustness,predictor_specific_maximum,bic,stablecoin_exchange_netflow_scaled,hy_spread_daily_chg,stablecoin_exchange_netflow_scaled,hy_spread_daily_chg,risk_to_crypto,individual,granger_causality_f_test,0.46792269252773283,0.4939596619882848,"(1, 10374)",False,False,False,1,1490,,,,,False
coverage_max_bic_stablecoin_exchange_netflow_scaled,coverage_robustness,predictor_specific_maximum,bic,stablecoin_exchange_netflow_scaled,ig_spread_daily_chg,stablecoin_exchange_netflow_scaled,ig_spread_daily_chg,risk_to_crypto,individual,granger_causality_f_test,2.510896851096761,0.11309205220621828,"(1, 10374)",False,False,False,1,1490,,,,,False
coverage_max_bic_stablecoin_exchange_netflow_scaled,coverage_robustness,predictor_specific_maximum,bic,stablecoin_exchange_netflow_scaled,hy_spread_daily_chg + ig_spread_daily_chg,stablecoin_exchange_netflow_scaled,"hy_spread_daily_chg, ig_spread_daily_chg",risk_to_crypto,joint_risk_group,granger_causality_f_test,1.500977054882578,0.2229606622049515,"(2, 10374)",False,False,False,1,1490,,,,,False
coverage_max_bic_stablecoin_exchange_reserve_daily_log_chg,coverage_robustness,predictor_specific_maximum,bic,hy_spread_daily_chg,stablecoin_exchange_reserve_daily_log_chg,hy_spread_daily_chg,stablecoin_exchange_reserve_daily_log_chg,crypto_to_risk,individual,granger_causality_f_test,0.12884186967549274,0.7196431678363497,"(1, 10374)",False,False,False,1,1490,,,,,False
coverage_max_bic_stablecoin_exchange_reserve_daily_log_chg,coverage_robustness,predictor_specific_maximum,bic,ig_spread_daily_chg,stablecoin_exchange_reserve_daily_log_chg,ig_spread_daily_chg,stablecoin_exchange_reserve_daily_log_chg,crypto_to_risk,individual,granger_causality_f_test,0.06481113889190906,0.7990523075496341,"(1, 10374)",False,False,False,1,1490,,,,,False
coverage_max_bic_stablecoin_exchange_reserve_daily_log_chg,coverage_robustness,predictor_specific_maximum,bic,stablecoin_exchange_reserve_daily_log_chg,hy_spread_daily_chg,stablecoin_exchange_reserve_daily_log_chg,hy_spread_daily_chg,risk_to_crypto,individual,granger_causality_f_test,0.20434805290222213,0.6512433299511777,"(1, 10374)",False,False,False,1,1490,,,,,False
coverage_max_bic_stablecoin_exchange_reserve_daily_log_chg,coverage_robustness,predictor_specific_maximum,bic,stablecoin_exchange_reserve_daily_log_chg,ig_spread_daily_chg,stablecoin_exchange_reserve_daily_log_chg,ig_spread_daily_chg,risk_to_crypto,individual,granger_causality_f_test,2.0211850284262374,0.15514810596393788,"(1, 10374)",False,False,False,1,1490,,,,,False
coverage_max_bic_stablecoin_exchange_reserve_daily_log_chg,coverage_robustness,predictor_specific_maximum,bic,stablecoin_exchange_reserve_daily_log_chg,hy_spread_daily_chg + ig_spread_daily_chg,stablecoin_exchange_reserve_daily_log_chg,"hy_spread_daily_chg, ig_spread_daily_chg",risk_to_crypto,joint_risk_group,granger_causality_f_test,1.3860494340793577,0.25010754346381503,"(2, 10374)",False,False,False,1,1490,,,,,False
coverage_max_bic_btc_eth_open_interest_daily_log_chg,coverage_robustness,predictor_specific_maximum,bic,hy_spread_daily_chg,btc_eth_open_interest_daily_log_chg,hy_spread_daily_chg,btc_eth_open_interest_daily_log_chg,crypto_to_risk,individual,granger_causality_f_test,0.6195603457015498,0.4312286927499527,"(1, 10374)",False,False,False,1,1490,,,,,False
coverage_max_bic_btc_eth_open_interest_daily_log_chg,coverage_robustness,predictor_specific_maximum,bic,ig_spread_daily_chg,btc_eth_open_interest_daily_log_chg,ig_spread_daily_chg,btc_eth_open_interest_daily_log_chg,crypto_to_risk,individual,granger_causality_f_test,0.8970405938148576,0.3435985386029069,"(1, 10374)",False,False,False,1,1490,,,,,False
coverage_max_bic_btc_eth_open_interest_daily_log_chg,coverage_robustness,predictor_specific_maximum,bic,btc_eth_open_interest_daily_log_chg,hy_spread_daily_chg,btc_eth_open_interest_daily_log_chg,hy_spread_daily_chg,risk_to_crypto,individual,granger_causality_f_test,0.497171984909113,0.48076120040747283,"(1, 10374)",False,False,False,1,1490,,,,,False
coverage_max_bic_btc_eth_open_interest_daily_log_chg,coverage_robustness,predictor_specific_maximum,bic,btc_eth_open_interest_daily_log_chg,ig_spread_daily_chg,btc_eth_open_interest_daily_log_chg,ig_spread_daily_chg,risk_to_crypto,individual,granger_causality_f_test,10.322685791888766,0.0013180636493516072,"(1, 10374)",True,True,True,1,1490,,,,,False
coverage_max_bic_btc_eth_open_interest_daily_log_chg,coverage_robustness,predictor_specific_maximum,bic,btc_eth_open_interest_daily_log_chg,hy_spread_daily_chg + ig_spread_daily_chg,btc_eth_open_interest_daily_log_chg,"hy_spread_daily_chg, ig_spread_daily_chg",risk_to_crypto,joint_risk_group,granger_causality_f_test,8.015274819482237,0.0003324276414076676,"(2, 10374)",True,True,True,1,1490,,,,,False
coverage_max_bic_btc_eth_funding_rate_avg,coverage_robustness,predictor_specific_maximum,bic,hy_spread_daily_chg,btc_eth_funding_rate_avg,hy_spread_daily_chg,btc_eth_funding_rate_avg,crypto_to_risk,individual,granger_causality_f_test,4.426225665734061,0.035414693651065504,"(1, 10374)",True,True,False,1,1490,,,,,False
coverage_max_bic_btc_eth_funding_rate_avg,coverage_robustness,predictor_specific_maximum,bic,ig_spread_daily_chg,btc_eth_funding_rate_avg,ig_spread_daily_chg,btc_eth_funding_rate_avg,crypto_to_risk,individual,granger_causality_f_test,4.219423334057664,0.03998874242729663,"(1, 10374)",True,True,False,1,1490,,,,,False
coverage_max_bic_btc_eth_funding_rate_avg,coverage_robustness,predictor_specific_maximum,bic,btc_eth_funding_rate_avg,hy_spread_daily_chg,btc_eth_funding_rate_avg,hy_spread_daily_chg,risk_to_crypto,individual,granger_causality_f_test,3.7575911405263196,0.05259535113110469,"(1, 10374)",True,False,False,1,1490,,,,,False
coverage_max_bic_btc_eth_funding_rate_avg,coverage_robustness,predictor_specific_maximum,bic,btc_eth_funding_rate_avg,ig_spread_daily_chg,btc_eth_funding_rate_avg,ig_spread_daily_chg,risk_to_crypto,individual,granger_causality_f_test,0.36112844129888544,0.5478933242982514,"(1, 10374)",False,False,False,1,1490,,,,,False
coverage_max_bic_btc_eth_funding_rate_avg,coverage_robustness,predictor_specific_maximum,bic,btc_eth_funding_rate_avg,hy_spread_daily_chg + ig_spread_daily_chg,btc_eth_funding_rate_avg,"hy_spread_daily_chg, ig_spread_daily_chg",risk_to_crypto,joint_risk_group,granger_causality_f_test,6.296387685664641,0.0018500007200704719,"(2, 10374)",True,True,True,1,1490,,,,,False
coverage_max_bic_tradingVol_btc+eth_daily_log_chg,coverage_robustness,predictor_specific_maximum,bic,hy_spread_daily_chg,tradingVol_btc+eth_daily_log_chg,hy_spread_daily_chg,tradingVol_btc+eth_daily_log_chg,crypto_to_risk,individual,granger_causality_f_test,1.0720872002422503,0.30049860711043674,"(1, 10374)",False,False,False,1,1490,,,,,False
coverage_max_bic_tradingVol_btc+eth_daily_log_chg,coverage_robustness,predictor_specific_maximum,bic,ig_spread_daily_chg,tradingVol_btc+eth_daily_log_chg,ig_spread_daily_chg,tradingVol_btc+eth_daily_log_chg,crypto_to_risk,individual,granger_causality_f_test,1.8460314775989204,0.174275204125136,"(1, 10374)",False,False,False,1,1490,,,,,False
coverage_max_bic_tradingVol_btc+eth_daily_log_chg,coverage_robustness,predictor_specific_maximum,bic,tradingVol_btc+eth_daily_log_chg,hy_spread_daily_chg,tradingVol_btc+eth_daily_log_chg,hy_spread_daily_chg,risk_to_crypto,individual,granger_causality_f_test,0.30309457746205337,0.5819607255094051,"(1, 10374)",False,False,False,1,1490,,,,,False
coverage_max_bic_tradingVol_btc+eth_daily_log_chg,coverage_robustness,predictor_specific_maximum,bic,tradingVol_btc+eth_daily_log_chg,ig_spread_daily_chg,tradingVol_btc+eth_daily_log_chg,ig_spread_daily_chg,risk_to_crypto,individual,granger_causality_f_test,7.312369762754664,0.006859324110314594,"(1, 10374)",True,True,True,1,1490,,,,,False
coverage_max_bic_tradingVol_btc+eth_daily_log_chg,coverage_robustness,predictor_specific_maximum,bic,tradingVol_btc+eth_daily_log_chg,hy_spread_daily_chg + ig_spread_daily_chg,tradingVol_btc+eth_daily_log_chg,"hy_spread_daily_chg, ig_spread_daily_chg",risk_to_crypto,joint_risk_group,granger_causality_f_test,5.87412652369498,0.0028206077753611595,"(2, 10374)",True,True,True,1,1490,,,,,False
broader_risk_bic_stablecoin_supply_daily_log_chg,broader_risk_robustness,broader_risk_common_business_day,bic,hy_spread_daily_chg,stablecoin_supply_daily_log_chg,hy_spread_daily_chg,stablecoin_supply_daily_log_chg,crypto_to_risk,individual,granger_causality_f_test,2.264325346789281,0.13240757857601973,"(1, 13311)",False,False,False,1,1489,,,,,False
broader_risk_bic_stablecoin_supply_daily_log_chg,broader_risk_robustness,broader_risk_common_business_day,bic,ig_spread_daily_chg,stablecoin_supply_daily_log_chg,ig_spread_daily_chg,stablecoin_supply_daily_log_chg,crypto_to_risk,individual,granger_causality_f_test,4.250207532045517,0.039264905209454734,"(1, 13311)",True,True,False,1,1489,,,,,False
broader_risk_bic_stablecoin_supply_daily_log_chg,broader_risk_robustness,broader_risk_common_business_day,bic,stablecoin_supply_daily_log_chg,hy_spread_daily_chg,stablecoin_supply_daily_log_chg,hy_spread_daily_chg,risk_to_crypto,individual,granger_causality_f_test,6.518563772990658,0.010686471017900543,"(1, 13311)",True,True,False,1,1489,,,,,False
broader_risk_bic_stablecoin_supply_daily_log_chg,broader_risk_robustness,broader_risk_common_business_day,bic,stablecoin_supply_daily_log_chg,ig_spread_daily_chg,stablecoin_supply_daily_log_chg,ig_spread_daily_chg,risk_to_crypto,individual,granger_causality_f_test,3.4732705291587105,0.06238988696430925,"(1, 13311)",True,False,False,1,1489,,,,,False
broader_risk_bic_stablecoin_supply_daily_log_chg,broader_risk_robustness,broader_risk_common_business_day,bic,stablecoin_supply_daily_log_chg,hy_spread_daily_chg + ig_spread_daily_chg,stablecoin_supply_daily_log_chg,"hy_spread_daily_chg, ig_spread_daily_chg",risk_to_crypto,joint_risk_group,granger_causality_f_test,3.271814029190841,0.03796805661811548,"(2, 13311)",True,True,False,1,1489,,,,,False
broader_risk_bic_stablecoin_exchange_netflow_scaled,broader_risk_robustness,broader_risk_common_business_day,bic,hy_spread_daily_chg,stablecoin_exchange_netflow_scaled,hy_spread_daily_chg,stablecoin_exchange_netflow_scaled,crypto_to_risk,individual,granger_causality_f_test,0.14242806513491535,0.7058850365414712,"(1, 13311)",False,False,False,1,1489,,,,,False
broader_risk_bic_stablecoin_exchange_netflow_scaled,broader_risk_robustness,broader_risk_common_business_day,bic,ig_spread_daily_chg,stablecoin_exchange_netflow_scaled,ig_spread_daily_chg,stablecoin_exchange_netflow_scaled,crypto_to_risk,individual,granger_causality_f_test,0.05215707480777397,0.8193549394294486,"(1, 13311)",False,False,False,1,1489,,,,,False
broader_risk_bic_stablecoin_exchange_netflow_scaled,broader_risk_robustness,broader_risk_common_business_day,bic,stablecoin_exchange_netflow_scaled,hy_spread_daily_chg,stablecoin_exchange_netflow_scaled,hy_spread_daily_chg,risk_to_crypto,individual,granger_causality_f_test,0.2184098829967988,0.6402618378895726,"(1, 13311)",False,False,False,1,1489,,,,,False
broader_risk_bic_stablecoin_exchange_netflow_scaled,broader_risk_robustness,broader_risk_common_business_day,bic,stablecoin_exchange_netflow_scaled,ig_spread_daily_chg,stablecoin_exchange_netflow_scaled,ig_spread_daily_chg,risk_to_crypto,individual,granger_causality_f_test,2.1546184241283823,0.14216537945979163,"(1, 13311)",False,False,False,1,1489,,,,,False
broader_risk_bic_stablecoin_exchange_netflow_scaled,broader_risk_robustness,broader_risk_common_business_day,bic,stablecoin_exchange_netflow_scaled,hy_spread_daily_chg + ig_spread_daily_chg,stablecoin_exchange_netflow_scaled,"hy_spread_daily_chg, ig_spread_daily_chg",risk_to_crypto,joint_risk_group,granger_causality_f_test,1.3485979440542666,0.259639452913833,"(2, 13311)",False,False,False,1,1489,,,,,False
broader_risk_bic_stablecoin_exchange_reserve_daily_log_chg,broader_risk_robustness,broader_risk_common_business_day,bic,hy_spread_daily_chg,stablecoin_exchange_reserve_daily_log_chg,hy_spread_daily_chg,stablecoin_exchange_reserve_daily_log_chg,crypto_to_risk,individual,granger_causality_f_test,0.09533251664100112,0.7575092029785258,"(1, 13311)",False,False,False,1,1489,,,,,False
broader_risk_bic_stablecoin_exchange_reserve_daily_log_chg,broader_risk_robustness,broader_risk_common_business_day,bic,ig_spread_daily_chg,stablecoin_exchange_reserve_daily_log_chg,ig_spread_daily_chg,stablecoin_exchange_reserve_daily_log_chg,crypto_to_risk,individual,granger_causality_f_test,0.1226381816377629,0.7261961388574657,"(1, 13311)",False,False,False,1,1489,,,,,False
broader_risk_bic_stablecoin_exchange_reserve_daily_log_chg,broader_risk_robustness,broader_risk_common_business_day,bic,stablecoin_exchange_reserve_daily_log_chg,hy_spread_daily_chg,stablecoin_exchange_reserve_daily_log_chg,hy_spread_daily_chg,risk_to_crypto,individual,granger_causality_f_test,0.04866662243856554,0.8254032913491951,"(1, 13311)",False,False,False,1,1489,,,,,False
broader_risk_bic_stablecoin_exchange_reserve_daily_log_chg,broader_risk_robustness,broader_risk_common_business_day,bic,stablecoin_exchange_reserve_daily_log_chg,ig_spread_daily_chg,stablecoin_exchange_reserve_daily_log_chg,ig_spread_daily_chg,risk_to_crypto,individual,granger_causality_f_test,1.730826938125786,0.18832798320276542,"(1, 13311)",False,False,False,1,1489,,,,,False
broader_risk_bic_stablecoin_exchange_reserve_daily_log_chg,broader_risk_robustness,broader_risk_common_business_day,bic,stablecoin_exchange_reserve_daily_log_chg,hy_spread_daily_chg + ig_spread_daily_chg,stablecoin_exchange_reserve_daily_log_chg,"hy_spread_daily_chg, ig_spread_daily_chg",risk_to_crypto,joint_risk_group,granger_causality_f_test,1.3000064093299084,0.27256464546647446,"(2, 13311)",False,False,False,1,1489,,,,,False
broader_risk_bic_btc_eth_open_interest_daily_log_chg,broader_risk_robustness,broader_risk_common_business_day,bic,hy_spread_daily_chg,btc_eth_open_interest_daily_log_chg,hy_spread_daily_chg,btc_eth_open_interest_daily_log_chg,crypto_to_risk,individual,granger_causality_f_test,0.03293981062117085,0.8559831709121466,"(1, 13311)",False,False,False,1,1489,,,,,False
broader_risk_bic_btc_eth_open_interest_daily_log_chg,broader_risk_robustness,broader_risk_common_business_day,bic,ig_spread_daily_chg,btc_eth_open_interest_daily_log_chg,ig_spread_daily_chg,btc_eth_open_interest_daily_log_chg,crypto_to_risk,individual,granger_causality_f_test,3.9025693784442077,0.04823294336250412,"(1, 13311)",True,True,False,1,1489,,,,,False
broader_risk_bic_btc_eth_open_interest_daily_log_chg,broader_risk_robustness,broader_risk_common_business_day,bic,btc_eth_open_interest_daily_log_chg,hy_spread_daily_chg,btc_eth_open_interest_daily_log_chg,hy_spread_daily_chg,risk_to_crypto,individual,granger_causality_f_test,1.7179169407050927,0.1899840143250352,"(1, 13311)",False,False,False,1,1489,,,,,False
broader_risk_bic_btc_eth_open_interest_daily_log_chg,broader_risk_robustness,broader_risk_common_business_day,bic,btc_eth_open_interest_daily_log_chg,ig_spread_daily_chg,btc_eth_open_interest_daily_log_chg,ig_spread_daily_chg,risk_to_crypto,individual,granger_causality_f_test,12.575080315340308,0.00039226721782992816,"(1, 13311)",True,True,True,1,1489,,,,,False
broader_risk_bic_btc_eth_open_interest_daily_log_chg,broader_risk_robustness,broader_risk_common_business_day,bic,btc_eth_open_interest_daily_log_chg,hy_spread_daily_chg + ig_spread_daily_chg,btc_eth_open_interest_daily_log_chg,"hy_spread_daily_chg, ig_spread_daily_chg",risk_to_crypto,joint_risk_group,granger_causality_f_test,7.4626827535617,0.0005765191518368741,"(2, 13311)",True,True,True,1,1489,,,,,False
broader_risk_bic_btc_eth_funding_rate_avg,broader_risk_robustness,broader_risk_common_business_day,bic,hy_spread_daily_chg,btc_eth_funding_rate_avg,hy_spread_daily_chg,btc_eth_funding_rate_avg,crypto_to_risk,individual,granger_causality_f_test,4.435265089444179,0.035222427805124475,"(1, 13311)",True,True,False,1,1489,,,,,False
broader_risk_bic_btc_eth_funding_rate_avg,broader_risk_robustness,broader_risk_common_business_day,bic,ig_spread_daily_chg,btc_eth_funding_rate_avg,ig_spread_daily_chg,btc_eth_funding_rate_avg,crypto_to_risk,individual,granger_causality_f_test,4.204939162496203,0.040325958751438906,"(1, 13311)",True,True,False,1,1489,,,,,False
broader_risk_bic_btc_eth_funding_rate_avg,broader_risk_robustness,broader_risk_common_business_day,bic,btc_eth_funding_rate_avg,hy_spread_daily_chg,btc_eth_funding_rate_avg,hy_spread_daily_chg,risk_to_crypto,individual,granger_causality_f_test,1.4814615449805015,0.2235675683219679,"(1, 13311)",False,False,False,1,1489,,,,,False
broader_risk_bic_btc_eth_funding_rate_avg,broader_risk_robustness,broader_risk_common_business_day,bic,btc_eth_funding_rate_avg,ig_spread_daily_chg,btc_eth_funding_rate_avg,ig_spread_daily_chg,risk_to_crypto,individual,granger_causality_f_test,1.34746264495353,0.24574300796819182,"(1, 13311)",False,False,False,1,1489,,,,,False
broader_risk_bic_btc_eth_funding_rate_avg,broader_risk_robustness,broader_risk_common_business_day,bic,btc_eth_funding_rate_avg,hy_spread_daily_chg + ig_spread_daily_chg,btc_eth_funding_rate_avg,"hy_spread_daily_chg, ig_spread_daily_chg",risk_to_crypto,joint_risk_group,granger_causality_f_test,0.8415070183441232,0.43108334846457874,"(2, 13311)",False,False,False,1,1489,,,,,False
broader_risk_bic_tradingVol_btc+eth_daily_log_chg,broader_risk_robustness,broader_risk_common_business_day,bic,hy_spread_daily_chg,tradingVol_btc+eth_daily_log_chg,hy_spread_daily_chg,tradingVol_btc+eth_daily_log_chg,crypto_to_risk,individual,granger_causality_f_test,1.1190761087002192,0.29013667560853695,"(1, 13311)",False,False,False,1,1489,,,,,False
broader_risk_bic_tradingVol_btc+eth_daily_log_chg,broader_risk_robustness,broader_risk_common_business_day,bic,ig_spread_daily_chg,tradingVol_btc+eth_daily_log_chg,ig_spread_daily_chg,tradingVol_btc+eth_daily_log_chg,crypto_to_risk,individual,granger_causality_f_test,1.881914250985247,0.17013986015423785,"(1, 13311)",False,False,False,1,1489,,,,,False
broader_risk_bic_tradingVol_btc+eth_daily_log_chg,broader_risk_robustness,broader_risk_common_business_day,bic,tradingVol_btc+eth_daily_log_chg,hy_spread_daily_chg,tradingVol_btc+eth_daily_log_chg,hy_spread_daily_chg,risk_to_crypto,individual,granger_causality_f_test,0.01633622588688227,0.8982986979197225,"(1, 13311)",False,False,False,1,1489,,,,,False
broader_risk_bic_tradingVol_btc+eth_daily_log_chg,broader_risk_robustness,broader_risk_common_business_day,bic,tradingVol_btc+eth_daily_log_chg,ig_spread_daily_chg,tradingVol_btc+eth_daily_log_chg,ig_spread_daily_chg,risk_to_crypto,individual,granger_causality_f_test,9.28991821746286,0.0023087034333606725,"(1, 13311)",True,True,True,1,1489,,,,,False
broader_risk_bic_tradingVol_btc+eth_daily_log_chg,broader_risk_robustness,broader_risk_common_business_day,bic,tradingVol_btc+eth_daily_log_chg,hy_spread_daily_chg + ig_spread_daily_chg,tradingVol_btc+eth_daily_log_chg,"hy_spread_daily_chg, ig_spread_daily_chg",risk_to_crypto,joint_risk_group,granger_causality_f_test,8.265968456864316,0.00025844190257654924,"(2, 13311)",True,True,True,1,1489,,,,,False
nfci_bic_stablecoin_supply_daily_log_chg,nfci_robustness,nfci_common_business_day,bic,hy_spread_daily_chg,stablecoin_supply_daily_log_chg,hy_spread_daily_chg,stablecoin_supply_daily_log_chg,crypto_to_risk,individual,granger_causality_f_test,4.161320642897992,0.00034952869381253747,"(6, 11488)",True,True,True,6,1485,,,,,False
nfci_bic_stablecoin_supply_daily_log_chg,nfci_robustness,nfci_common_business_day,bic,ig_spread_daily_chg,stablecoin_supply_daily_log_chg,ig_spread_daily_chg,stablecoin_supply_daily_log_chg,crypto_to_risk,individual,granger_causality_f_test,8.014914715558046,1.1829950313524854e-08,"(6, 11488)",True,True,True,6,1485,,,,,False
nfci_bic_stablecoin_supply_daily_log_chg,nfci_robustness,nfci_common_business_day,bic,stablecoin_supply_daily_log_chg,hy_spread_daily_chg,stablecoin_supply_daily_log_chg,hy_spread_daily_chg,risk_to_crypto,individual,granger_causality_f_test,3.166099144932717,0.004190383885045546,"(6, 11488)",True,True,True,6,1485,,,,,False
nfci_bic_stablecoin_supply_daily_log_chg,nfci_robustness,nfci_common_business_day,bic,stablecoin_supply_daily_log_chg,ig_spread_daily_chg,stablecoin_supply_daily_log_chg,ig_spread_daily_chg,risk_to_crypto,individual,granger_causality_f_test,4.571229504008467,0.00012186459942909624,"(6, 11488)",True,True,True,6,1485,,,,,False
nfci_bic_stablecoin_supply_daily_log_chg,nfci_robustness,nfci_common_business_day,bic,stablecoin_supply_daily_log_chg,hy_spread_daily_chg + ig_spread_daily_chg,stablecoin_supply_daily_log_chg,"hy_spread_daily_chg, ig_spread_daily_chg",risk_to_crypto,joint_risk_group,granger_causality_f_test,3.1730113653368037,0.00015185248200763897,"(12, 11488)",True,True,True,6,1485,,,,,False
nfci_bic_stablecoin_exchange_netflow_scaled,nfci_robustness,nfci_common_business_day,bic,hy_spread_daily_chg,stablecoin_exchange_netflow_scaled,hy_spread_daily_chg,stablecoin_exchange_netflow_scaled,crypto_to_risk,individual,granger_causality_f_test,0.8593541136102701,0.5239834639613551,"(6, 11488)",False,False,False,6,1485,,,,,False
nfci_bic_stablecoin_exchange_netflow_scaled,nfci_robustness,nfci_common_business_day,bic,ig_spread_daily_chg,stablecoin_exchange_netflow_scaled,ig_spread_daily_chg,stablecoin_exchange_netflow_scaled,crypto_to_risk,individual,granger_causality_f_test,1.2812073916163753,0.26202110362295405,"(6, 11488)",False,False,False,6,1485,,,,,False
nfci_bic_stablecoin_exchange_netflow_scaled,nfci_robustness,nfci_common_business_day,bic,stablecoin_exchange_netflow_scaled,hy_spread_daily_chg,stablecoin_exchange_netflow_scaled,hy_spread_daily_chg,risk_to_crypto,individual,granger_causality_f_test,1.5747895385533524,0.14998044256445361,"(6, 11488)",False,False,False,6,1485,,,,,False
nfci_bic_stablecoin_exchange_netflow_scaled,nfci_robustness,nfci_common_business_day,bic,stablecoin_exchange_netflow_scaled,ig_spread_daily_chg,stablecoin_exchange_netflow_scaled,ig_spread_daily_chg,risk_to_crypto,individual,granger_causality_f_test,2.432677556092831,0.023702829219609523,"(6, 11488)",True,True,False,6,1485,,,,,False
nfci_bic_stablecoin_exchange_netflow_scaled,nfci_robustness,nfci_common_business_day,bic,stablecoin_exchange_netflow_scaled,hy_spread_daily_chg + ig_spread_daily_chg,stablecoin_exchange_netflow_scaled,"hy_spread_daily_chg, ig_spread_daily_chg",risk_to_crypto,joint_risk_group,granger_causality_f_test,2.2973528426205925,0.0064401047194494465,"(12, 11488)",True,True,True,6,1485,,,,,False
nfci_bic_stablecoin_exchange_reserve_daily_log_chg,nfci_robustness,nfci_common_business_day,bic,hy_spread_daily_chg,stablecoin_exchange_reserve_daily_log_chg,hy_spread_daily_chg,stablecoin_exchange_reserve_daily_log_chg,crypto_to_risk,individual,granger_causality_f_test,1.265879065409376,0.26937458503680733,"(6, 11488)",False,False,False,6,1485,,,,,False
nfci_bic_stablecoin_exchange_reserve_daily_log_chg,nfci_robustness,nfci_common_business_day,bic,ig_spread_daily_chg,stablecoin_exchange_reserve_daily_log_chg,ig_spread_daily_chg,stablecoin_exchange_reserve_daily_log_chg,crypto_to_risk,individual,granger_causality_f_test,1.5535344508767601,0.15641400785940018,"(6, 11488)",False,False,False,6,1485,,,,,False
nfci_bic_stablecoin_exchange_reserve_daily_log_chg,nfci_robustness,nfci_common_business_day,bic,stablecoin_exchange_reserve_daily_log_chg,hy_spread_daily_chg,stablecoin_exchange_reserve_daily_log_chg,hy_spread_daily_chg,risk_to_crypto,individual,granger_causality_f_test,1.5443729076403094,0.1592602077423651,"(6, 11488)",False,False,False,6,1485,,,,,False
nfci_bic_stablecoin_exchange_reserve_daily_log_chg,nfci_robustness,nfci_common_business_day,bic,stablecoin_exchange_reserve_daily_log_chg,ig_spread_daily_chg,stablecoin_exchange_reserve_daily_log_chg,ig_spread_daily_chg,risk_to_crypto,individual,granger_causality_f_test,1.9951263685970257,0.0627178914164293,"(6, 11488)",True,False,False,6,1485,,,,,False
nfci_bic_stablecoin_exchange_reserve_daily_log_chg,nfci_robustness,nfci_common_business_day,bic,stablecoin_exchange_reserve_daily_log_chg,hy_spread_daily_chg + ig_spread_daily_chg,stablecoin_exchange_reserve_daily_log_chg,"hy_spread_daily_chg, ig_spread_daily_chg",risk_to_crypto,joint_risk_group,granger_causality_f_test,2.273705281391885,0.00707843468119237,"(12, 11488)",True,True,True,6,1485,,,,,False
nfci_bic_btc_eth_open_interest_daily_log_chg,nfci_robustness,nfci_common_business_day,bic,hy_spread_daily_chg,btc_eth_open_interest_daily_log_chg,hy_spread_daily_chg,btc_eth_open_interest_daily_log_chg,crypto_to_risk,individual,granger_causality_f_test,1.8765043633634466,0.08079448408602977,"(6, 11488)",True,False,False,6,1485,,,,,False
nfci_bic_btc_eth_open_interest_daily_log_chg,nfci_robustness,nfci_common_business_day,bic,ig_spread_daily_chg,btc_eth_open_interest_daily_log_chg,ig_spread_daily_chg,btc_eth_open_interest_daily_log_chg,crypto_to_risk,individual,granger_causality_f_test,2.055131041909122,0.055072618407487534,"(6, 11488)",True,False,False,6,1485,,,,,False
nfci_bic_btc_eth_open_interest_daily_log_chg,nfci_robustness,nfci_common_business_day,bic,btc_eth_open_interest_daily_log_chg,hy_spread_daily_chg,btc_eth_open_interest_daily_log_chg,hy_spread_daily_chg,risk_to_crypto,individual,granger_causality_f_test,2.480148183080886,0.021260915551891624,"(6, 11488)",True,True,False,6,1485,,,,,False
nfci_bic_btc_eth_open_interest_daily_log_chg,nfci_robustness,nfci_common_business_day,bic,btc_eth_open_interest_daily_log_chg,ig_spread_daily_chg,btc_eth_open_interest_daily_log_chg,ig_spread_daily_chg,risk_to_crypto,individual,granger_causality_f_test,5.042510237309506,3.568921400526453e-05,"(6, 11488)",True,True,True,6,1485,,,,,False
nfci_bic_btc_eth_open_interest_daily_log_chg,nfci_robustness,nfci_common_business_day,bic,btc_eth_open_interest_daily_log_chg,hy_spread_daily_chg + ig_spread_daily_chg,btc_eth_open_interest_daily_log_chg,"hy_spread_daily_chg, ig_spread_daily_chg",risk_to_crypto,joint_risk_group,granger_causality_f_test,3.5803807030085593,2.3449057288646695e-05,"(12, 11488)",True,True,True,6,1485,,,,,False
nfci_bic_btc_eth_funding_rate_avg,nfci_robustness,nfci_common_business_day,bic,hy_spread_daily_chg,btc_eth_funding_rate_avg,hy_spread_daily_chg,btc_eth_funding_rate_avg,crypto_to_risk,individual,granger_causality_f_test,0.8986242896241169,0.494676066039734,"(6, 11488)",False,False,False,6,1485,,,,,False
nfci_bic_btc_eth_funding_rate_avg,nfci_robustness,nfci_common_business_day,bic,ig_spread_daily_chg,btc_eth_funding_rate_avg,ig_spread_daily_chg,btc_eth_funding_rate_avg,crypto_to_risk,individual,granger_causality_f_test,2.4136641640593504,0.024753958023076134,"(6, 11488)",True,True,False,6,1485,,,,,False
nfci_bic_btc_eth_funding_rate_avg,nfci_robustness,nfci_common_business_day,bic,btc_eth_funding_rate_avg,hy_spread_daily_chg,btc_eth_funding_rate_avg,hy_spread_daily_chg,risk_to_crypto,individual,granger_causality_f_test,4.194169361346437,0.00032140583671140034,"(6, 11488)",True,True,True,6,1485,,,,,False
nfci_bic_btc_eth_funding_rate_avg,nfci_robustness,nfci_common_business_day,bic,btc_eth_funding_rate_avg,ig_spread_daily_chg,btc_eth_funding_rate_avg,ig_spread_daily_chg,risk_to_crypto,individual,granger_causality_f_test,7.092760682908633,1.474514543916838e-07,"(6, 11488)",True,True,True,6,1485,,,,,False
nfci_bic_btc_eth_funding_rate_avg,nfci_robustness,nfci_common_business_day,bic,btc_eth_funding_rate_avg,hy_spread_daily_chg + ig_spread_daily_chg,btc_eth_funding_rate_avg,"hy_spread_daily_chg, ig_spread_daily_chg",risk_to_crypto,joint_risk_group,granger_causality_f_test,5.738219494624811,5.644172938824665e-10,"(12, 11488)",True,True,True,6,1485,,,,,False
nfci_bic_tradingVol_btc+eth_daily_log_chg,nfci_robustness,nfci_common_business_day,bic,hy_spread_daily_chg,tradingVol_btc+eth_daily_log_chg,hy_spread_daily_chg,tradingVol_btc+eth_daily_log_chg,crypto_to_risk,individual,granger_causality_f_test,1.0290049406464812,0.404043907420032,"(6, 11488)",False,False,False,6,1485,,,,,False
nfci_bic_tradingVol_btc+eth_daily_log_chg,nfci_robustness,nfci_common_business_day,bic,ig_spread_daily_chg,tradingVol_btc+eth_daily_log_chg,ig_spread_daily_chg,tradingVol_btc+eth_daily_log_chg,crypto_to_risk,individual,granger_causality_f_test,1.8744556443094214,0.08114495874408319,"(6, 11488)",True,False,False,6,1485,,,,,False
nfci_bic_tradingVol_btc+eth_daily_log_chg,nfci_robustness,nfci_common_business_day,bic,tradingVol_btc+eth_daily_log_chg,hy_spread_daily_chg,tradingVol_btc+eth_daily_log_chg,hy_spread_daily_chg,risk_to_crypto,individual,granger_causality_f_test,0.44513981055828383,0.8488613952804676,"(6, 11488)",False,False,False,6,1485,,,,,False
nfci_bic_tradingVol_btc+eth_daily_log_chg,nfci_robustness,nfci_common_business_day,bic,tradingVol_btc+eth_daily_log_chg,ig_spread_daily_chg,tradingVol_btc+eth_daily_log_chg,ig_spread_daily_chg,risk_to_crypto,individual,granger_causality_f_test,0.726100244567586,0.628546906145734,"(6, 11488)",False,False,False,6,1485,,,,,False
nfci_bic_tradingVol_btc+eth_daily_log_chg,nfci_robustness,nfci_common_business_day,bic,tradingVol_btc+eth_daily_log_chg,hy_spread_daily_chg + ig_spread_daily_chg,tradingVol_btc+eth_daily_log_chg,"hy_spread_daily_chg, ig_spread_daily_chg",risk_to_crypto,joint_risk_group,granger_causality_f_test,0.9064675687365836,0.5394713997700137,"(12, 11488)",False,False,False,6,1485,,,,,False
family_bic_stablecoin_liquidity,family_robustness,common_business_day,bic,hy_spread_daily_chg,stablecoin_supply_daily_log_chg,hy_spread_daily_chg,stablecoin_supply_daily_log_chg,crypto_to_risk,individual,granger_causality_f_test,1.5526365797319375,0.21276854696134048,"(1, 13320)",False,False,False,1,1490,,,,,False
family_bic_stablecoin_liquidity,family_robustness,common_business_day,bic,ig_spread_daily_chg,stablecoin_supply_daily_log_chg,ig_spread_daily_chg,stablecoin_supply_daily_log_chg,crypto_to_risk,individual,granger_causality_f_test,2.6938797483696146,0.10075787645702207,"(1, 13320)",False,False,False,1,1490,,,,,False
family_bic_stablecoin_liquidity,family_robustness,common_business_day,bic,hy_spread_daily_chg,stablecoin_exchange_netflow_scaled,hy_spread_daily_chg,stablecoin_exchange_netflow_scaled,crypto_to_risk,individual,granger_causality_f_test,0.16390432641192737,0.6855935445496234,"(1, 13320)",False,False,False,1,1490,,,,,False
family_bic_stablecoin_liquidity,family_robustness,common_business_day,bic,ig_spread_daily_chg,stablecoin_exchange_netflow_scaled,ig_spread_daily_chg,stablecoin_exchange_netflow_scaled,crypto_to_risk,individual,granger_causality_f_test,0.5483891519560612,0.4589896867993276,"(1, 13320)",False,False,False,1,1490,,,,,False
family_bic_stablecoin_liquidity,family_robustness,common_business_day,bic,hy_spread_daily_chg,stablecoin_exchange_reserve_daily_log_chg,hy_spread_daily_chg,stablecoin_exchange_reserve_daily_log_chg,crypto_to_risk,individual,granger_causality_f_test,0.09592741517317294,0.7567775872354273,"(1, 13320)",False,False,False,1,1490,,,,,False
family_bic_stablecoin_liquidity,family_robustness,common_business_day,bic,ig_spread_daily_chg,stablecoin_exchange_reserve_daily_log_chg,ig_spread_daily_chg,stablecoin_exchange_reserve_daily_log_chg,crypto_to_risk,individual,granger_causality_f_test,0.518070807305115,0.47167841150549616,"(1, 13320)",False,False,False,1,1490,,,,,False
family_bic_stablecoin_liquidity,family_robustness,common_business_day,bic,hy_spread_daily_chg,stablecoin_supply_daily_log_chg + stablecoin_exchange_netflow_scaled + stablecoin_exchange_reserve_daily_log_chg,hy_spread_daily_chg,"stablecoin_supply_daily_log_chg, stablecoin_exchange_netflow_scaled, stablecoin_exchange_reserve_daily_log_chg",crypto_to_risk,joint_crypto_group,granger_causality_f_test,0.6136078280325963,0.6061043625497815,"(3, 13320)",False,False,False,1,1490,,,,,False
family_bic_stablecoin_liquidity,family_robustness,common_business_day,bic,ig_spread_daily_chg,stablecoin_supply_daily_log_chg + stablecoin_exchange_netflow_scaled + stablecoin_exchange_reserve_daily_log_chg,ig_spread_daily_chg,"stablecoin_supply_daily_log_chg, stablecoin_exchange_netflow_scaled, stablecoin_exchange_reserve_daily_log_chg",crypto_to_risk,joint_crypto_group,granger_causality_f_test,1.0987302888119161,0.3482127480826152,"(3, 13320)",False,False,False,1,1490,,,,,False
family_bic_stablecoin_liquidity,family_robustness,common_business_day,bic,stablecoin_supply_daily_log_chg,hy_spread_daily_chg,stablecoin_supply_daily_log_chg,hy_spread_daily_chg,risk_to_crypto,individual,granger_causality_f_test,9.855626322278903,0.0016968299016540858,"(1, 13320)",True,True,True,1,1490,,,,,False
family_bic_stablecoin_liquidity,family_robustness,common_business_day,bic,stablecoin_exchange_netflow_scaled,hy_spread_daily_chg,stablecoin_exchange_netflow_scaled,hy_spread_daily_chg,risk_to_crypto,individual,granger_causality_f_test,0.49082575012599106,0.48357142441656686,"(1, 13320)",False,False,False,1,1490,,,,,False
family_bic_stablecoin_liquidity,family_robustness,common_business_day,bic,stablecoin_exchange_reserve_daily_log_chg,hy_spread_daily_chg,stablecoin_exchange_reserve_daily_log_chg,hy_spread_daily_chg,risk_to_crypto,individual,granger_causality_f_test,0.21397179949978756,0.6436795566789976,"(1, 13320)",False,False,False,1,1490,,,,,False
family_bic_stablecoin_liquidity,family_robustness,common_business_day,bic,stablecoin_supply_daily_log_chg,ig_spread_daily_chg,stablecoin_supply_daily_log_chg,ig_spread_daily_chg,risk_to_crypto,individual,granger_causality_f_test,3.4147474223297443,0.06463845569151136,"(1, 13320)",True,False,False,1,1490,,,,,False
family_bic_stablecoin_liquidity,family_robustness,common_business_day,bic,stablecoin_exchange_netflow_scaled,ig_spread_daily_chg,stablecoin_exchange_netflow_scaled,ig_spread_daily_chg,risk_to_crypto,individual,granger_causality_f_test,2.6264412456614736,0.10512070830764027,"(1, 13320)",False,False,False,1,1490,,,,,False
family_bic_stablecoin_liquidity,family_robustness,common_business_day,bic,stablecoin_exchange_reserve_daily_log_chg,ig_spread_daily_chg,stablecoin_exchange_reserve_daily_log_chg,ig_spread_daily_chg,risk_to_crypto,individual,granger_causality_f_test,2.1011565186337204,0.14721131407635754,"(1, 13320)",False,False,False,1,1490,,,,,False
family_bic_stablecoin_liquidity,family_robustness,common_business_day,bic,stablecoin_supply_daily_log_chg,hy_spread_daily_chg + ig_spread_daily_chg,stablecoin_supply_daily_log_chg,"hy_spread_daily_chg, ig_spread_daily_chg",risk_to_crypto,joint_risk_group,granger_causality_f_test,5.147986851125003,0.005822658971895763,"(2, 13320)",True,True,True,1,1490,,,,,False
family_bic_stablecoin_liquidity,family_robustness,common_business_day,bic,stablecoin_exchange_netflow_scaled,hy_spread_daily_chg + ig_spread_daily_chg,stablecoin_exchange_netflow_scaled,"hy_spread_daily_chg, ig_spread_daily_chg",risk_to_crypto,joint_risk_group,granger_causality_f_test,1.5686375248254847,0.20836731435226133,"(2, 13320)",False,False,False,1,1490,,,,,False
family_bic_stablecoin_liquidity,family_robustness,common_business_day,bic,stablecoin_exchange_reserve_daily_log_chg,hy_spread_daily_chg + ig_spread_daily_chg,stablecoin_exchange_reserve_daily_log_chg,"hy_spread_daily_chg, ig_spread_daily_chg",risk_to_crypto,joint_risk_group,granger_causality_f_test,1.4380112438425532,0.23743627193228348,"(2, 13320)",False,False,False,1,1490,,,,,False
family_bic_crypto_derivatives,family_robustness,common_business_day,bic,hy_spread_daily_chg,btc_eth_open_interest_daily_log_chg,hy_spread_daily_chg,btc_eth_open_interest_daily_log_chg,crypto_to_risk,individual,granger_causality_f_test,0.30570532105165554,0.5803380390599335,"(1, 11848)",False,False,False,1,1490,,,,,False
family_bic_crypto_derivatives,family_robustness,common_business_day,bic,ig_spread_daily_chg,btc_eth_open_interest_daily_log_chg,ig_spread_daily_chg,btc_eth_open_interest_daily_log_chg,crypto_to_risk,individual,granger_causality_f_test,1.4138321939680436,0.2344450974015894,"(1, 11848)",False,False,False,1,1490,,,,,False
family_bic_crypto_derivatives,family_robustness,common_business_day,bic,hy_spread_daily_chg,btc_eth_funding_rate_avg,hy_spread_daily_chg,btc_eth_funding_rate_avg,crypto_to_risk,individual,granger_causality_f_test,4.108997283217009,0.04267799145433556,"(1, 11848)",True,True,False,1,1490,,,,,False
family_bic_crypto_derivatives,family_robustness,common_business_day,bic,ig_spread_daily_chg,btc_eth_funding_rate_avg,ig_spread_daily_chg,btc_eth_funding_rate_avg,crypto_to_risk,individual,granger_causality_f_test,4.735132321457754,0.02957226545417523,"(1, 11848)",True,True,False,1,1490,,,,,False
family_bic_crypto_derivatives,family_robustness,common_business_day,bic,hy_spread_daily_chg,btc_eth_open_interest_daily_log_chg + btc_eth_funding_rate_avg,hy_spread_daily_chg,"btc_eth_open_interest_daily_log_chg, btc_eth_funding_rate_avg",crypto_to_risk,joint_crypto_group,granger_causality_f_test,2.364928683363315,0.09400035166034068,"(2, 11848)",True,False,False,1,1490,,,,,False
family_bic_crypto_derivatives,family_robustness,common_business_day,bic,ig_spread_daily_chg,btc_eth_open_interest_daily_log_chg + btc_eth_funding_rate_avg,ig_spread_daily_chg,"btc_eth_open_interest_daily_log_chg, btc_eth_funding_rate_avg",crypto_to_risk,joint_crypto_group,granger_causality_f_test,2.8172168777833035,0.059812105081462445,"(2, 11848)",True,False,False,1,1490,,,,,False
family_bic_crypto_derivatives,family_robustness,common_business_day,bic,btc_eth_open_interest_daily_log_chg,hy_spread_daily_chg,btc_eth_open_interest_daily_log_chg,hy_spread_daily_chg,risk_to_crypto,individual,granger_causality_f_test,0.5166666932610718,0.4722812249676043,"(1, 11848)",False,False,False,1,1490,,,,,False
family_bic_crypto_derivatives,family_robustness,common_business_day,bic,btc_eth_funding_rate_avg,hy_spread_daily_chg,btc_eth_funding_rate_avg,hy_spread_daily_chg,risk_to_crypto,individual,granger_causality_f_test,0.4190294617753946,0.5174342631777691,"(1, 11848)",False,False,False,1,1490,,,,,False
family_bic_crypto_derivatives,family_robustness,common_business_day,bic,btc_eth_open_interest_daily_log_chg,ig_spread_daily_chg,btc_eth_open_interest_daily_log_chg,ig_spread_daily_chg,risk_to_crypto,individual,granger_causality_f_test,10.429073237867662,0.0012438509239370355,"(1, 11848)",True,True,True,1,1490,,,,,False
family_bic_crypto_derivatives,family_robustness,common_business_day,bic,btc_eth_funding_rate_avg,ig_spread_daily_chg,btc_eth_funding_rate_avg,ig_spread_daily_chg,risk_to_crypto,individual,granger_causality_f_test,0.6067262835443942,0.4360386482312758,"(1, 11848)",False,False,False,1,1490,,,,,False
family_bic_crypto_derivatives,family_robustness,common_business_day,bic,btc_eth_open_interest_daily_log_chg,hy_spread_daily_chg + ig_spread_daily_chg,btc_eth_open_interest_daily_log_chg,"hy_spread_daily_chg, ig_spread_daily_chg",risk_to_crypto,joint_risk_group,granger_causality_f_test,8.0678902426269,0.0003151690490756158,"(2, 11848)",True,True,True,1,1490,,,,,False
family_bic_crypto_derivatives,family_robustness,common_business_day,bic,btc_eth_funding_rate_avg,hy_spread_daily_chg + ig_spread_daily_chg,btc_eth_funding_rate_avg,"hy_spread_daily_chg, ig_spread_daily_chg",risk_to_crypto,joint_risk_group,granger_causality_f_test,1.8787927721285143,0.15281994110400116,"(2, 11848)",False,False,False,1,1490,,,,,False
full_var_bic_all_crypto,full_var_appendix,common_business_day,bic,hy_spread_daily_chg,stablecoin_supply_daily_log_chg,hy_spread_daily_chg,stablecoin_supply_daily_log_chg,crypto_to_risk,individual,granger_causality_f_test,2.9837406023685844,0.08412211172173095,"(1, 17724)",True,False,False,1,1490,,,,,False
full_var_bic_all_crypto,full_var_appendix,common_business_day,bic,ig_spread_daily_chg,stablecoin_supply_daily_log_chg,ig_spread_daily_chg,stablecoin_supply_daily_log_chg,crypto_to_risk,individual,granger_causality_f_test,4.6115826812260625,0.03177023057191715,"(1, 17724)",True,True,False,1,1490,,,,,False
full_var_bic_all_crypto,full_var_appendix,common_business_day,bic,hy_spread_daily_chg,stablecoin_exchange_netflow_scaled,hy_spread_daily_chg,stablecoin_exchange_netflow_scaled,crypto_to_risk,individual,granger_causality_f_test,0.19686477648691383,0.6572689154274542,"(1, 17724)",False,False,False,1,1490,,,,,False
full_var_bic_all_crypto,full_var_appendix,common_business_day,bic,ig_spread_daily_chg,stablecoin_exchange_netflow_scaled,ig_spread_daily_chg,stablecoin_exchange_netflow_scaled,crypto_to_risk,individual,granger_causality_f_test,0.6669705043106323,0.41412080168751186,"(1, 17724)",False,False,False,1,1490,,,,,False
full_var_bic_all_crypto,full_var_appendix,common_business_day,bic,hy_spread_daily_chg,stablecoin_exchange_reserve_daily_log_chg,hy_spread_daily_chg,stablecoin_exchange_reserve_daily_log_chg,crypto_to_risk,individual,granger_causality_f_test,0.10902342547300042,0.7412626052654003,"(1, 17724)",False,False,False,1,1490,,,,,False
full_var_bic_all_crypto,full_var_appendix,common_business_day,bic,ig_spread_daily_chg,stablecoin_exchange_reserve_daily_log_chg,ig_spread_daily_chg,stablecoin_exchange_reserve_daily_log_chg,crypto_to_risk,individual,granger_causality_f_test,0.6195431206250186,0.431227640554785,"(1, 17724)",False,False,False,1,1490,,,,,False
full_var_bic_all_crypto,full_var_appendix,common_business_day,bic,hy_spread_daily_chg,btc_eth_open_interest_daily_log_chg,hy_spread_daily_chg,btc_eth_open_interest_daily_log_chg,crypto_to_risk,individual,granger_causality_f_test,0.2396839097658419,0.6244405639940771,"(1, 17724)",False,False,False,1,1490,,,,,False
full_var_bic_all_crypto,full_var_appendix,common_business_day,bic,ig_spread_daily_chg,btc_eth_open_interest_daily_log_chg,ig_spread_daily_chg,btc_eth_open_interest_daily_log_chg,crypto_to_risk,individual,granger_causality_f_test,1.7256370550179765,0.18898604979924685,"(1, 17724)",False,False,False,1,1490,,,,,False
full_var_bic_all_crypto,full_var_appendix,common_business_day,bic,hy_spread_daily_chg,btc_eth_funding_rate_avg,hy_spread_daily_chg,btc_eth_funding_rate_avg,crypto_to_risk,individual,granger_causality_f_test,5.407643018095956,0.02005999636027727,"(1, 17724)",True,True,False,1,1490,,,,,False
full_var_bic_all_crypto,full_var_appendix,common_business_day,bic,ig_spread_daily_chg,btc_eth_funding_rate_avg,ig_spread_daily_chg,btc_eth_funding_rate_avg,crypto_to_risk,individual,granger_causality_f_test,6.598231837505816,0.010216119222939381,"(1, 17724)",True,True,False,1,1490,,,,,False
full_var_bic_all_crypto,full_var_appendix,common_business_day,bic,hy_spread_daily_chg,tradingVol_btc+eth_daily_log_chg,hy_spread_daily_chg,tradingVol_btc+eth_daily_log_chg,crypto_to_risk,individual,granger_causality_f_test,1.0564236407957381,0.3040463154751457,"(1, 17724)",False,False,False,1,1490,,,,,False
full_var_bic_all_crypto,full_var_appendix,common_business_day,bic,ig_spread_daily_chg,tradingVol_btc+eth_daily_log_chg,ig_spread_daily_chg,tradingVol_btc+eth_daily_log_chg,crypto_to_risk,individual,granger_causality_f_test,2.1444764426911322,0.14310157725571213,"(1, 17724)",False,False,False,1,1490,,,,,False
full_var_bic_all_crypto,full_var_appendix,common_business_day,bic,hy_spread_daily_chg,stablecoin_supply_daily_log_chg + stablecoin_exchange_netflow_scaled + stablecoin_exchange_reserve_daily_log_chg + btc_eth_open_interest_daily_log_chg + btc_eth_funding_rate_avg + tradingVol_btc+eth_daily_log_chg,hy_spread_daily_chg,"stablecoin_supply_daily_log_chg, stablecoin_exchange_netflow_scaled, stablecoin_exchange_reserve_daily_log_chg, btc_eth_open_interest_daily_log_chg, btc_eth_funding_rate_avg, tradingVol_btc+eth_daily_log_chg",crypto_to_risk,joint_crypto_group,granger_causality_f_test,1.4980992667844524,0.1742918173823597,"(6, 17724)",False,False,False,1,1490,,,,,False
full_var_bic_all_crypto,full_var_appendix,common_business_day,bic,ig_spread_daily_chg,stablecoin_supply_daily_log_chg + stablecoin_exchange_netflow_scaled + stablecoin_exchange_reserve_daily_log_chg + btc_eth_open_interest_daily_log_chg + btc_eth_funding_rate_avg + tradingVol_btc+eth_daily_log_chg,ig_spread_daily_chg,"stablecoin_supply_daily_log_chg, stablecoin_exchange_netflow_scaled, stablecoin_exchange_reserve_daily_log_chg, btc_eth_open_interest_daily_log_chg, btc_eth_funding_rate_avg, tradingVol_btc+eth_daily_log_chg",crypto_to_risk,joint_crypto_group,granger_causality_f_test,2.16010661088955,0.04371801105086561,"(6, 17724)",True,True,False,1,1490,,,,,False
full_var_bic_all_crypto,full_var_appendix,common_business_day,bic,stablecoin_supply_daily_log_chg,hy_spread_daily_chg,stablecoin_supply_daily_log_chg,hy_spread_daily_chg,risk_to_crypto,individual,granger_causality_f_test,9.2957130543074,0.0023002937074025616,"(1, 17724)",True,True,True,1,1490,,,,,False
full_var_bic_all_crypto,full_var_appendix,common_business_day,bic,stablecoin_exchange_netflow_scaled,hy_spread_daily_chg,stablecoin_exchange_netflow_scaled,hy_spread_daily_chg,risk_to_crypto,individual,granger_causality_f_test,0.9865215686257474,0.32060758149751234,"(1, 17724)",False,False,False,1,1490,,,,,False
full_var_bic_all_crypto,full_var_appendix,common_business_day,bic,stablecoin_exchange_reserve_daily_log_chg,hy_spread_daily_chg,stablecoin_exchange_reserve_daily_log_chg,hy_spread_daily_chg,risk_to_crypto,individual,granger_causality_f_test,0.6455942094163925,0.421703058152348,"(1, 17724)",False,False,False,1,1490,,,,,False
full_var_bic_all_crypto,full_var_appendix,common_business_day,bic,btc_eth_open_interest_daily_log_chg,hy_spread_daily_chg,btc_eth_open_interest_daily_log_chg,hy_spread_daily_chg,risk_to_crypto,individual,granger_causality_f_test,0.5266573747518879,0.4680251506374091,"(1, 17724)",False,False,False,1,1490,,,,,False
full_var_bic_all_crypto,full_var_appendix,common_business_day,bic,btc_eth_funding_rate_avg,hy_spread_daily_chg,btc_eth_funding_rate_avg,hy_spread_daily_chg,risk_to_crypto,individual,granger_causality_f_test,0.525712224609555,0.46842470081637566,"(1, 17724)",False,False,False,1,1490,,,,,False
full_var_bic_all_crypto,full_var_appendix,common_business_day,bic,tradingVol_btc+eth_daily_log_chg,hy_spread_daily_chg,tradingVol_btc+eth_daily_log_chg,hy_spread_daily_chg,risk_to_crypto,individual,granger_causality_f_test,0.5765569328417358,0.4476751650059292,"(1, 17724)",False,False,False,1,1490,,,,,False
full_var_bic_all_crypto,full_var_appendix,common_business_day,bic,stablecoin_supply_daily_log_chg,ig_spread_daily_chg,stablecoin_supply_daily_log_chg,ig_spread_daily_chg,risk_to_crypto,individual,granger_causality_f_test,2.640225629227439,0.10420652659554791,"(1, 17724)",False,False,False,1,1490,,,,,False
full_var_bic_all_crypto,full_var_appendix,common_business_day,bic,stablecoin_exchange_netflow_scaled,ig_spread_daily_chg,stablecoin_exchange_netflow_scaled,ig_spread_daily_chg,risk_to_crypto,individual,granger_causality_f_test,2.6439087620151835,0.1039652904893633,"(1, 17724)",False,False,False,1,1490,,,,,False
full_var_bic_all_crypto,full_var_appendix,common_business_day,bic,stablecoin_exchange_reserve_daily_log_chg,ig_spread_daily_chg,stablecoin_exchange_reserve_daily_log_chg,ig_spread_daily_chg,risk_to_crypto,individual,granger_causality_f_test,2.1758945661755593,0.1402057415020732,"(1, 17724)",False,False,False,1,1490,,,,,False
full_var_bic_all_crypto,full_var_appendix,common_business_day,bic,btc_eth_open_interest_daily_log_chg,ig_spread_daily_chg,btc_eth_open_interest_daily_log_chg,ig_spread_daily_chg,risk_to_crypto,individual,granger_causality_f_test,10.605265727664817,0.0011297792078377273,"(1, 17724)",True,True,True,1,1490,,,,,False
full_var_bic_all_crypto,full_var_appendix,common_business_day,bic,btc_eth_funding_rate_avg,ig_spread_daily_chg,btc_eth_funding_rate_avg,ig_spread_daily_chg,risk_to_crypto,individual,granger_causality_f_test,0.6048629645640091,0.4367389580317166,"(1, 17724)",False,False,False,1,1490,,,,,False
full_var_bic_all_crypto,full_var_appendix,common_business_day,bic,tradingVol_btc+eth_daily_log_chg,ig_spread_daily_chg,tradingVol_btc+eth_daily_log_chg,ig_spread_daily_chg,risk_to_crypto,individual,granger_causality_f_test,7.123315083074992,0.007615717599459629,"(1, 17724)",True,True,True,1,1490,,,,,False
full_var_bic_all_crypto,full_var_appendix,common_business_day,bic,stablecoin_supply_daily_log_chg,hy_spread_daily_chg + ig_spread_daily_chg,stablecoin_supply_daily_log_chg,"hy_spread_daily_chg, ig_spread_daily_chg",risk_to_crypto,joint_risk_group,granger_causality_f_test,5.027856929190397,0.006562188028124925,"(2, 17724)",True,True,True,1,1490,,,,,False
full_var_bic_all_crypto,full_var_appendix,common_business_day,bic,stablecoin_exchange_netflow_scaled,hy_spread_daily_chg + ig_spread_daily_chg,stablecoin_exchange_netflow_scaled,"hy_spread_daily_chg, ig_spread_daily_chg",risk_to_crypto,joint_risk_group,granger_causality_f_test,1.3611412889879733,0.2563948169620396,"(2, 17724)",False,False,False,1,1490,,,,,False
full_var_bic_all_crypto,full_var_appendix,common_business_day,bic,stablecoin_exchange_reserve_daily_log_chg,hy_spread_daily_chg + ig_spread_daily_chg,stablecoin_exchange_reserve_daily_log_chg,"hy_spread_daily_chg, ig_spread_daily_chg",risk_to_crypto,joint_risk_group,granger_causality_f_test,1.1665293350214856,0.31146990298995353,"(2, 17724)",False,False,False,1,1490,,,,,False
full_var_bic_all_crypto,full_var_appendix,common_business_day,bic,btc_eth_open_interest_daily_log_chg,hy_spread_daily_chg + ig_spread_daily_chg,btc_eth_open_interest_daily_log_chg,"hy_spread_daily_chg, ig_spread_daily_chg",risk_to_crypto,joint_risk_group,granger_causality_f_test,8.196711495589396,0.0002766041465790985,"(2, 17724)",True,True,True,1,1490,,,,,False
full_var_bic_all_crypto,full_var_appendix,common_business_day,bic,btc_eth_funding_rate_avg,hy_spread_daily_chg + ig_spread_daily_chg,btc_eth_funding_rate_avg,"hy_spread_daily_chg, ig_spread_daily_chg",risk_to_crypto,joint_risk_group,granger_causality_f_test,2.081811790941809,0.124734561763621,"(2, 17724)",False,False,False,1,1490,,,,,False
full_var_bic_all_crypto,full_var_appendix,common_business_day,bic,tradingVol_btc+eth_daily_log_chg,hy_spread_daily_chg + ig_spread_daily_chg,tradingVol_btc+eth_daily_log_chg,"hy_spread_daily_chg, ig_spread_daily_chg",risk_to_crypto,joint_risk_group,granger_causality_f_test,5.060616664980693,0.006350813967872836,"(2, 17724)",True,True,True,1,1490,,,,,False
split_2020_2023_bic_stablecoin_supply_daily_log_chg,split_sample_screen,common_business_day_2020_2023,bic,hy_spread_daily_chg,stablecoin_supply_daily_log_chg,hy_spread_daily_chg,stablecoin_supply_daily_log_chg,crypto_to_risk,individual,granger_causality_f_test,1.1416977246373818,0.28533131988354477,"(1, 6888)",False,False,False,1,992,,split_2020_2023_forward_12_tests,12.0,0.5706626397670895,False
split_2020_2023_bic_stablecoin_supply_daily_log_chg,split_sample_screen,common_business_day_2020_2023,bic,ig_spread_daily_chg,stablecoin_supply_daily_log_chg,ig_spread_daily_chg,stablecoin_supply_daily_log_chg,crypto_to_risk,individual,granger_causality_f_test,2.0206189552237728,0.15522115059187017,"(1, 6888)",False,False,False,1,992,,split_2020_2023_forward_12_tests,12.0,0.46601225800038687,False
split_2020_2023_bic_stablecoin_supply_daily_log_chg,split_sample_screen,common_business_day_2020_2023,bic,stablecoin_supply_daily_log_chg,hy_spread_daily_chg,stablecoin_supply_daily_log_chg,hy_spread_daily_chg,risk_to_crypto,individual,granger_causality_f_test,7.662160264824281,0.005654162065819929,"(1, 6888)",True,True,True,1,992,,split_2020_2023_reverse_12_tests,12.0,0.06784994478983916,True
split_2020_2023_bic_stablecoin_supply_daily_log_chg,split_sample_screen,common_business_day_2020_2023,bic,stablecoin_supply_daily_log_chg,ig_spread_daily_chg,stablecoin_supply_daily_log_chg,ig_spread_daily_chg,risk_to_crypto,individual,granger_causality_f_test,3.101785280325374,0.07825085042797128,"(1, 6888)",True,False,False,1,992,,split_2020_2023_reverse_12_tests,12.0,0.23475255128391384,False
split_2020_2023_bic_stablecoin_supply_daily_log_chg,split_sample_screen,common_business_day_2020_2023,bic,stablecoin_supply_daily_log_chg,hy_spread_daily_chg + ig_spread_daily_chg,stablecoin_supply_daily_log_chg,"hy_spread_daily_chg, ig_spread_daily_chg",risk_to_crypto,joint_risk_group,granger_causality_f_test,3.899616245923395,0.020294402752034257,"(2, 6888)",True,True,False,1,992,,,,,False
split_2020_2023_bic_stablecoin_exchange_netflow_scaled,split_sample_screen,common_business_day_2020_2023,bic,hy_spread_daily_chg,stablecoin_exchange_netflow_scaled,hy_spread_daily_chg,stablecoin_exchange_netflow_scaled,crypto_to_risk,individual,granger_causality_f_test,0.049146466892314666,0.8245617681941906,"(1, 6888)",False,False,False,1,992,,split_2020_2023_forward_12_tests,12.0,0.9515271166940076,False
split_2020_2023_bic_stablecoin_exchange_netflow_scaled,split_sample_screen,common_business_day_2020_2023,bic,ig_spread_daily_chg,stablecoin_exchange_netflow_scaled,ig_spread_daily_chg,stablecoin_exchange_netflow_scaled,crypto_to_risk,individual,granger_causality_f_test,0.0036955922446821016,0.9515271166940076,"(1, 6888)",False,False,False,1,992,,split_2020_2023_forward_12_tests,12.0,0.9515271166940076,False
split_2020_2023_bic_stablecoin_exchange_netflow_scaled,split_sample_screen,common_business_day_2020_2023,bic,stablecoin_exchange_netflow_scaled,hy_spread_daily_chg,stablecoin_exchange_netflow_scaled,hy_spread_daily_chg,risk_to_crypto,individual,granger_causality_f_test,0.220806044375771,0.6384413140366694,"(1, 6888)",False,False,False,1,992,,split_2020_2023_reverse_12_tests,12.0,0.7164343677734449,False
split_2020_2023_bic_stablecoin_exchange_netflow_scaled,split_sample_screen,common_business_day_2020_2023,bic,stablecoin_exchange_netflow_scaled,ig_spread_daily_chg,stablecoin_exchange_netflow_scaled,ig_spread_daily_chg,risk_to_crypto,individual,granger_causality_f_test,1.7584396605165276,0.18486322763404728,"(1, 6888)",False,False,False,1,992,,split_2020_2023_reverse_12_tests,12.0,0.36972645526809456,False
split_2020_2023_bic_stablecoin_exchange_netflow_scaled,split_sample_screen,common_business_day_2020_2023,bic,stablecoin_exchange_netflow_scaled,hy_spread_daily_chg + ig_spread_daily_chg,stablecoin_exchange_netflow_scaled,"hy_spread_daily_chg, ig_spread_daily_chg",risk_to_crypto,joint_risk_group,granger_causality_f_test,1.139135144460036,0.3201560338633528,"(2, 6888)",False,False,False,1,992,,,,,False
split_2020_2023_bic_stablecoin_exchange_reserve_daily_log_chg,split_sample_screen,common_business_day_2020_2023,bic,hy_spread_daily_chg,stablecoin_exchange_reserve_daily_log_chg,hy_spread_daily_chg,stablecoin_exchange_reserve_daily_log_chg,crypto_to_risk,individual,granger_causality_f_test,0.018300578454060384,0.8923947423322022,"(1, 6888)",False,False,False,1,992,,split_2020_2023_forward_12_tests,12.0,0.9515271166940076,False
split_2020_2023_bic_stablecoin_exchange_reserve_daily_log_chg,split_sample_screen,common_business_day_2020_2023,bic,ig_spread_daily_chg,stablecoin_exchange_reserve_daily_log_chg,ig_spread_daily_chg,stablecoin_exchange_reserve_daily_log_chg,crypto_to_risk,individual,granger_causality_f_test,0.033819804671061625,0.8540960497394641,"(1, 6888)",False,False,False,1,992,,split_2020_2023_forward_12_tests,12.0,0.9515271166940076,False
split_2020_2023_bic_stablecoin_exchange_reserve_daily_log_chg,split_sample_screen,common_business_day_2020_2023,bic,stablecoin_exchange_reserve_daily_log_chg,hy_spread_daily_chg,stablecoin_exchange_reserve_daily_log_chg,hy_spread_daily_chg,risk_to_crypto,individual,granger_causality_f_test,0.07646915217826308,0.782148885657906,"(1, 6888)",False,False,False,1,992,,split_2020_2023_reverse_12_tests,12.0,0.782148885657906,False
split_2020_2023_bic_stablecoin_exchange_reserve_daily_log_chg,split_sample_screen,common_business_day_2020_2023,bic,stablecoin_exchange_reserve_daily_log_chg,ig_spread_daily_chg,stablecoin_exchange_reserve_daily_log_chg,ig_spread_daily_chg,risk_to_crypto,individual,granger_causality_f_test,1.4775332122993832,0.22420253296937206,"(1, 6888)",False,False,False,1,992,,split_2020_2023_reverse_12_tests,12.0,0.3843471993760664,False
split_2020_2023_bic_stablecoin_exchange_reserve_daily_log_chg,split_sample_screen,common_business_day_2020_2023,bic,stablecoin_exchange_reserve_daily_log_chg,hy_spread_daily_chg + ig_spread_daily_chg,stablecoin_exchange_reserve_daily_log_chg,"hy_spread_daily_chg, ig_spread_daily_chg",risk_to_crypto,joint_risk_group,granger_causality_f_test,1.131055215804059,0.32275249149369,"(2, 6888)",False,False,False,1,992,,,,,False
split_2020_2023_bic_btc_eth_open_interest_daily_log_chg,split_sample_screen,common_business_day_2020_2023,bic,hy_spread_daily_chg,btc_eth_open_interest_daily_log_chg,hy_spread_daily_chg,btc_eth_open_interest_daily_log_chg,crypto_to_risk,individual,granger_causality_f_test,0.8633227362123678,0.3528430745724207,"(1, 6888)",False,False,False,1,992,,split_2020_2023_forward_12_tests,12.0,0.6048738421241497,False
split_2020_2023_bic_btc_eth_open_interest_daily_log_chg,split_sample_screen,common_business_day_2020_2023,bic,ig_spread_daily_chg,btc_eth_open_interest_daily_log_chg,ig_spread_daily_chg,btc_eth_open_interest_daily_log_chg,crypto_to_risk,individual,granger_causality_f_test,0.5215731023431452,0.4701959286642039,"(1, 6888)",False,False,False,1,992,,split_2020_2023_forward_12_tests,12.0,0.7052938929963058,False
split_2020_2023_bic_btc_eth_open_interest_daily_log_chg,split_sample_screen,common_business_day_2020_2023,bic,btc_eth_open_interest_daily_log_chg,hy_spread_daily_chg,btc_eth_open_interest_daily_log_chg,hy_spread_daily_chg,risk_to_crypto,individual,granger_causality_f_test,0.1975354710347404,0.6567315037923245,"(1, 6888)",False,False,False,1,992,,split_2020_2023_reverse_12_tests,12.0,0.7164343677734449,False
split_2020_2023_bic_btc_eth_open_interest_daily_log_chg,split_sample_screen,common_business_day_2020_2023,bic,btc_eth_open_interest_daily_log_chg,ig_spread_daily_chg,btc_eth_open_interest_daily_log_chg,ig_spread_daily_chg,risk_to_crypto,individual,granger_causality_f_test,4.959673078020007,0.025977310025566743,"(1, 6888)",True,True,False,1,992,,split_2020_2023_reverse_12_tests,12.0,0.1430282080441904,False
split_2020_2023_bic_btc_eth_open_interest_daily_log_chg,split_sample_screen,common_business_day_2020_2023,bic,btc_eth_open_interest_daily_log_chg,hy_spread_daily_chg + ig_spread_daily_chg,btc_eth_open_interest_daily_log_chg,"hy_spread_daily_chg, ig_spread_daily_chg",risk_to_crypto,joint_risk_group,granger_causality_f_test,3.9221120686863586,0.019843466613898155,"(2, 6888)",True,True,False,1,992,,,,,False
split_2020_2023_bic_btc_eth_funding_rate_avg,split_sample_screen,common_business_day_2020_2023,bic,hy_spread_daily_chg,btc_eth_funding_rate_avg,hy_spread_daily_chg,btc_eth_funding_rate_avg,crypto_to_risk,individual,granger_causality_f_test,3.9674123086695787,0.04642842653593013,"(1, 6888)",True,True,False,1,992,,split_2020_2023_forward_12_tests,12.0,0.46601225800038687,False
split_2020_2023_bic_btc_eth_funding_rate_avg,split_sample_screen,common_business_day_2020_2023,bic,ig_spread_daily_chg,btc_eth_funding_rate_avg,ig_spread_daily_chg,btc_eth_funding_rate_avg,crypto_to_risk,individual,granger_causality_f_test,2.7214603308240233,0.09905299355265927,"(1, 6888)",True,False,False,1,992,,split_2020_2023_forward_12_tests,12.0,0.46601225800038687,False
split_2020_2023_bic_btc_eth_funding_rate_avg,split_sample_screen,common_business_day_2020_2023,bic,btc_eth_funding_rate_avg,hy_spread_daily_chg,btc_eth_funding_rate_avg,hy_spread_daily_chg,risk_to_crypto,individual,granger_causality_f_test,2.0702953139542974,0.1502378734764782,"(1, 6888)",False,False,False,1,992,,split_2020_2023_reverse_12_tests,12.0,0.3605708963435477,False
split_2020_2023_bic_btc_eth_funding_rate_avg,split_sample_screen,common_business_day_2020_2023,bic,btc_eth_funding_rate_avg,ig_spread_daily_chg,btc_eth_funding_rate_avg,ig_spread_daily_chg,risk_to_crypto,individual,granger_causality_f_test,0.20255629293424168,0.6526795076006084,"(1, 6888)",False,False,False,1,992,,split_2020_2023_reverse_12_tests,12.0,0.7164343677734449,False
split_2020_2023_bic_btc_eth_funding_rate_avg,split_sample_screen,common_business_day_2020_2023,bic,btc_eth_funding_rate_avg,hy_spread_daily_chg + ig_spread_daily_chg,btc_eth_funding_rate_avg,"hy_spread_daily_chg, ig_spread_daily_chg",risk_to_crypto,joint_risk_group,granger_causality_f_test,3.4200115004127616,0.03276761729979927,"(2, 6888)",True,True,False,1,992,,,,,False
split_2020_2023_bic_tradingVol_btc+eth_daily_log_chg,split_sample_screen,common_business_day_2020_2023,bic,hy_spread_daily_chg,tradingVol_btc+eth_daily_log_chg,hy_spread_daily_chg,tradingVol_btc+eth_daily_log_chg,crypto_to_risk,individual,granger_causality_f_test,1.6860060039972313,0.19417177416682788,"(1, 6888)",False,False,False,1,992,,split_2020_2023_forward_12_tests,12.0,0.46601225800038687,False
split_2020_2023_bic_tradingVol_btc+eth_daily_log_chg,split_sample_screen,common_business_day_2020_2023,bic,ig_spread_daily_chg,tradingVol_btc+eth_daily_log_chg,ig_spread_daily_chg,tradingVol_btc+eth_daily_log_chg,crypto_to_risk,individual,granger_causality_f_test,1.7725287584475065,0.1831134945679535,"(1, 6888)",False,False,False,1,992,,split_2020_2023_forward_12_tests,12.0,0.46601225800038687,False
split_2020_2023_bic_tradingVol_btc+eth_daily_log_chg,split_sample_screen,common_business_day_2020_2023,bic,tradingVol_btc+eth_daily_log_chg,hy_spread_daily_chg,tradingVol_btc+eth_daily_log_chg,hy_spread_daily_chg,risk_to_crypto,individual,granger_causality_f_test,0.20031903862491965,0.6544775250150385,"(1, 6888)",False,False,False,1,992,,split_2020_2023_reverse_12_tests,12.0,0.7164343677734449,False
split_2020_2023_bic_tradingVol_btc+eth_daily_log_chg,split_sample_screen,common_business_day_2020_2023,bic,tradingVol_btc+eth_daily_log_chg,ig_spread_daily_chg,tradingVol_btc+eth_daily_log_chg,ig_spread_daily_chg,risk_to_crypto,individual,granger_causality_f_test,4.410385025973373,0.0357570520110476,"(1, 6888)",True,True,False,1,992,,split_2020_2023_reverse_12_tests,12.0,0.1430282080441904,False
split_2020_2023_bic_tradingVol_btc+eth_daily_log_chg,split_sample_screen,common_business_day_2020_2023,bic,tradingVol_btc+eth_daily_log_chg,hy_spread_daily_chg + ig_spread_daily_chg,tradingVol_btc+eth_daily_log_chg,"hy_spread_daily_chg, ig_spread_daily_chg",risk_to_crypto,joint_risk_group,granger_causality_f_test,6.371567869821127,0.001719569563124326,"(2, 6888)",True,True,True,1,992,,,,,False
