specification,horizon,impulse,response,irf,lag_order,nobs
var_stablecoin_supply_daily_log_chg,0,stablecoin_supply_daily_log_chg,sp500_daily_log_ret,0.0,1,1418
var_stablecoin_supply_daily_log_chg,1,stablecoin_supply_daily_log_chg,sp500_daily_log_ret,-0.06771679111940031,1,1418
var_stablecoin_supply_daily_log_chg,2,stablecoin_supply_daily_log_chg,sp500_daily_log_ret,-0.02325432635123509,1,1418
var_stablecoin_supply_daily_log_chg,3,stablecoin_supply_daily_log_chg,sp500_daily_log_ret,-0.020103085882774423,1,1418
var_stablecoin_supply_daily_log_chg,4,stablecoin_supply_daily_log_chg,sp500_daily_log_ret,-0.010388088755857268,1,1418
var_stablecoin_supply_daily_log_chg,5,stablecoin_supply_daily_log_chg,sp500_daily_log_ret,-0.006769303819055237,1,1418
var_stablecoin_supply_daily_log_chg,6,stablecoin_supply_daily_log_chg,sp500_daily_log_ret,-0.0041723691901757376,1,1418
var_stablecoin_supply_daily_log_chg,7,stablecoin_supply_daily_log_chg,sp500_daily_log_ret,-0.0026043218474538408,1,1418
var_stablecoin_supply_daily_log_chg,8,stablecoin_supply_daily_log_chg,sp500_daily_log_ret,-0.0016303355915592982,1,1418
var_stablecoin_supply_daily_log_chg,9,stablecoin_supply_daily_log_chg,sp500_daily_log_ret,-0.0010194128258489748,1,1418
var_stablecoin_supply_daily_log_chg,10,stablecoin_supply_daily_log_chg,sp500_daily_log_ret,-0.0006380274526272879,1,1418
var_stablecoin_supply_daily_log_chg,11,stablecoin_supply_daily_log_chg,sp500_daily_log_ret,-0.00039930193599672784,1,1418
var_stablecoin_supply_daily_log_chg,12,stablecoin_supply_daily_log_chg,sp500_daily_log_ret,-0.0002499113974630064,1,1418
var_stablecoin_supply_daily_log_chg,13,stablecoin_supply_daily_log_chg,sp500_daily_log_ret,-0.00015641760408935238,1,1418
var_stablecoin_supply_daily_log_chg,14,stablecoin_supply_daily_log_chg,sp500_daily_log_ret,-9.790050493360317e-05,1,1418
var_stablecoin_supply_daily_log_chg,15,stablecoin_supply_daily_log_chg,sp500_daily_log_ret,-6.127551663277084e-05,1,1418
var_stablecoin_supply_daily_log_chg,16,stablecoin_supply_daily_log_chg,sp500_daily_log_ret,-3.835212632637512e-05,1,1418
var_stablecoin_supply_daily_log_chg,17,stablecoin_supply_daily_log_chg,sp500_daily_log_ret,-2.4004472389200774e-05,1,1418
var_stablecoin_supply_daily_log_chg,18,stablecoin_supply_daily_log_chg,sp500_daily_log_ret,-1.5024327228234947e-05,1,1418
var_stablecoin_supply_daily_log_chg,19,stablecoin_supply_daily_log_chg,sp500_daily_log_ret,-9.403682043740863e-06,1,1418
var_stablecoin_supply_daily_log_chg,20,stablecoin_supply_daily_log_chg,sp500_daily_log_ret,-5.88573716581641e-06,1,1418
var_stablecoin_supply_daily_log_chg,0,stablecoin_supply_daily_log_chg,vix_daily_log_chg,0.0,1,1418
var_stablecoin_supply_daily_log_chg,1,stablecoin_supply_daily_log_chg,vix_daily_log_chg,0.012495265764281727,1,1418
var_stablecoin_supply_daily_log_chg,2,stablecoin_supply_daily_log_chg,vix_daily_log_chg,0.011433233300023939,1,1418
var_stablecoin_supply_daily_log_chg,3,stablecoin_supply_daily_log_chg,vix_daily_log_chg,0.0039001468284037017,1,1418
var_stablecoin_supply_daily_log_chg,4,stablecoin_supply_daily_log_chg,vix_daily_log_chg,-0.00692001008004401,1,1418
var_stablecoin_supply_daily_log_chg,5,stablecoin_supply_daily_log_chg,vix_daily_log_chg,-0.004197079156391312,1,1418
var_stablecoin_supply_daily_log_chg,6,stablecoin_supply_daily_log_chg,vix_daily_log_chg,-0.0030784813400907586,1,1418
var_stablecoin_supply_daily_log_chg,7,stablecoin_supply_daily_log_chg,vix_daily_log_chg,-0.0019980958687738186,1,1418
var_stablecoin_supply_daily_log_chg,8,stablecoin_supply_daily_log_chg,vix_daily_log_chg,-0.0012651159430127085,1,1418
var_stablecoin_supply_daily_log_chg,9,stablecoin_supply_daily_log_chg,vix_daily_log_chg,-0.0007991761476418812,1,1418
var_stablecoin_supply_daily_log_chg,10,stablecoin_supply_daily_log_chg,vix_daily_log_chg,-0.0005012395458678516,1,1418
var_stablecoin_supply_daily_log_chg,11,stablecoin_supply_daily_log_chg,vix_daily_log_chg,-0.0003141460455215516,1,1418
var_stablecoin_supply_daily_log_chg,12,stablecoin_supply_daily_log_chg,vix_daily_log_chg,-0.00019672848953799143,1,1418
var_stablecoin_supply_daily_log_chg,13,stablecoin_supply_daily_log_chg,vix_daily_log_chg,-0.00012315578771293393,1,1418
var_stablecoin_supply_daily_log_chg,14,stablecoin_supply_daily_log_chg,vix_daily_log_chg,-7.70908755582741e-05,1,1418
var_stablecoin_supply_daily_log_chg,15,stablecoin_supply_daily_log_chg,vix_daily_log_chg,-4.825274107206198e-05,1,1418
var_stablecoin_supply_daily_log_chg,16,stablecoin_supply_daily_log_chg,vix_daily_log_chg,-3.0201770355374517e-05,1,1418
var_stablecoin_supply_daily_log_chg,17,stablecoin_supply_daily_log_chg,vix_daily_log_chg,-1.8903340108136036e-05,1,1418
var_stablecoin_supply_daily_log_chg,18,stablecoin_supply_daily_log_chg,vix_daily_log_chg,-1.1831580763223473e-05,1,1418
var_stablecoin_supply_daily_log_chg,19,stablecoin_supply_daily_log_chg,vix_daily_log_chg,-7.405362131911594e-06,1,1418
var_stablecoin_supply_daily_log_chg,20,stablecoin_supply_daily_log_chg,vix_daily_log_chg,-4.6349972572690755e-06,1,1418
var_stablecoin_supply_daily_log_chg,0,stablecoin_supply_daily_log_chg,hy_spread_daily_chg,0.0,1,1418
var_stablecoin_supply_daily_log_chg,1,stablecoin_supply_daily_log_chg,hy_spread_daily_chg,1.2763567199376644,1,1418
var_stablecoin_supply_daily_log_chg,2,stablecoin_supply_daily_log_chg,hy_spread_daily_chg,0.7250135676942517,1,1418
var_stablecoin_supply_daily_log_chg,3,stablecoin_supply_daily_log_chg,hy_spread_daily_chg,0.4413986018136696,1,1418
var_stablecoin_supply_daily_log_chg,4,stablecoin_supply_daily_log_chg,hy_spread_daily_chg,0.27961502793787213,1,1418
var_stablecoin_supply_daily_log_chg,5,stablecoin_supply_daily_log_chg,hy_spread_daily_chg,0.17221226597064007,1,1418
var_stablecoin_supply_daily_log_chg,6,stablecoin_supply_daily_log_chg,hy_spread_daily_chg,0.10812501646359114,1,1418
var_stablecoin_supply_daily_log_chg,7,stablecoin_supply_daily_log_chg,hy_spread_daily_chg,0.06755335042618688,1,1418
var_stablecoin_supply_daily_log_chg,8,stablecoin_supply_daily_log_chg,hy_spread_daily_chg,0.04227349449584557,1,1418
var_stablecoin_supply_daily_log_chg,9,stablecoin_supply_daily_log_chg,hy_spread_daily_chg,0.026457577409633577,1,1418
var_stablecoin_supply_daily_log_chg,10,stablecoin_supply_daily_log_chg,hy_spread_daily_chg,0.016558103945181847,1,1418
var_stablecoin_supply_daily_log_chg,11,stablecoin_supply_daily_log_chg,hy_spread_daily_chg,0.010363607605588087,1,1418
var_stablecoin_supply_daily_log_chg,12,stablecoin_supply_daily_log_chg,hy_spread_daily_chg,0.006486472366790391,1,1418
var_stablecoin_supply_daily_log_chg,13,stablecoin_supply_daily_log_chg,hy_spread_daily_chg,0.0040598473755753765,1,1418
var_stablecoin_supply_daily_log_chg,14,stablecoin_supply_daily_log_chg,hy_spread_daily_chg,0.0025410435811868593,1,1418
var_stablecoin_supply_daily_log_chg,15,stablecoin_supply_daily_log_chg,hy_spread_daily_chg,0.001590430352367842,1,1418
var_stablecoin_supply_daily_log_chg,16,stablecoin_supply_daily_log_chg,hy_spread_daily_chg,0.0009954455086091858,1,1418
var_stablecoin_supply_daily_log_chg,17,stablecoin_supply_daily_log_chg,hy_spread_daily_chg,0.0006230463767822578,1,1418
var_stablecoin_supply_daily_log_chg,18,stablecoin_supply_daily_log_chg,hy_spread_daily_chg,0.0003899629010371783,1,1418
var_stablecoin_supply_daily_log_chg,19,stablecoin_supply_daily_log_chg,hy_spread_daily_chg,0.0002440766456732273,1,1418
var_stablecoin_supply_daily_log_chg,20,stablecoin_supply_daily_log_chg,hy_spread_daily_chg,0.00015276686430403674,1,1418
var_stablecoin_supply_daily_log_chg,0,stablecoin_supply_daily_log_chg,ig_spread_daily_chg,0.0,1,1418
var_stablecoin_supply_daily_log_chg,1,stablecoin_supply_daily_log_chg,ig_spread_daily_chg,0.4318069228751321,1,1418
var_stablecoin_supply_daily_log_chg,2,stablecoin_supply_daily_log_chg,ig_spread_daily_chg,0.3467339703335044,1,1418
var_stablecoin_supply_daily_log_chg,3,stablecoin_supply_daily_log_chg,ig_spread_daily_chg,0.23584437333769304,1,1418
var_stablecoin_supply_daily_log_chg,4,stablecoin_supply_daily_log_chg,ig_spread_daily_chg,0.1540583510750287,1,1418
var_stablecoin_supply_daily_log_chg,5,stablecoin_supply_daily_log_chg,ig_spread_daily_chg,0.09761946756556338,1,1418
var_stablecoin_supply_daily_log_chg,6,stablecoin_supply_daily_log_chg,ig_spread_daily_chg,0.06154763594580532,1,1418
var_stablecoin_supply_daily_log_chg,7,stablecoin_supply_daily_log_chg,ig_spread_daily_chg,0.0386195774341981,1,1418
var_stablecoin_supply_daily_log_chg,8,stablecoin_supply_daily_log_chg,ig_spread_daily_chg,0.024199736638113173,1,1418
var_stablecoin_supply_daily_log_chg,9,stablecoin_supply_daily_log_chg,ig_spread_daily_chg,0.015154230447905282,1,1418
var_stablecoin_supply_daily_log_chg,10,stablecoin_supply_daily_log_chg,ig_spread_daily_chg,0.009486872881270723,1,1418
var_stablecoin_supply_daily_log_chg,11,stablecoin_supply_daily_log_chg,ig_spread_daily_chg,0.005938348689963864,1,1418
var_stablecoin_supply_daily_log_chg,12,stablecoin_supply_daily_log_chg,ig_spread_daily_chg,0.003716933905212774,1,1418
var_stablecoin_supply_daily_log_chg,13,stablecoin_supply_daily_log_chg,ig_spread_daily_chg,0.0023264552352355717,1,1418
var_stablecoin_supply_daily_log_chg,14,stablecoin_supply_daily_log_chg,ig_spread_daily_chg,0.001456131689672379,1,1418
var_stablecoin_supply_daily_log_chg,15,stablecoin_supply_daily_log_chg,ig_spread_daily_chg,0.000911391221866575,1,1418
var_stablecoin_supply_daily_log_chg,16,stablecoin_supply_daily_log_chg,ig_spread_daily_chg,0.0005704378388977163,1,1418
var_stablecoin_supply_daily_log_chg,17,stablecoin_supply_daily_log_chg,ig_spread_daily_chg,0.00035703557989946494,1,1418
var_stablecoin_supply_daily_log_chg,18,stablecoin_supply_daily_log_chg,ig_spread_daily_chg,0.00022346758582853746,1,1418
var_stablecoin_supply_daily_log_chg,19,stablecoin_supply_daily_log_chg,ig_spread_daily_chg,0.00013986772847967985,1,1418
var_stablecoin_supply_daily_log_chg,20,stablecoin_supply_daily_log_chg,ig_spread_daily_chg,8.754280990206942e-05,1,1418
var_stablecoin_exchange_netflow_scaled,0,stablecoin_exchange_netflow_scaled,sp500_daily_log_ret,0.0,1,1418
var_stablecoin_exchange_netflow_scaled,1,stablecoin_exchange_netflow_scaled,sp500_daily_log_ret,-0.03042403896608309,1,1418
var_stablecoin_exchange_netflow_scaled,2,stablecoin_exchange_netflow_scaled,sp500_daily_log_ret,0.0006833974270147403,1,1418
var_stablecoin_exchange_netflow_scaled,3,stablecoin_exchange_netflow_scaled,sp500_daily_log_ret,-0.003951180465255672,1,1418
var_stablecoin_exchange_netflow_scaled,4,stablecoin_exchange_netflow_scaled,sp500_daily_log_ret,-0.0018028209641031167,1,1418
var_stablecoin_exchange_netflow_scaled,5,stablecoin_exchange_netflow_scaled,sp500_daily_log_ret,-0.0011745110086891742,1,1418
var_stablecoin_exchange_netflow_scaled,6,stablecoin_exchange_netflow_scaled,sp500_daily_log_ret,-0.0007389259258731056,1,1418
var_stablecoin_exchange_netflow_scaled,7,stablecoin_exchange_netflow_scaled,sp500_daily_log_ret,-0.0004570264362785627,1,1418
var_stablecoin_exchange_netflow_scaled,8,stablecoin_exchange_netflow_scaled,sp500_daily_log_ret,-0.0002855583435471043,1,1418
var_stablecoin_exchange_netflow_scaled,9,stablecoin_exchange_netflow_scaled,sp500_daily_log_ret,-0.00017792753553192851,1,1418
var_stablecoin_exchange_netflow_scaled,10,stablecoin_exchange_netflow_scaled,sp500_daily_log_ret,-0.00011088407451426171,1,1418
var_stablecoin_exchange_netflow_scaled,11,stablecoin_exchange_netflow_scaled,sp500_daily_log_ret,-6.911900520042103e-05,1,1418
var_stablecoin_exchange_netflow_scaled,12,stablecoin_exchange_netflow_scaled,sp500_daily_log_ret,-4.3078790763747265e-05,1,1418
var_stablecoin_exchange_netflow_scaled,13,stablecoin_exchange_netflow_scaled,sp500_daily_log_ret,-2.6850374654626295e-05,1,1418
var_stablecoin_exchange_netflow_scaled,14,stablecoin_exchange_netflow_scaled,sp500_daily_log_ret,-1.6735292464547143e-05,1,1418
var_stablecoin_exchange_netflow_scaled,15,stablecoin_exchange_netflow_scaled,sp500_daily_log_ret,-1.0430761506030339e-05,1,1418
var_stablecoin_exchange_netflow_scaled,16,stablecoin_exchange_netflow_scaled,sp500_daily_log_ret,-6.501285740029205e-06,1,1418
var_stablecoin_exchange_netflow_scaled,17,stablecoin_exchange_netflow_scaled,sp500_daily_log_ret,-4.052119624036393e-06,1,1418
var_stablecoin_exchange_netflow_scaled,18,stablecoin_exchange_netflow_scaled,sp500_daily_log_ret,-2.525604375910679e-06,1,1418
var_stablecoin_exchange_netflow_scaled,19,stablecoin_exchange_netflow_scaled,sp500_daily_log_ret,-1.5741582155024172e-06,1,1418
var_stablecoin_exchange_netflow_scaled,20,stablecoin_exchange_netflow_scaled,sp500_daily_log_ret,-9.811410240138326e-07,1,1418
var_stablecoin_exchange_netflow_scaled,0,stablecoin_exchange_netflow_scaled,vix_daily_log_chg,0.0,1,1418
var_stablecoin_exchange_netflow_scaled,1,stablecoin_exchange_netflow_scaled,vix_daily_log_chg,-0.014517974472262773,1,1418
var_stablecoin_exchange_netflow_scaled,2,stablecoin_exchange_netflow_scaled,vix_daily_log_chg,-0.01862039839013236,1,1418
var_stablecoin_exchange_netflow_scaled,3,stablecoin_exchange_netflow_scaled,vix_daily_log_chg,0.0004716575277619048,1,1418
var_stablecoin_exchange_netflow_scaled,4,stablecoin_exchange_netflow_scaled,vix_daily_log_chg,-0.001853957803334347,1,1418
var_stablecoin_exchange_netflow_scaled,5,stablecoin_exchange_netflow_scaled,vix_daily_log_chg,-0.0009777964531350392,1,1418
var_stablecoin_exchange_netflow_scaled,6,stablecoin_exchange_netflow_scaled,vix_daily_log_chg,-0.000584533309008521,1,1418
var_stablecoin_exchange_netflow_scaled,7,stablecoin_exchange_netflow_scaled,vix_daily_log_chg,-0.0003781709722192056,1,1418
var_stablecoin_exchange_netflow_scaled,8,stablecoin_exchange_netflow_scaled,vix_daily_log_chg,-0.0002326245415263782,1,1418
var_stablecoin_exchange_netflow_scaled,9,stablecoin_exchange_netflow_scaled,vix_daily_log_chg,-0.0001453443568144951,1,1418
var_stablecoin_exchange_netflow_scaled,10,stablecoin_exchange_netflow_scaled,vix_daily_log_chg,-9.061253865644279e-05,1,1418
var_stablecoin_exchange_netflow_scaled,11,stablecoin_exchange_netflow_scaled,vix_daily_log_chg,-5.645464841879956e-05,1,1418
var_stablecoin_exchange_netflow_scaled,12,stablecoin_exchange_netflow_scaled,vix_daily_log_chg,-3.5193147617788924e-05,1,1418
var_stablecoin_exchange_netflow_scaled,13,stablecoin_exchange_netflow_scaled,vix_daily_log_chg,-2.1934194015909567e-05,1,1418
var_stablecoin_exchange_netflow_scaled,14,stablecoin_exchange_netflow_scaled,vix_daily_log_chg,-1.3671194434595267e-05,1,1418
var_stablecoin_exchange_netflow_scaled,15,stablecoin_exchange_netflow_scaled,vix_daily_log_chg,-8.521003167251722e-06,1,1418
var_stablecoin_exchange_netflow_scaled,16,stablecoin_exchange_netflow_scaled,vix_daily_log_chg,-5.310959622610671e-06,1,1418
var_stablecoin_exchange_netflow_scaled,17,stablecoin_exchange_netflow_scaled,vix_daily_log_chg,-3.3102158708014052e-06,1,1418
var_stablecoin_exchange_netflow_scaled,18,stablecoin_exchange_netflow_scaled,vix_daily_log_chg,-2.063190491244449e-06,1,1418
var_stablecoin_exchange_netflow_scaled,19,stablecoin_exchange_netflow_scaled,vix_daily_log_chg,-1.2859449552682502e-06,1,1418
var_stablecoin_exchange_netflow_scaled,20,stablecoin_exchange_netflow_scaled,vix_daily_log_chg,-8.015035369409945e-07,1,1418
var_stablecoin_exchange_netflow_scaled,0,stablecoin_exchange_netflow_scaled,hy_spread_daily_chg,0.0,1,1418
var_stablecoin_exchange_netflow_scaled,1,stablecoin_exchange_netflow_scaled,hy_spread_daily_chg,0.07669623254387248,1,1418
var_stablecoin_exchange_netflow_scaled,2,stablecoin_exchange_netflow_scaled,hy_spread_daily_chg,0.1526034510102035,1,1418
var_stablecoin_exchange_netflow_scaled,3,stablecoin_exchange_netflow_scaled,hy_spread_daily_chg,0.0723715620786735,1,1418
var_stablecoin_exchange_netflow_scaled,4,stablecoin_exchange_netflow_scaled,hy_spread_daily_chg,0.05012408521305832,1,1418
var_stablecoin_exchange_netflow_scaled,5,stablecoin_exchange_netflow_scaled,hy_spread_daily_chg,0.030397241241489896,1,1418
var_stablecoin_exchange_netflow_scaled,6,stablecoin_exchange_netflow_scaled,hy_spread_daily_chg,0.019025711571676294,1,1418
var_stablecoin_exchange_netflow_scaled,7,stablecoin_exchange_netflow_scaled,hy_spread_daily_chg,0.01186475690909171,1,1418
var_stablecoin_exchange_netflow_scaled,8,stablecoin_exchange_netflow_scaled,hy_spread_daily_chg,0.007390355857580693,1,1418
var_stablecoin_exchange_netflow_scaled,9,stablecoin_exchange_netflow_scaled,hy_spread_daily_chg,0.004607364574619079,1,1418
var_stablecoin_exchange_netflow_scaled,10,stablecoin_exchange_netflow_scaled,hy_spread_daily_chg,0.0028715434649826165,1,1418
var_stablecoin_exchange_netflow_scaled,11,stablecoin_exchange_netflow_scaled,hy_spread_daily_chg,0.0017897686018309834,1,1418
var_stablecoin_exchange_netflow_scaled,12,stablecoin_exchange_netflow_scaled,hy_spread_daily_chg,0.0011155345180500138,1,1418
var_stablecoin_exchange_netflow_scaled,13,stablecoin_exchange_netflow_scaled,hy_spread_daily_chg,0.0006952879067597914,1,1418
var_stablecoin_exchange_netflow_scaled,14,stablecoin_exchange_netflow_scaled,hy_spread_daily_chg,0.0004333592850165733,1,1418
var_stablecoin_exchange_netflow_scaled,15,stablecoin_exchange_netflow_scaled,hy_spread_daily_chg,0.00027010406722251007,1,1418
var_stablecoin_exchange_netflow_scaled,16,stablecoin_exchange_netflow_scaled,hy_spread_daily_chg,0.0001683504029771605,1,1418
var_stablecoin_exchange_netflow_scaled,17,stablecoin_exchange_netflow_scaled,hy_spread_daily_chg,0.00010492941003863525,1,1418
var_stablecoin_exchange_netflow_scaled,18,stablecoin_exchange_netflow_scaled,hy_spread_daily_chg,6.540038167401851e-05,1,1418
var_stablecoin_exchange_netflow_scaled,19,stablecoin_exchange_netflow_scaled,hy_spread_daily_chg,4.076273733251408e-05,1,1418
var_stablecoin_exchange_netflow_scaled,20,stablecoin_exchange_netflow_scaled,hy_spread_daily_chg,2.540659104917442e-05,1,1418
var_stablecoin_exchange_netflow_scaled,0,stablecoin_exchange_netflow_scaled,ig_spread_daily_chg,0.0,1,1418
var_stablecoin_exchange_netflow_scaled,1,stablecoin_exchange_netflow_scaled,ig_spread_daily_chg,0.10189840363393209,1,1418
var_stablecoin_exchange_netflow_scaled,2,stablecoin_exchange_netflow_scaled,ig_spread_daily_chg,0.07620812960111567,1,1418
var_stablecoin_exchange_netflow_scaled,3,stablecoin_exchange_netflow_scaled,ig_spread_daily_chg,0.04453983859303112,1,1418
var_stablecoin_exchange_netflow_scaled,4,stablecoin_exchange_netflow_scaled,ig_spread_daily_chg,0.028344615287357496,1,1418
var_stablecoin_exchange_netflow_scaled,5,stablecoin_exchange_netflow_scaled,ig_spread_daily_chg,0.01757983937873282,1,1418
var_stablecoin_exchange_netflow_scaled,6,stablecoin_exchange_netflow_scaled,ig_spread_daily_chg,0.010963482512785762,1,1418
var_stablecoin_exchange_netflow_scaled,7,stablecoin_exchange_netflow_scaled,ig_spread_daily_chg,0.006834420596411377,1,1418
var_stablecoin_exchange_netflow_scaled,8,stablecoin_exchange_netflow_scaled,ig_spread_daily_chg,0.004259232905186317,1,1418
var_stablecoin_exchange_netflow_scaled,9,stablecoin_exchange_netflow_scaled,ig_spread_daily_chg,0.0026547981564418646,1,1418
var_stablecoin_exchange_netflow_scaled,10,stablecoin_exchange_netflow_scaled,ig_spread_daily_chg,0.0016546733300424753,1,1418
var_stablecoin_exchange_netflow_scaled,11,stablecoin_exchange_netflow_scaled,ig_spread_daily_chg,0.0010313225688141708,1,1418
var_stablecoin_exchange_netflow_scaled,12,stablecoin_exchange_netflow_scaled,ig_spread_daily_chg,0.0006428035307566591,1,1418
var_stablecoin_exchange_netflow_scaled,13,stablecoin_exchange_netflow_scaled,ig_spread_daily_chg,0.00040064622237486814,1,1418
var_stablecoin_exchange_netflow_scaled,14,stablecoin_exchange_netflow_scaled,ig_spread_daily_chg,0.00024971473344678096,1,1418
var_stablecoin_exchange_netflow_scaled,15,stablecoin_exchange_netflow_scaled,ig_spread_daily_chg,0.00015564215015571574,1,1418
var_stablecoin_exchange_netflow_scaled,16,stablecoin_exchange_netflow_scaled,ig_spread_daily_chg,9.700860809382931e-05,1,1418
var_stablecoin_exchange_netflow_scaled,17,stablecoin_exchange_netflow_scaled,ig_spread_daily_chg,6.04635068870088e-05,1,1418
var_stablecoin_exchange_netflow_scaled,18,stablecoin_exchange_netflow_scaled,ig_spread_daily_chg,3.7685682813775034e-05,1,1418
var_stablecoin_exchange_netflow_scaled,19,stablecoin_exchange_netflow_scaled,ig_spread_daily_chg,2.3488725105301035e-05,1,1418
var_stablecoin_exchange_netflow_scaled,20,stablecoin_exchange_netflow_scaled,ig_spread_daily_chg,1.4640048044307741e-05,1,1418
var_btc_eth_open_interest_daily_log_chg,0,btc_eth_open_interest_daily_log_chg,sp500_daily_log_ret,0.0,1,1418
var_btc_eth_open_interest_daily_log_chg,1,btc_eth_open_interest_daily_log_chg,sp500_daily_log_ret,-0.0021639503904067048,1,1418
var_btc_eth_open_interest_daily_log_chg,2,btc_eth_open_interest_daily_log_chg,sp500_daily_log_ret,-0.0015722959832395972,1,1418
var_btc_eth_open_interest_daily_log_chg,3,btc_eth_open_interest_daily_log_chg,sp500_daily_log_ret,-0.0006194924018630289,1,1418
var_btc_eth_open_interest_daily_log_chg,4,btc_eth_open_interest_daily_log_chg,sp500_daily_log_ret,-0.0006031341166951407,1,1418
var_btc_eth_open_interest_daily_log_chg,5,btc_eth_open_interest_daily_log_chg,sp500_daily_log_ret,-0.0003048689659787637,1,1418
var_btc_eth_open_interest_daily_log_chg,6,btc_eth_open_interest_daily_log_chg,sp500_daily_log_ret,-0.0002026677597503177,1,1418
var_btc_eth_open_interest_daily_log_chg,7,btc_eth_open_interest_daily_log_chg,sp500_daily_log_ret,-0.0001234742064963612,1,1418
var_btc_eth_open_interest_daily_log_chg,8,btc_eth_open_interest_daily_log_chg,sp500_daily_log_ret,-7.643096590771945e-05,1,1418
var_btc_eth_open_interest_daily_log_chg,9,btc_eth_open_interest_daily_log_chg,sp500_daily_log_ret,-4.732119849088462e-05,1,1418
var_btc_eth_open_interest_daily_log_chg,10,btc_eth_open_interest_daily_log_chg,sp500_daily_log_ret,-2.925461461082231e-05,1,1418
var_btc_eth_open_interest_daily_log_chg,11,btc_eth_open_interest_daily_log_chg,sp500_daily_log_ret,-1.809666769478992e-05,1,1418
var_btc_eth_open_interest_daily_log_chg,12,btc_eth_open_interest_daily_log_chg,sp500_daily_log_ret,-1.119319891109628e-05,1,1418
var_btc_eth_open_interest_daily_log_chg,13,btc_eth_open_interest_daily_log_chg,sp500_daily_log_ret,-6.9231197925688526e-06,1,1418
var_btc_eth_open_interest_daily_log_chg,14,btc_eth_open_interest_daily_log_chg,sp500_daily_log_ret,-4.282126046299477e-06,1,1418
var_btc_eth_open_interest_daily_log_chg,15,btc_eth_open_interest_daily_log_chg,sp500_daily_log_ret,-2.648578290649301e-06,1,1418
var_btc_eth_open_interest_daily_log_chg,16,btc_eth_open_interest_daily_log_chg,sp500_daily_log_ret,-1.6382011746498761e-06,1,1418
var_btc_eth_open_interest_daily_log_chg,17,btc_eth_open_interest_daily_log_chg,sp500_daily_log_ret,-1.0132615873724031e-06,1,1418
var_btc_eth_open_interest_daily_log_chg,18,btc_eth_open_interest_daily_log_chg,sp500_daily_log_ret,-6.267233147821843e-07,1,1418
var_btc_eth_open_interest_daily_log_chg,19,btc_eth_open_interest_daily_log_chg,sp500_daily_log_ret,-3.876414112376081e-07,1,1418
var_btc_eth_open_interest_daily_log_chg,20,btc_eth_open_interest_daily_log_chg,sp500_daily_log_ret,-2.3976427214990626e-07,1,1418
var_btc_eth_open_interest_daily_log_chg,0,btc_eth_open_interest_daily_log_chg,vix_daily_log_chg,0.0,1,1418
var_btc_eth_open_interest_daily_log_chg,1,btc_eth_open_interest_daily_log_chg,vix_daily_log_chg,-0.00832957507206425,1,1418
var_btc_eth_open_interest_daily_log_chg,2,btc_eth_open_interest_daily_log_chg,vix_daily_log_chg,-0.0028140997429383324,1,1418
var_btc_eth_open_interest_daily_log_chg,3,btc_eth_open_interest_daily_log_chg,vix_daily_log_chg,-0.0009639702698760585,1,1418
var_btc_eth_open_interest_daily_log_chg,4,btc_eth_open_interest_daily_log_chg,vix_daily_log_chg,-0.0001917726670268786,1,1418
var_btc_eth_open_interest_daily_log_chg,5,btc_eth_open_interest_daily_log_chg,vix_daily_log_chg,-0.000315789910804844,1,1418
var_btc_eth_open_interest_daily_log_chg,6,btc_eth_open_interest_daily_log_chg,vix_daily_log_chg,-0.00014743927746826567,1,1418
var_btc_eth_open_interest_daily_log_chg,7,btc_eth_open_interest_daily_log_chg,vix_daily_log_chg,-9.838139061064174e-05,1,1418
var_btc_eth_open_interest_daily_log_chg,8,btc_eth_open_interest_daily_log_chg,vix_daily_log_chg,-6.050875481152985e-05,1,1418
var_btc_eth_open_interest_daily_log_chg,9,btc_eth_open_interest_daily_log_chg,vix_daily_log_chg,-3.725783303622265e-05,1,1418
var_btc_eth_open_interest_daily_log_chg,10,btc_eth_open_interest_daily_log_chg,vix_daily_log_chg,-2.3105296791925532e-05,1,1418
var_btc_eth_open_interest_daily_log_chg,11,btc_eth_open_interest_daily_log_chg,vix_daily_log_chg,-1.4280505845738358e-05,1,1418
var_btc_eth_open_interest_daily_log_chg,12,btc_eth_open_interest_daily_log_chg,vix_daily_log_chg,-8.833363650837177e-06,1,1418
var_btc_eth_open_interest_daily_log_chg,13,btc_eth_open_interest_daily_log_chg,vix_daily_log_chg,-5.463904901604412e-06,1,1418
var_btc_eth_open_interest_daily_log_chg,14,btc_eth_open_interest_daily_log_chg,vix_daily_log_chg,-3.379425250106811e-06,1,1418
var_btc_eth_open_interest_daily_log_chg,15,btc_eth_open_interest_daily_log_chg,vix_daily_log_chg,-2.0902678507679118e-06,1,1418
var_btc_eth_open_interest_daily_log_chg,16,btc_eth_open_interest_daily_log_chg,vix_daily_log_chg,-1.292871756695721e-06,1,1418
var_btc_eth_open_interest_daily_log_chg,17,btc_eth_open_interest_daily_log_chg,vix_daily_log_chg,-7.99667844305033e-07,1,1418
var_btc_eth_open_interest_daily_log_chg,18,btc_eth_open_interest_daily_log_chg,vix_daily_log_chg,-4.94611350775399e-07,1,1418
var_btc_eth_open_interest_daily_log_chg,19,btc_eth_open_interest_daily_log_chg,vix_daily_log_chg,-3.0592736575054214e-07,1,1418
var_btc_eth_open_interest_daily_log_chg,20,btc_eth_open_interest_daily_log_chg,vix_daily_log_chg,-1.8922244195200848e-07,1,1418
var_btc_eth_open_interest_daily_log_chg,0,btc_eth_open_interest_daily_log_chg,hy_spread_daily_chg,0.0,1,1418
var_btc_eth_open_interest_daily_log_chg,1,btc_eth_open_interest_daily_log_chg,hy_spread_daily_chg,0.01962685607794884,1,1418
var_btc_eth_open_interest_daily_log_chg,2,btc_eth_open_interest_daily_log_chg,hy_spread_daily_chg,0.042575534162021186,1,1418
var_btc_eth_open_interest_daily_log_chg,3,btc_eth_open_interest_daily_log_chg,hy_spread_daily_chg,0.021311675980713915,1,1418
var_btc_eth_open_interest_daily_log_chg,4,btc_eth_open_interest_daily_log_chg,hy_spread_daily_chg,0.013511563080518218,1,1418
var_btc_eth_open_interest_daily_log_chg,5,btc_eth_open_interest_daily_log_chg,hy_spread_daily_chg,0.008516351642318688,1,1418
var_btc_eth_open_interest_daily_log_chg,6,btc_eth_open_interest_daily_log_chg,hy_spread_daily_chg,0.00519409630774385,1,1418
var_btc_eth_open_interest_daily_log_chg,7,btc_eth_open_interest_daily_log_chg,hy_spread_daily_chg,0.003230257704801373,1,1418
var_btc_eth_open_interest_daily_log_chg,8,btc_eth_open_interest_daily_log_chg,hy_spread_daily_chg,0.001995366086665717,1,1418
var_btc_eth_open_interest_daily_log_chg,9,btc_eth_open_interest_daily_log_chg,hy_spread_daily_chg,0.0012342945357425358,1,1418
var_btc_eth_open_interest_daily_log_chg,10,btc_eth_open_interest_daily_log_chg,hy_spread_daily_chg,0.0007634993329390332,1,1418
var_btc_eth_open_interest_daily_log_chg,11,btc_eth_open_interest_daily_log_chg,hy_spread_daily_chg,0.00047221805127929797,1,1418
var_btc_eth_open_interest_daily_log_chg,12,btc_eth_open_interest_daily_log_chg,hy_spread_daily_chg,0.0002920805156372981,1,1418
var_btc_eth_open_interest_daily_log_chg,13,btc_eth_open_interest_daily_log_chg,hy_spread_daily_chg,0.0001806576777629755,1,1418
var_btc_eth_open_interest_daily_log_chg,14,btc_eth_open_interest_daily_log_chg,hy_spread_daily_chg,0.00011174042256507677,1,1418
var_btc_eth_open_interest_daily_log_chg,15,btc_eth_open_interest_daily_log_chg,hy_spread_daily_chg,6.911381661763285e-05,1,1418
var_btc_eth_open_interest_daily_log_chg,16,btc_eth_open_interest_daily_log_chg,hy_spread_daily_chg,4.2748324255115086e-05,1,1418
var_btc_eth_open_interest_daily_log_chg,17,btc_eth_open_interest_daily_log_chg,hy_spread_daily_chg,2.6440728268134604e-05,1,1418
var_btc_eth_open_interest_daily_log_chg,18,btc_eth_open_interest_daily_log_chg,hy_spread_daily_chg,1.6354140302448553e-05,1,1418
var_btc_eth_open_interest_daily_log_chg,19,btc_eth_open_interest_daily_log_chg,hy_spread_daily_chg,1.0115375769950972e-05,1,1418
var_btc_eth_open_interest_daily_log_chg,20,btc_eth_open_interest_daily_log_chg,hy_spread_daily_chg,6.256570257583624e-06,1,1418
var_btc_eth_open_interest_daily_log_chg,0,btc_eth_open_interest_daily_log_chg,ig_spread_daily_chg,0.0,1,1418
var_btc_eth_open_interest_daily_log_chg,1,btc_eth_open_interest_daily_log_chg,ig_spread_daily_chg,0.031408325462964105,1,1418
var_btc_eth_open_interest_daily_log_chg,2,btc_eth_open_interest_daily_log_chg,ig_spread_daily_chg,0.020914682940241635,1,1418
var_btc_eth_open_interest_daily_log_chg,3,btc_eth_open_interest_daily_log_chg,ig_spread_daily_chg,0.012648328980523548,1,1418
var_btc_eth_open_interest_daily_log_chg,4,btc_eth_open_interest_daily_log_chg,ig_spread_daily_chg,0.007802911881673809,1,1418
var_btc_eth_open_interest_daily_log_chg,5,btc_eth_open_interest_daily_log_chg,ig_spread_daily_chg,0.004854390266470455,1,1418
var_btc_eth_open_interest_daily_log_chg,6,btc_eth_open_interest_daily_log_chg,ig_spread_daily_chg,0.0029929783126628976,1,1418
var_btc_eth_open_interest_daily_log_chg,7,btc_eth_open_interest_daily_log_chg,ig_spread_daily_chg,0.0018532699575232667,1,1418
var_btc_eth_open_interest_daily_log_chg,8,btc_eth_open_interest_daily_log_chg,ig_spread_daily_chg,0.0011460071247450312,1,1418
var_btc_eth_open_interest_daily_log_chg,9,btc_eth_open_interest_daily_log_chg,ig_spread_daily_chg,0.0007088379798995347,1,1418
var_btc_eth_open_interest_daily_log_chg,10,btc_eth_open_interest_daily_log_chg,ig_spread_daily_chg,0.0004384383420685927,1,1418
var_btc_eth_open_interest_daily_log_chg,11,btc_eth_open_interest_daily_log_chg,ig_spread_daily_chg,0.0002711809280745021,1,1418
var_btc_eth_open_interest_daily_log_chg,12,btc_eth_open_interest_daily_log_chg,ig_spread_daily_chg,0.00016773139074271781,1,1418
var_btc_eth_open_interest_daily_log_chg,13,btc_eth_open_interest_daily_log_chg,ig_spread_daily_chg,0.00010374535053245493,1,1418
var_btc_eth_open_interest_daily_log_chg,14,btc_eth_open_interest_daily_log_chg,ig_spread_daily_chg,6.416864150804631e-05,1,1418
var_btc_eth_open_interest_daily_log_chg,15,btc_eth_open_interest_daily_log_chg,ig_spread_daily_chg,3.968964386901947e-05,1,1418
var_btc_eth_open_interest_daily_log_chg,16,btc_eth_open_interest_daily_log_chg,ig_spread_daily_chg,2.454886912477511e-05,1,1418
var_btc_eth_open_interest_daily_log_chg,17,btc_eth_open_interest_daily_log_chg,ig_spread_daily_chg,1.51839860708966e-05,1,1418
var_btc_eth_open_interest_daily_log_chg,18,btc_eth_open_interest_daily_log_chg,ig_spread_daily_chg,9.39161111999431e-06,1,1418
var_btc_eth_open_interest_daily_log_chg,19,btc_eth_open_interest_daily_log_chg,ig_spread_daily_chg,5.808906751101889e-06,1,1418
var_btc_eth_open_interest_daily_log_chg,20,btc_eth_open_interest_daily_log_chg,ig_spread_daily_chg,3.5929296119598093e-06,1,1418
var_btc_eth_funding_rate_avg,0,btc_eth_funding_rate_avg,sp500_daily_log_ret,0.0,1,1418
var_btc_eth_funding_rate_avg,1,btc_eth_funding_rate_avg,sp500_daily_log_ret,0.03727806121582511,1,1418
var_btc_eth_funding_rate_avg,2,btc_eth_funding_rate_avg,sp500_daily_log_ret,0.022916232379951496,1,1418
var_btc_eth_funding_rate_avg,3,btc_eth_funding_rate_avg,sp500_daily_log_ret,0.02260462175087218,1,1418
var_btc_eth_funding_rate_avg,4,btc_eth_funding_rate_avg,sp500_daily_log_ret,0.018551708862947543,1,1418
var_btc_eth_funding_rate_avg,5,btc_eth_funding_rate_avg,sp500_daily_log_ret,0.015420109040801664,1,1418
var_btc_eth_funding_rate_avg,6,btc_eth_funding_rate_avg,sp500_daily_log_ret,0.012638285206280466,1,1418
var_btc_eth_funding_rate_avg,7,btc_eth_funding_rate_avg,sp500_daily_log_ret,0.010265548571910265,1,1418
var_btc_eth_funding_rate_avg,8,btc_eth_funding_rate_avg,sp500_daily_log_ret,0.008291386663504909,1,1418
var_btc_eth_funding_rate_avg,9,btc_eth_funding_rate_avg,sp500_daily_log_ret,0.00666612617532083,1,1418
var_btc_eth_funding_rate_avg,10,btc_eth_funding_rate_avg,sp500_daily_log_ret,0.005341594462090006,1,1418
var_btc_eth_funding_rate_avg,11,btc_eth_funding_rate_avg,sp500_daily_log_ret,0.004269452341119592,1,1418
var_btc_eth_funding_rate_avg,12,btc_eth_funding_rate_avg,sp500_daily_log_ret,0.0034059892888543917,1,1418
var_btc_eth_funding_rate_avg,13,btc_eth_funding_rate_avg,sp500_daily_log_ret,0.002713217305767408,1,1418
var_btc_eth_funding_rate_avg,14,btc_eth_funding_rate_avg,sp500_daily_log_ret,0.00215896634230082,1,1418
var_btc_eth_funding_rate_avg,15,btc_eth_funding_rate_avg,sp500_daily_log_ret,0.0017164878204412072,1,1418
var_btc_eth_funding_rate_avg,16,btc_eth_funding_rate_avg,sp500_daily_log_ret,0.0013638145544085352,1,1418
var_btc_eth_funding_rate_avg,17,btc_eth_funding_rate_avg,sp500_daily_log_ret,0.001083066905958749,1,1418
var_btc_eth_funding_rate_avg,18,btc_eth_funding_rate_avg,sp500_daily_log_ret,0.0008597866925602212,1,1418
var_btc_eth_funding_rate_avg,19,btc_eth_funding_rate_avg,sp500_daily_log_ret,0.0006823385785907051,1,1418
var_btc_eth_funding_rate_avg,20,btc_eth_funding_rate_avg,sp500_daily_log_ret,0.0005413925045447956,1,1418
var_btc_eth_funding_rate_avg,0,btc_eth_funding_rate_avg,vix_daily_log_chg,0.0,1,1418
var_btc_eth_funding_rate_avg,1,btc_eth_funding_rate_avg,vix_daily_log_chg,-0.054074857493735404,1,1418
var_btc_eth_funding_rate_avg,2,btc_eth_funding_rate_avg,vix_daily_log_chg,-0.027105075926407582,1,1418
var_btc_eth_funding_rate_avg,3,btc_eth_funding_rate_avg,vix_daily_log_chg,-0.027465999672366605,1,1418
var_btc_eth_funding_rate_avg,4,btc_eth_funding_rate_avg,vix_daily_log_chg,-0.018905456114934844,1,1418
var_btc_eth_funding_rate_avg,5,btc_eth_funding_rate_avg,vix_daily_log_chg,-0.014431966283330589,1,1418
var_btc_eth_funding_rate_avg,6,btc_eth_funding_rate_avg,vix_daily_log_chg,-0.011001039495176147,1,1418
var_btc_eth_funding_rate_avg,7,btc_eth_funding_rate_avg,vix_daily_log_chg,-0.008436236080157073,1,1418
var_btc_eth_funding_rate_avg,8,btc_eth_funding_rate_avg,vix_daily_log_chg,-0.006523767278150506,1,1418
var_btc_eth_funding_rate_avg,9,btc_eth_funding_rate_avg,vix_daily_log_chg,-0.005069526840829972,1,1418
var_btc_eth_funding_rate_avg,10,btc_eth_funding_rate_avg,vix_daily_log_chg,-0.003956981229336741,1,1418
var_btc_eth_funding_rate_avg,11,btc_eth_funding_rate_avg,vix_daily_log_chg,-0.0030992387083539877,1,1418
var_btc_eth_funding_rate_avg,12,btc_eth_funding_rate_avg,vix_daily_log_chg,-0.002434013078718999,1,1418
var_btc_eth_funding_rate_avg,13,btc_eth_funding_rate_avg,vix_daily_log_chg,-0.0019156522007334985,1,1418
var_btc_eth_funding_rate_avg,14,btc_eth_funding_rate_avg,vix_daily_log_chg,-0.0015101918239436689,1,1418
var_btc_eth_funding_rate_avg,15,btc_eth_funding_rate_avg,vix_daily_log_chg,-0.0011920909198736656,1,1418
var_btc_eth_funding_rate_avg,16,btc_eth_funding_rate_avg,vix_daily_log_chg,-0.0009419386572810278,1,1418
var_btc_eth_funding_rate_avg,17,btc_eth_funding_rate_avg,vix_daily_log_chg,-0.0007448580375577355,1,1418
var_btc_eth_funding_rate_avg,18,btc_eth_funding_rate_avg,vix_daily_log_chg,-0.0005893665571637701,1,1418
var_btc_eth_funding_rate_avg,19,btc_eth_funding_rate_avg,vix_daily_log_chg,-0.0004665509871424858,1,1418
var_btc_eth_funding_rate_avg,20,btc_eth_funding_rate_avg,vix_daily_log_chg,-0.0003694607621708205,1,1418
var_btc_eth_funding_rate_avg,0,btc_eth_funding_rate_avg,hy_spread_daily_chg,0.0,1,1418
var_btc_eth_funding_rate_avg,1,btc_eth_funding_rate_avg,hy_spread_daily_chg,-0.4873270711518318,1,1418
var_btc_eth_funding_rate_avg,2,btc_eth_funding_rate_avg,hy_spread_daily_chg,-0.4777938833293834,1,1418
var_btc_eth_funding_rate_avg,3,btc_eth_funding_rate_avg,hy_spread_daily_chg,-0.41738330751115155,1,1418
var_btc_eth_funding_rate_avg,4,btc_eth_funding_rate_avg,hy_spread_daily_chg,-0.36357150737689176,1,1418
var_btc_eth_funding_rate_avg,5,btc_eth_funding_rate_avg,hy_spread_daily_chg,-0.3055741682175337,1,1418
var_btc_eth_funding_rate_avg,6,btc_eth_funding_rate_avg,hy_spread_daily_chg,-0.25332562757956734,1,1418
var_btc_eth_funding_rate_avg,7,btc_eth_funding_rate_avg,hy_spread_daily_chg,-0.20753613121724127,1,1418
var_btc_eth_funding_rate_avg,8,btc_eth_funding_rate_avg,hy_spread_daily_chg,-0.16861929264638362,1,1418
var_btc_eth_funding_rate_avg,9,btc_eth_funding_rate_avg,hy_spread_daily_chg,-0.13617753231634333,1,1418
var_btc_eth_funding_rate_avg,10,btc_eth_funding_rate_avg,hy_spread_daily_chg,-0.10948452132077657,1,1418
var_btc_eth_funding_rate_avg,11,btc_eth_funding_rate_avg,hy_spread_daily_chg,-0.08772949900232176,1,1418
var_btc_eth_funding_rate_avg,12,btc_eth_funding_rate_avg,hy_spread_daily_chg,-0.07012020515126456,1,1418
var_btc_eth_funding_rate_avg,13,btc_eth_funding_rate_avg,hy_spread_daily_chg,-0.05593864660884694,1,1418
var_btc_eth_funding_rate_avg,14,btc_eth_funding_rate_avg,hy_spread_daily_chg,-0.04456062829942978,1,1418
var_btc_eth_funding_rate_avg,15,btc_eth_funding_rate_avg,hy_spread_daily_chg,-0.035457748045126206,1,1418
var_btc_eth_funding_rate_avg,16,btc_eth_funding_rate_avg,hy_spread_daily_chg,-0.02819063723282717,1,1418
var_btc_eth_funding_rate_avg,17,btc_eth_funding_rate_avg,hy_spread_daily_chg,-0.022398484575150104,1,1418
var_btc_eth_funding_rate_avg,18,btc_eth_funding_rate_avg,hy_spread_daily_chg,-0.017787624350384185,1,1418
var_btc_eth_funding_rate_avg,19,btc_eth_funding_rate_avg,hy_spread_daily_chg,-0.014120591270781422,1,1418
var_btc_eth_funding_rate_avg,20,btc_eth_funding_rate_avg,hy_spread_daily_chg,-0.011206286101035646,1,1418
var_btc_eth_funding_rate_avg,0,btc_eth_funding_rate_avg,ig_spread_daily_chg,0.0,1,1418
var_btc_eth_funding_rate_avg,1,btc_eth_funding_rate_avg,ig_spread_daily_chg,-0.11088348381444715,1,1418
var_btc_eth_funding_rate_avg,2,btc_eth_funding_rate_avg,ig_spread_daily_chg,-0.13825009566601798,1,1418
var_btc_eth_funding_rate_avg,3,btc_eth_funding_rate_avg,ig_spread_daily_chg,-0.13736890379706396,1,1418
var_btc_eth_funding_rate_avg,4,btc_eth_funding_rate_avg,ig_spread_daily_chg,-0.1270265125705087,1,1418
var_btc_eth_funding_rate_avg,5,btc_eth_funding_rate_avg,ig_spread_daily_chg,-0.11147121084907764,1,1418
var_btc_eth_funding_rate_avg,6,btc_eth_funding_rate_avg,ig_spread_daily_chg,-0.09498802175396136,1,1418
var_btc_eth_funding_rate_avg,7,btc_eth_funding_rate_avg,ig_spread_daily_chg,-0.07933718627351402,1,1418
var_btc_eth_funding_rate_avg,8,btc_eth_funding_rate_avg,ig_spread_daily_chg,-0.06535681909410983,1,1418
var_btc_eth_funding_rate_avg,9,btc_eth_funding_rate_avg,ig_spread_daily_chg,-0.0533151997059328,1,1418
var_btc_eth_funding_rate_avg,10,btc_eth_funding_rate_avg,ig_spread_daily_chg,-0.043183779030055644,1,1418
var_btc_eth_funding_rate_avg,11,btc_eth_funding_rate_avg,ig_spread_daily_chg,-0.0347949149925255,1,1418
var_btc_eth_funding_rate_avg,12,btc_eth_funding_rate_avg,ig_spread_daily_chg,-0.027926598962038647,1,1418
var_btc_eth_funding_rate_avg,13,btc_eth_funding_rate_avg,ig_spread_daily_chg,-0.022348600555236943,1,1418
var_btc_eth_funding_rate_avg,14,btc_eth_funding_rate_avg,ig_spread_daily_chg,-0.01784531390113277,1,1418
var_btc_eth_funding_rate_avg,15,btc_eth_funding_rate_avg,ig_spread_daily_chg,-0.014225628617489315,1,1418
var_btc_eth_funding_rate_avg,16,btc_eth_funding_rate_avg,ig_spread_daily_chg,-0.011325725723904181,1,1418
var_btc_eth_funding_rate_avg,17,btc_eth_funding_rate_avg,ig_spread_daily_chg,-0.009008222169231347,1,1418
var_btc_eth_funding_rate_avg,18,btc_eth_funding_rate_avg,ig_spread_daily_chg,-0.007159620769688338,1,1418
var_btc_eth_funding_rate_avg,19,btc_eth_funding_rate_avg,ig_spread_daily_chg,-0.005687146607323808,1,1418
var_btc_eth_funding_rate_avg,20,btc_eth_funding_rate_avg,ig_spread_daily_chg,-0.004515542531471807,1,1418
var_stablecoin_exchange_reserve_daily_log_chg,0,stablecoin_exchange_reserve_daily_log_chg,sp500_daily_log_ret,0.0,1,1418
var_stablecoin_exchange_reserve_daily_log_chg,1,stablecoin_exchange_reserve_daily_log_chg,sp500_daily_log_ret,-0.009573513102195647,1,1418
var_stablecoin_exchange_reserve_daily_log_chg,2,stablecoin_exchange_reserve_daily_log_chg,sp500_daily_log_ret,-0.00022037500126104653,1,1418
var_stablecoin_exchange_reserve_daily_log_chg,3,stablecoin_exchange_reserve_daily_log_chg,sp500_daily_log_ret,-0.001199561088108318,1,1418
var_stablecoin_exchange_reserve_daily_log_chg,4,stablecoin_exchange_reserve_daily_log_chg,sp500_daily_log_ret,-0.000617104494213586,1,1418
var_stablecoin_exchange_reserve_daily_log_chg,5,stablecoin_exchange_reserve_daily_log_chg,sp500_daily_log_ret,-0.00038871674148494516,1,1418
var_stablecoin_exchange_reserve_daily_log_chg,6,stablecoin_exchange_reserve_daily_log_chg,sp500_daily_log_ret,-0.00024482168949889943,1,1418
var_stablecoin_exchange_reserve_daily_log_chg,7,stablecoin_exchange_reserve_daily_log_chg,sp500_daily_log_ret,-0.000151790138520635,1,1418
var_stablecoin_exchange_reserve_daily_log_chg,8,stablecoin_exchange_reserve_daily_log_chg,sp500_daily_log_ret,-9.466704004991535e-05,1,1418
var_stablecoin_exchange_reserve_daily_log_chg,9,stablecoin_exchange_reserve_daily_log_chg,sp500_daily_log_ret,-5.899368550153084e-05,1,1418
var_stablecoin_exchange_reserve_daily_log_chg,10,stablecoin_exchange_reserve_daily_log_chg,sp500_daily_log_ret,-3.675054358282785e-05,1,1418
var_stablecoin_exchange_reserve_daily_log_chg,11,stablecoin_exchange_reserve_daily_log_chg,sp500_daily_log_ret,-2.29004862760661e-05,1,1418
var_stablecoin_exchange_reserve_daily_log_chg,12,stablecoin_exchange_reserve_daily_log_chg,sp500_daily_log_ret,-1.4268476136429237e-05,1,1418
var_stablecoin_exchange_reserve_daily_log_chg,13,stablecoin_exchange_reserve_daily_log_chg,sp500_daily_log_ret,-8.890414224381078e-06,1,1418
var_stablecoin_exchange_reserve_daily_log_chg,14,stablecoin_exchange_reserve_daily_log_chg,sp500_daily_log_ret,-5.539436949801889e-06,1,1418
var_stablecoin_exchange_reserve_daily_log_chg,15,stablecoin_exchange_reserve_daily_log_chg,sp500_daily_log_ret,-3.45150455535632e-06,1,1418
var_stablecoin_exchange_reserve_daily_log_chg,16,stablecoin_exchange_reserve_daily_log_chg,sp500_daily_log_ret,-2.1505609163942683e-06,1,1418
var_stablecoin_exchange_reserve_daily_log_chg,17,stablecoin_exchange_reserve_daily_log_chg,sp500_daily_log_ret,-1.3399694603103233e-06,1,1418
var_stablecoin_exchange_reserve_daily_log_chg,18,stablecoin_exchange_reserve_daily_log_chg,sp500_daily_log_ret,-8.349069455330319e-07,1,1418
var_stablecoin_exchange_reserve_daily_log_chg,19,stablecoin_exchange_reserve_daily_log_chg,sp500_daily_log_ret,-5.202130615399676e-07,1,1418
var_stablecoin_exchange_reserve_daily_log_chg,20,stablecoin_exchange_reserve_daily_log_chg,sp500_daily_log_ret,-3.2413387849600435e-07,1,1418
var_stablecoin_exchange_reserve_daily_log_chg,0,stablecoin_exchange_reserve_daily_log_chg,vix_daily_log_chg,0.0,1,1418
var_stablecoin_exchange_reserve_daily_log_chg,1,stablecoin_exchange_reserve_daily_log_chg,vix_daily_log_chg,-0.0030150184957261073,1,1418
var_stablecoin_exchange_reserve_daily_log_chg,2,stablecoin_exchange_reserve_daily_log_chg,vix_daily_log_chg,-0.003980601129495636,1,1418
var_stablecoin_exchange_reserve_daily_log_chg,3,stablecoin_exchange_reserve_daily_log_chg,vix_daily_log_chg,-0.00026717247835493605,1,1418
var_stablecoin_exchange_reserve_daily_log_chg,4,stablecoin_exchange_reserve_daily_log_chg,vix_daily_log_chg,-0.0005405442478761304,1,1418
var_stablecoin_exchange_reserve_daily_log_chg,5,stablecoin_exchange_reserve_daily_log_chg,vix_daily_log_chg,-0.00032997339874084607,1,1418
var_stablecoin_exchange_reserve_daily_log_chg,6,stablecoin_exchange_reserve_daily_log_chg,vix_daily_log_chg,-0.0001941039819904614,1,1418
var_stablecoin_exchange_reserve_daily_log_chg,7,stablecoin_exchange_reserve_daily_log_chg,vix_daily_log_chg,-0.00012435866943593814,1,1418
var_stablecoin_exchange_reserve_daily_log_chg,8,stablecoin_exchange_reserve_daily_log_chg,vix_daily_log_chg,-7.696512950500536e-05,1,1418
var_stablecoin_exchange_reserve_daily_log_chg,9,stablecoin_exchange_reserve_daily_log_chg,vix_daily_log_chg,-4.796591190376581e-05,1,1418
var_stablecoin_exchange_reserve_daily_log_chg,10,stablecoin_exchange_reserve_daily_log_chg,vix_daily_log_chg,-2.9906205936198132e-05,1,1418
var_stablecoin_exchange_reserve_daily_log_chg,11,stablecoin_exchange_reserve_daily_log_chg,vix_daily_log_chg,-1.8627194364249216e-05,1,1418
var_stablecoin_exchange_reserve_daily_log_chg,12,stablecoin_exchange_reserve_daily_log_chg,vix_daily_log_chg,-1.1607522291655818e-05,1,1418
var_stablecoin_exchange_reserve_daily_log_chg,13,stablecoin_exchange_reserve_daily_log_chg,vix_daily_log_chg,-7.232273158988986e-06,1,1418
var_stablecoin_exchange_reserve_daily_log_chg,14,stablecoin_exchange_reserve_daily_log_chg,vix_daily_log_chg,-4.506265510359409e-06,1,1418
var_stablecoin_exchange_reserve_daily_log_chg,15,stablecoin_exchange_reserve_daily_log_chg,vix_daily_log_chg,-2.8077690355513766e-06,1,1418
var_stablecoin_exchange_reserve_daily_log_chg,16,stablecoin_exchange_reserve_daily_log_chg,vix_daily_log_chg,-1.749459846987263e-06,1,1418
var_stablecoin_exchange_reserve_daily_log_chg,17,stablecoin_exchange_reserve_daily_log_chg,vix_daily_log_chg,-1.0900521795330643e-06,1,1418
var_stablecoin_exchange_reserve_daily_log_chg,18,stablecoin_exchange_reserve_daily_log_chg,vix_daily_log_chg,-6.791887097972857e-07,1,1418
var_stablecoin_exchange_reserve_daily_log_chg,19,stablecoin_exchange_reserve_daily_log_chg,vix_daily_log_chg,-4.2318826980080156e-07,1,1418
var_stablecoin_exchange_reserve_daily_log_chg,20,stablecoin_exchange_reserve_daily_log_chg,vix_daily_log_chg,-2.6367976482595324e-07,1,1418
var_stablecoin_exchange_reserve_daily_log_chg,0,stablecoin_exchange_reserve_daily_log_chg,hy_spread_daily_chg,0.0,1,1418
var_stablecoin_exchange_reserve_daily_log_chg,1,stablecoin_exchange_reserve_daily_log_chg,hy_spread_daily_chg,0.02849134234416717,1,1418
var_stablecoin_exchange_reserve_daily_log_chg,2,stablecoin_exchange_reserve_daily_log_chg,hy_spread_daily_chg,0.051877504273857414,1,1418
var_stablecoin_exchange_reserve_daily_log_chg,3,stablecoin_exchange_reserve_daily_log_chg,hy_spread_daily_chg,0.024389501182826887,1,1418
var_stablecoin_exchange_reserve_daily_log_chg,4,stablecoin_exchange_reserve_daily_log_chg,hy_spread_daily_chg,0.016521399001679402,1,1418
var_stablecoin_exchange_reserve_daily_log_chg,5,stablecoin_exchange_reserve_daily_log_chg,hy_spread_daily_chg,0.010128461558472048,1,1418
var_stablecoin_exchange_reserve_daily_log_chg,6,stablecoin_exchange_reserve_daily_log_chg,hy_spread_daily_chg,0.006317025987293703,1,1418
var_stablecoin_exchange_reserve_daily_log_chg,7,stablecoin_exchange_reserve_daily_log_chg,hy_spread_daily_chg,0.00393965469322916,1,1418
var_stablecoin_exchange_reserve_daily_log_chg,8,stablecoin_exchange_reserve_daily_log_chg,hy_spread_daily_chg,0.0024535235687713043,1,1418
var_stablecoin_exchange_reserve_daily_log_chg,9,stablecoin_exchange_reserve_daily_log_chg,hy_spread_daily_chg,0.001528928559102511,1,1418
var_stablecoin_exchange_reserve_daily_log_chg,10,stablecoin_exchange_reserve_daily_log_chg,hy_spread_daily_chg,0.00095263852119698,1,1418
var_stablecoin_exchange_reserve_daily_log_chg,11,stablecoin_exchange_reserve_daily_log_chg,hy_spread_daily_chg,0.0005935621556377981,1,1418
var_stablecoin_exchange_reserve_daily_log_chg,12,stablecoin_exchange_reserve_daily_log_chg,hy_spread_daily_chg,0.00036983863372110466,1,1418
var_stablecoin_exchange_reserve_daily_log_chg,13,stablecoin_exchange_reserve_daily_log_chg,hy_spread_daily_chg,0.00023043822737467737,1,1418
var_stablecoin_exchange_reserve_daily_log_chg,14,stablecoin_exchange_reserve_daily_log_chg,hy_spread_daily_chg,0.00014358129279573093,1,1418
var_stablecoin_exchange_reserve_daily_log_chg,15,stablecoin_exchange_reserve_daily_log_chg,hy_spread_daily_chg,8.946250458953398e-05,1,1418
var_stablecoin_exchange_reserve_daily_log_chg,16,stablecoin_exchange_reserve_daily_log_chg,hy_spread_daily_chg,5.574221244356876e-05,1,1418
var_stablecoin_exchange_reserve_daily_log_chg,17,stablecoin_exchange_reserve_daily_log_chg,hy_spread_daily_chg,3.473180770472912e-05,1,1418
var_stablecoin_exchange_reserve_daily_log_chg,18,stablecoin_exchange_reserve_daily_log_chg,hy_spread_daily_chg,2.1640662918592483e-05,1,1418
var_stablecoin_exchange_reserve_daily_log_chg,19,stablecoin_exchange_reserve_daily_log_chg,hy_spread_daily_chg,1.3483844504425413e-05,1,1418
var_stablecoin_exchange_reserve_daily_log_chg,20,stablecoin_exchange_reserve_daily_log_chg,hy_spread_daily_chg,8.401501531442247e-06,1,1418
var_stablecoin_exchange_reserve_daily_log_chg,0,stablecoin_exchange_reserve_daily_log_chg,ig_spread_daily_chg,0.0,1,1418
var_stablecoin_exchange_reserve_daily_log_chg,1,stablecoin_exchange_reserve_daily_log_chg,ig_spread_daily_chg,0.0359044584433293,1,1418
var_stablecoin_exchange_reserve_daily_log_chg,2,stablecoin_exchange_reserve_daily_log_chg,ig_spread_daily_chg,0.025305376002404612,1,1418
var_stablecoin_exchange_reserve_daily_log_chg,3,stablecoin_exchange_reserve_daily_log_chg,ig_spread_daily_chg,0.014854559229617356,1,1418
var_stablecoin_exchange_reserve_daily_log_chg,4,stablecoin_exchange_reserve_daily_log_chg,ig_spread_daily_chg,0.009404869258841144,1,1418
var_stablecoin_exchange_reserve_daily_log_chg,5,stablecoin_exchange_reserve_daily_log_chg,ig_spread_daily_chg,0.005843115204447385,1,1418
var_stablecoin_exchange_reserve_daily_log_chg,6,stablecoin_exchange_reserve_daily_log_chg,ig_spread_daily_chg,0.0036410375215059068,1,1418
var_stablecoin_exchange_reserve_daily_log_chg,7,stablecoin_exchange_reserve_daily_log_chg,ig_spread_daily_chg,0.002269074616461361,1,1418
var_stablecoin_exchange_reserve_daily_log_chg,8,stablecoin_exchange_reserve_daily_log_chg,ig_spread_daily_chg,0.0014136966815332251,1,1418
var_stablecoin_exchange_reserve_daily_log_chg,9,stablecoin_exchange_reserve_daily_log_chg,ig_spread_daily_chg,0.0008808593922262891,1,1418
var_stablecoin_exchange_reserve_daily_log_chg,10,stablecoin_exchange_reserve_daily_log_chg,ig_spread_daily_chg,0.0005488459820141968,1,1418
var_stablecoin_exchange_reserve_daily_log_chg,11,stablecoin_exchange_reserve_daily_log_chg,ig_spread_daily_chg,0.00034197347471694634,1,1418
var_stablecoin_exchange_reserve_daily_log_chg,12,stablecoin_exchange_reserve_daily_log_chg,ig_spread_daily_chg,0.00021307679999792829,1,1418
var_stablecoin_exchange_reserve_daily_log_chg,13,stablecoin_exchange_reserve_daily_log_chg,ig_spread_daily_chg,0.00013276364982863468,1,1418
var_stablecoin_exchange_reserve_daily_log_chg,14,stablecoin_exchange_reserve_daily_log_chg,ig_spread_daily_chg,8.272225747689968e-05,1,1418
var_stablecoin_exchange_reserve_daily_log_chg,15,stablecoin_exchange_reserve_daily_log_chg,ig_spread_daily_chg,5.154250948611418e-05,1,1418
var_stablecoin_exchange_reserve_daily_log_chg,16,stablecoin_exchange_reserve_daily_log_chg,ig_spread_daily_chg,3.2115059376103284e-05,1,1418
var_stablecoin_exchange_reserve_daily_log_chg,17,stablecoin_exchange_reserve_daily_log_chg,ig_spread_daily_chg,2.001022197304007e-05,1,1418
var_stablecoin_exchange_reserve_daily_log_chg,18,stablecoin_exchange_reserve_daily_log_chg,ig_spread_daily_chg,1.2467950833328432e-05,1,1418
var_stablecoin_exchange_reserve_daily_log_chg,19,stablecoin_exchange_reserve_daily_log_chg,ig_spread_daily_chg,7.768519425692285e-06,1,1418
var_stablecoin_exchange_reserve_daily_log_chg,20,stablecoin_exchange_reserve_daily_log_chg,ig_spread_daily_chg,4.840401994154197e-06,1,1418
var_tradingVol_btc+eth_daily_log_chg,0,tradingVol_btc+eth_daily_log_chg,sp500_daily_log_ret,0.0,1,1418
var_tradingVol_btc+eth_daily_log_chg,1,tradingVol_btc+eth_daily_log_chg,sp500_daily_log_ret,0.00014828562473148243,1,1418
var_tradingVol_btc+eth_daily_log_chg,2,tradingVol_btc+eth_daily_log_chg,sp500_daily_log_ret,-0.00010356854714395083,1,1418
var_tradingVol_btc+eth_daily_log_chg,3,tradingVol_btc+eth_daily_log_chg,sp500_daily_log_ret,-1.1264128100781441e-05,1,1418
var_tradingVol_btc+eth_daily_log_chg,4,tradingVol_btc+eth_daily_log_chg,sp500_daily_log_ret,-9.785721188786294e-06,1,1418
var_tradingVol_btc+eth_daily_log_chg,5,tradingVol_btc+eth_daily_log_chg,sp500_daily_log_ret,-8.322078560636492e-06,1,1418
var_tradingVol_btc+eth_daily_log_chg,6,tradingVol_btc+eth_daily_log_chg,sp500_daily_log_ret,-4.200286337529148e-06,1,1418
var_tradingVol_btc+eth_daily_log_chg,7,tradingVol_btc+eth_daily_log_chg,sp500_daily_log_ret,-2.8634119308504527e-06,1,1418
var_tradingVol_btc+eth_daily_log_chg,8,tradingVol_btc+eth_daily_log_chg,sp500_daily_log_ret,-1.7386860036373753e-06,1,1418
var_tradingVol_btc+eth_daily_log_chg,9,tradingVol_btc+eth_daily_log_chg,sp500_daily_log_ret,-1.0872995378244634e-06,1,1418
var_tradingVol_btc+eth_daily_log_chg,10,tradingVol_btc+eth_daily_log_chg,sp500_daily_log_ret,-6.769747038324163e-07,1,1418
var_tradingVol_btc+eth_daily_log_chg,11,tradingVol_btc+eth_daily_log_chg,sp500_daily_log_ret,-4.212919871569352e-07,1,1418
var_tradingVol_btc+eth_daily_log_chg,12,tradingVol_btc+eth_daily_log_chg,sp500_daily_log_ret,-2.6233042754778336e-07,1,1418
var_tradingVol_btc+eth_daily_log_chg,13,tradingVol_btc+eth_daily_log_chg,sp500_daily_log_ret,-1.6331331749056296e-07,1,1418
var_tradingVol_btc+eth_daily_log_chg,14,tradingVol_btc+eth_daily_log_chg,sp500_daily_log_ret,-1.0167433635559694e-07,1,1418
var_tradingVol_btc+eth_daily_log_chg,15,tradingVol_btc+eth_daily_log_chg,sp500_daily_log_ret,-6.329988386273248e-08,1,1418
var_tradingVol_btc+eth_daily_log_chg,16,tradingVol_btc+eth_daily_log_chg,sp500_daily_log_ret,-3.940866417255924e-08,1,1418
var_tradingVol_btc+eth_daily_log_chg,17,tradingVol_btc+eth_daily_log_chg,sp500_daily_log_ret,-2.4534755062739978e-08,1,1418
var_tradingVol_btc+eth_daily_log_chg,18,tradingVol_btc+eth_daily_log_chg,sp500_daily_log_ret,-1.5274655230957706e-08,1,1418
var_tradingVol_btc+eth_daily_log_chg,19,tradingVol_btc+eth_daily_log_chg,sp500_daily_log_ret,-9.509575778241546e-09,1,1418
var_tradingVol_btc+eth_daily_log_chg,20,tradingVol_btc+eth_daily_log_chg,sp500_daily_log_ret,-5.920397747925716e-09,1,1418
var_tradingVol_btc+eth_daily_log_chg,0,tradingVol_btc+eth_daily_log_chg,vix_daily_log_chg,0.0,1,1418
var_tradingVol_btc+eth_daily_log_chg,1,tradingVol_btc+eth_daily_log_chg,vix_daily_log_chg,-0.0014513222065374617,1,1418
var_tradingVol_btc+eth_daily_log_chg,2,tradingVol_btc+eth_daily_log_chg,vix_daily_log_chg,0.0005990159190114269,1,1418
var_tradingVol_btc+eth_daily_log_chg,3,tradingVol_btc+eth_daily_log_chg,vix_daily_log_chg,-0.00011978195102212625,1,1418
var_tradingVol_btc+eth_daily_log_chg,4,tradingVol_btc+eth_daily_log_chg,vix_daily_log_chg,-1.372882420511087e-06,1,1418
var_tradingVol_btc+eth_daily_log_chg,5,tradingVol_btc+eth_daily_log_chg,vix_daily_log_chg,-4.654347143351436e-06,1,1418
var_tradingVol_btc+eth_daily_log_chg,6,tradingVol_btc+eth_daily_log_chg,vix_daily_log_chg,-4.428359884985336e-06,1,1418
var_tradingVol_btc+eth_daily_log_chg,7,tradingVol_btc+eth_daily_log_chg,vix_daily_log_chg,-2.1575779717148273e-06,1,1418
var_tradingVol_btc+eth_daily_log_chg,8,tradingVol_btc+eth_daily_log_chg,vix_daily_log_chg,-1.4655073402305612e-06,1,1418
var_tradingVol_btc+eth_daily_log_chg,9,tradingVol_btc+eth_daily_log_chg,vix_daily_log_chg,-8.983816631642365e-07,1,1418
var_tradingVol_btc+eth_daily_log_chg,10,tradingVol_btc+eth_daily_log_chg,vix_daily_log_chg,-5.588624488559238e-07,1,1418
var_tradingVol_btc+eth_daily_log_chg,11,tradingVol_btc+eth_daily_log_chg,vix_daily_log_chg,-3.4859793682691434e-07,1,1418
var_tradingVol_btc+eth_daily_log_chg,12,tradingVol_btc+eth_daily_log_chg,vix_daily_log_chg,-2.16845961772317e-07,1,1418
var_tradingVol_btc+eth_daily_log_chg,13,tradingVol_btc+eth_daily_log_chg,vix_daily_log_chg,-1.3503062816892382e-07,1,1418
var_tradingVol_btc+eth_daily_log_chg,14,tradingVol_btc+eth_daily_log_chg,vix_daily_log_chg,-8.406496143907944e-08,1,1418
var_tradingVol_btc+eth_daily_log_chg,15,tradingVol_btc+eth_daily_log_chg,vix_daily_log_chg,-5.233577520862947e-08,1,1418
var_tradingVol_btc+eth_daily_log_chg,16,tradingVol_btc+eth_daily_log_chg,vix_daily_log_chg,-3.2583083033227605e-08,1,1418
var_tradingVol_btc+eth_daily_log_chg,17,tradingVol_btc+eth_daily_log_chg,vix_daily_log_chg,-2.02852632867245e-08,1,1418
var_tradingVol_btc+eth_daily_log_chg,18,tradingVol_btc+eth_daily_log_chg,vix_daily_log_chg,-1.2629048271879896e-08,1,1418
var_tradingVol_btc+eth_daily_log_chg,19,tradingVol_btc+eth_daily_log_chg,vix_daily_log_chg,-7.862494688840652e-09,1,1418
var_tradingVol_btc+eth_daily_log_chg,20,tradingVol_btc+eth_daily_log_chg,vix_daily_log_chg,-4.894970406868543e-09,1,1418
var_tradingVol_btc+eth_daily_log_chg,0,tradingVol_btc+eth_daily_log_chg,hy_spread_daily_chg,0.0,1,1418
var_tradingVol_btc+eth_daily_log_chg,1,tradingVol_btc+eth_daily_log_chg,hy_spread_daily_chg,0.0058243957944066225,1,1418
var_tradingVol_btc+eth_daily_log_chg,2,tradingVol_btc+eth_daily_log_chg,hy_spread_daily_chg,-0.00029102862879591625,1,1418
var_tradingVol_btc+eth_daily_log_chg,3,tradingVol_btc+eth_daily_log_chg,hy_spread_daily_chg,0.0007297806917606607,1,1418
var_tradingVol_btc+eth_daily_log_chg,4,tradingVol_btc+eth_daily_log_chg,hy_spread_daily_chg,0.0002632369046963194,1,1418
var_tradingVol_btc+eth_daily_log_chg,5,tradingVol_btc+eth_daily_log_chg,hy_spread_daily_chg,0.0001928196716453413,1,1418
var_tradingVol_btc+eth_daily_log_chg,6,tradingVol_btc+eth_daily_log_chg,hy_spread_daily_chg,0.00011810542730819784,1,1418
var_tradingVol_btc+eth_daily_log_chg,7,tradingVol_btc+eth_daily_log_chg,hy_spread_daily_chg,7.303282460076042e-05,1,1418
var_tradingVol_btc+eth_daily_log_chg,8,tradingVol_btc+eth_daily_log_chg,hy_spread_daily_chg,4.569622540195895e-05,1,1418
var_tradingVol_btc+eth_daily_log_chg,9,tradingVol_btc+eth_daily_log_chg,hy_spread_daily_chg,2.8397716494291228e-05,1,1418
var_tradingVol_btc+eth_daily_log_chg,10,tradingVol_btc+eth_daily_log_chg,hy_spread_daily_chg,1.768681169857648e-05,1,1418
var_tradingVol_btc+eth_daily_log_chg,11,tradingVol_btc+eth_daily_log_chg,hy_spread_daily_chg,1.1011049688700418e-05,1,1418
var_tradingVol_btc+eth_daily_log_chg,12,tradingVol_btc+eth_daily_log_chg,hy_spread_daily_chg,6.854993109786458e-06,1,1418
var_tradingVol_btc+eth_daily_log_chg,13,tradingVol_btc+eth_daily_log_chg,hy_spread_daily_chg,4.267790039184703e-06,1,1418
var_tradingVol_btc+eth_daily_log_chg,14,tradingVol_btc+eth_daily_log_chg,hy_spread_daily_chg,2.656996419497446e-06,1,1418
var_tradingVol_btc+eth_daily_log_chg,15,tradingVol_btc+eth_daily_log_chg,hy_spread_daily_chg,1.6541729672774163e-06,1,1418
var_tradingVol_btc+eth_daily_log_chg,16,tradingVol_btc+eth_daily_log_chg,hy_spread_daily_chg,1.0298423323336854e-06,1,1418
var_tradingVol_btc+eth_daily_log_chg,17,tradingVol_btc+eth_daily_log_chg,hy_spread_daily_chg,6.41151121313361e-07,1,1418
var_tradingVol_btc+eth_daily_log_chg,18,tradingVol_btc+eth_daily_log_chg,hy_spread_daily_chg,3.9916289583689084e-07,1,1418
var_tradingVol_btc+eth_daily_log_chg,19,tradingVol_btc+eth_daily_log_chg,hy_spread_daily_chg,2.4850772451027165e-07,1,1418
var_tradingVol_btc+eth_daily_log_chg,20,tradingVol_btc+eth_daily_log_chg,hy_spread_daily_chg,1.5471400427194719e-07,1,1418
var_tradingVol_btc+eth_daily_log_chg,0,tradingVol_btc+eth_daily_log_chg,ig_spread_daily_chg,0.0,1,1418
var_tradingVol_btc+eth_daily_log_chg,1,tradingVol_btc+eth_daily_log_chg,ig_spread_daily_chg,0.0014619278084580661,1,1418
var_tradingVol_btc+eth_daily_log_chg,2,tradingVol_btc+eth_daily_log_chg,ig_spread_daily_chg,0.00028988859579465116,1,1418
var_tradingVol_btc+eth_daily_log_chg,3,tradingVol_btc+eth_daily_log_chg,ig_spread_daily_chg,0.0003113024772563291,1,1418
var_tradingVol_btc+eth_daily_log_chg,4,tradingVol_btc+eth_daily_log_chg,ig_spread_daily_chg,0.00017001614570874096,1,1418
var_tradingVol_btc+eth_daily_log_chg,5,tradingVol_btc+eth_daily_log_chg,ig_spread_daily_chg,0.00010906657960472281,1,1418
var_tradingVol_btc+eth_daily_log_chg,6,tradingVol_btc+eth_daily_log_chg,ig_spread_daily_chg,6.772074561160433e-05,1,1418
var_tradingVol_btc+eth_daily_log_chg,7,tradingVol_btc+eth_daily_log_chg,ig_spread_daily_chg,4.2104739490568215e-05,1,1418
var_tradingVol_btc+eth_daily_log_chg,8,tradingVol_btc+eth_daily_log_chg,ig_spread_daily_chg,2.6236249381281543e-05,1,1418
var_tradingVol_btc+eth_daily_log_chg,9,tradingVol_btc+eth_daily_log_chg,ig_spread_daily_chg,1.6329174976172293e-05,1,1418
var_tradingVol_btc+eth_daily_log_chg,10,tradingVol_btc+eth_daily_log_chg,ig_spread_daily_chg,1.016667211580349e-05,1,1418
var_tradingVol_btc+eth_daily_log_chg,11,tradingVol_btc+eth_daily_log_chg,ig_spread_daily_chg,6.329489582981666e-06,1,1418
var_tradingVol_btc+eth_daily_log_chg,12,tradingVol_btc+eth_daily_log_chg,ig_spread_daily_chg,3.940542915958967e-06,1,1418
var_tradingVol_btc+eth_daily_log_chg,13,tradingVol_btc+eth_daily_log_chg,ig_spread_daily_chg,2.4532785575072257e-06,1,1418
var_tradingVol_btc+eth_daily_log_chg,14,tradingVol_btc+eth_daily_log_chg,ig_spread_daily_chg,1.5273421483629773e-06,1,1418
var_tradingVol_btc+eth_daily_log_chg,15,tradingVol_btc+eth_daily_log_chg,ig_spread_daily_chg,9.508808083322977e-07,1,1418
var_tradingVol_btc+eth_daily_log_chg,16,tradingVol_btc+eth_daily_log_chg,ig_spread_daily_chg,5.919920008560028e-07,1,1418
var_tradingVol_btc+eth_daily_log_chg,17,tradingVol_btc+eth_daily_log_chg,ig_spread_daily_chg,3.6855775947314465e-07,1,1418
var_tradingVol_btc+eth_daily_log_chg,18,tradingVol_btc+eth_daily_log_chg,ig_spread_daily_chg,2.2945382244387811e-07,1,1418
var_tradingVol_btc+eth_daily_log_chg,19,tradingVol_btc+eth_daily_log_chg,ig_spread_daily_chg,1.428515739256742e-07,1,1418
var_tradingVol_btc+eth_daily_log_chg,20,tradingVol_btc+eth_daily_log_chg,ig_spread_daily_chg,8.893542061075154e-08,1,1418
