dependent,horizon,specification,variable,is_main_predictor,coef,t_stat,p_value,r_squared,adj_r_squared,nobs,dependent_column,significance,coef_formatted
hy_spread,1,full_all_crypto_predictors,btc_eth_funding_rate_avg,True,-0.7791480645606764,-1.9823075630380158,0.04744482807795256,0.03588182664384432,0.029732242263826203,1421,hy_spread_daily_chg,***,-0.7791***
hy_spread,1,full_all_crypto_predictors,btc_eth_open_interest_daily_log_chg,True,-0.089198190708614,-0.9817981477335868,0.32619930087918936,0.03588182664384432,0.029732242263826203,1421,hy_spread_daily_chg,**,-0.0892**
hy_spread,1,full_all_crypto_predictors,stablecoin_exchange_netflow_scaled,True,0.946749341219278,0.23969852334230346,0.8105639797794069,0.03588182664384432,0.029732242263826203,1421,hy_spread_daily_chg,,0.9467
hy_spread,1,full_all_crypto_predictors,stablecoin_exchange_reserve_daily_log_chg,True,-0.34419858257573843,-0.26488396664722075,0.7910988500605597,0.03588182664384432,0.029732242263826203,1421,hy_spread_daily_chg,,-0.3442
hy_spread,1,full_all_crypto_predictors,stablecoin_supply_daily_log_chg,True,1.9513080835850283,1.7702414838263274,0.0766869214075928,0.03588182664384432,0.029732242263826203,1421,hy_spread_daily_chg,***,1.9513***
hy_spread,1,full_all_crypto_predictors,tradingVol_btc+eth_daily_log_chg,True,0.006745743523857474,0.7887191212653423,0.430276189583657,0.03588182664384432,0.029732242263826203,1421,hy_spread_daily_chg,**,0.0067**
hy_spread,1,group_crypto_market,btc_eth_funding_rate_avg,True,-0.6822259631952171,-1.7166371543165082,0.08604548945327294,0.02590893507770775,0.020390005531405686,1421,hy_spread_daily_chg,***,-0.6822***
hy_spread,1,group_crypto_market,btc_eth_open_interest_daily_log_chg,True,-0.08944013309866611,-1.048413480994928,0.2944481451074462,0.02590893507770775,0.020390005531405686,1421,hy_spread_daily_chg,**,-0.0894**
hy_spread,1,group_crypto_market,stablecoin_exchange_netflow_scaled,True,1.202833303128441,0.2913084993888205,0.7708153876297104,0.02590893507770775,0.020390005531405686,1421,hy_spread_daily_chg,,1.2028
hy_spread,1,group_crypto_market,stablecoin_exchange_reserve_daily_log_chg,True,-0.3073758061660766,-0.22747403099551655,0.8200551602391994,0.02590893507770775,0.020390005531405686,1421,hy_spread_daily_chg,,-0.3074
hy_spread,1,group_crypto_market,tradingVol_btc+eth_daily_log_chg,True,0.004669440889395529,0.539453833045689,0.5895737443570668,0.02590893507770775,0.020390005531405686,1421,hy_spread_daily_chg,,0.0047
hy_spread,1,group_stablecoin_mcaps,stablecoin_supply_daily_log_chg,True,1.5610536528590067,1.324275766821342,0.18541147562609683,0.016833897870521808,0.014056592497274756,1421,hy_spread_daily_chg,**,1.5611**
hy_spread,1,standalone_btc_eth_funding_rate_avg,btc_eth_funding_rate_avg,True,-0.7158108308428767,-1.770222937161057,0.07669000975957936,0.023886073069839475,0.021128689095460618,1421,hy_spread_daily_chg,***,-0.7158***
hy_spread,1,standalone_btc_eth_open_interest_daily_log_chg,btc_eth_open_interest_daily_log_chg,True,-0.1277086548699211,-1.70407885592952,0.08836635621321685,0.01248106588893394,0.009691464380145676,1421,hy_spread_daily_chg,***,-0.1277***
hy_spread,1,standalone_stablecoin_exchange_netflow_scaled,stablecoin_exchange_netflow_scaled,True,0.4062298888973962,0.5118810060709034,0.6087342921615793,0.010668137798717114,0.007873415024137298,1421,hy_spread_daily_chg,,0.4062
hy_spread,1,standalone_stablecoin_exchange_reserve_daily_log_chg,stablecoin_exchange_reserve_daily_log_chg,True,0.13193487809819304,0.5029836660184182,0.6149757561722,0.010595376468943818,0.007800448153884365,1421,hy_spread_daily_chg,,0.1319
hy_spread,1,standalone_stablecoin_supply_daily_log_chg,stablecoin_supply_daily_log_chg,True,1.5610536528590067,1.324275766821342,0.18541147562609683,0.016833897870521808,0.014056592497274756,1421,hy_spread_daily_chg,**,1.5611**
hy_spread,1,standalone_tradingVol_btc+eth_daily_log_chg,tradingVol_btc+eth_daily_log_chg,True,0.005793835046064055,0.6632485934744085,0.5071713541750758,0.010129258018264142,0.007333012984417464,1421,hy_spread_daily_chg,,0.0058
hy_spread,5,full_all_crypto_predictors,btc_eth_funding_rate_avg,True,-2.5511359542151615,-1.9025135823754313,0.057104044891917366,0.06774428847427671,0.061781032323792284,1417,hy_spread_daily_chg,***,-2.5511***
hy_spread,5,full_all_crypto_predictors,btc_eth_open_interest_daily_log_chg,True,-0.3665838467849223,-1.2029382885700601,0.22900020220264772,0.06774428847427671,0.061781032323792284,1417,hy_spread_daily_chg,**,-0.3666**
hy_spread,5,full_all_crypto_predictors,stablecoin_exchange_netflow_scaled,True,-12.985255039917247,-0.9352054181469983,0.3496824468061539,0.06774428847427671,0.061781032323792284,1417,hy_spread_daily_chg,**,-12.9853**
hy_spread,5,full_all_crypto_predictors,stablecoin_exchange_reserve_daily_log_chg,True,5.105223174543477,1.0696856206845076,0.2847608408897243,0.06774428847427671,0.061781032323792284,1417,hy_spread_daily_chg,**,5.1052**
hy_spread,5,full_all_crypto_predictors,stablecoin_supply_daily_log_chg,True,6.198503185743164,1.3390319178491272,0.18056028240374278,0.06774428847427671,0.061781032323792284,1417,hy_spread_daily_chg,**,6.1985**
hy_spread,5,full_all_crypto_predictors,tradingVol_btc+eth_daily_log_chg,True,-0.0008584615856883672,-0.04915306099253708,0.9607973179193378,0.06774428847427671,0.061781032323792284,1417,hy_spread_daily_chg,,-0.0009
hy_spread,5,group_crypto_market,btc_eth_funding_rate_avg,True,-2.2437664218549815,-1.7087467303434585,0.08749787395081622,0.05432742378044564,0.04895428414283454,1417,hy_spread_daily_chg,***,-2.2438***
hy_spread,5,group_crypto_market,btc_eth_open_interest_daily_log_chg,True,-0.36742572002707813,-1.1163968730782965,0.2642522913989166,0.05432742378044564,0.04895428414283454,1417,hy_spread_daily_chg,**,-0.3674**
hy_spread,5,group_crypto_market,stablecoin_exchange_netflow_scaled,True,-12.168462683989224,-0.8367279974025073,0.4027454780498789,0.05432742378044564,0.04895428414283454,1417,hy_spread_daily_chg,**,-12.1685**
hy_spread,5,group_crypto_market,stablecoin_exchange_reserve_daily_log_chg,True,5.220560853415558,1.0592654722778398,0.28947889492402856,0.05432742378044564,0.04895428414283454,1417,hy_spread_daily_chg,**,5.2206**
hy_spread,5,group_crypto_market,tradingVol_btc+eth_daily_log_chg,True,-0.007493852498344295,-0.38332902245231804,0.7014758229009798,0.05432742378044564,0.04895428414283454,1417,hy_spread_daily_chg,,-0.0075
hy_spread,5,group_stablecoin_mcaps,stablecoin_supply_daily_log_chg,True,5.619971233258713,1.0689221622478853,0.2851047446769339,0.03305162754992874,0.03031239703307309,1417,hy_spread_daily_chg,**,5.62**
hy_spread,5,standalone_btc_eth_funding_rate_avg,btc_eth_funding_rate_avg,True,-2.4150889837019327,-1.6392320977201378,0.10116493143611727,0.04228628003888102,0.03957321001066261,1417,hy_spread_daily_chg,**,-2.4151**
hy_spread,5,standalone_btc_eth_open_interest_daily_log_chg,btc_eth_open_interest_daily_log_chg,True,-0.511844141211518,-1.2981890887729854,0.19422236660151704,0.02660785129716914,0.023850366456651284,1417,hy_spread_daily_chg,**,-0.5118**
hy_spread,5,standalone_stablecoin_exchange_netflow_scaled,stablecoin_exchange_netflow_scaled,True,3.3300210171030993,1.012298809623833,0.31139520385725195,0.028065688511360043,0.02531233352130735,1417,hy_spread_daily_chg,**,3.33**
hy_spread,5,standalone_stablecoin_exchange_reserve_daily_log_chg,stablecoin_exchange_reserve_daily_log_chg,True,1.2380077118922346,1.1179238021271496,0.26359953833512917,0.029389534365783954,0.026639929647273464,1417,hy_spread_daily_chg,**,1.238**
hy_spread,5,standalone_stablecoin_supply_daily_log_chg,stablecoin_supply_daily_log_chg,True,5.619971233258713,1.0689221622478853,0.2851047446769339,0.03305162754992874,0.03031239703307309,1417,hy_spread_daily_chg,**,5.62**
hy_spread,5,standalone_tradingVol_btc+eth_daily_log_chg,tradingVol_btc+eth_daily_log_chg,True,-0.003097675519081475,-0.16401687190275774,0.8697178618215091,0.021055066813686296,0.018281851705509777,1417,hy_spread_daily_chg,,-0.0031
hy_spread,20,full_all_crypto_predictors,btc_eth_funding_rate_avg,True,1.2160388638309856,0.4951665180940074,0.6204825828356759,0.07267286466350997,0.06667721508159308,1402,hy_spread_daily_chg,,1.216
hy_spread,20,full_all_crypto_predictors,btc_eth_open_interest_daily_log_chg,True,-1.0305472648727583,-2.3611389224894457,0.018218904195366325,0.07267286466350997,0.06667721508159308,1402,hy_spread_daily_chg,***,-1.0305***
hy_spread,20,full_all_crypto_predictors,stablecoin_exchange_netflow_scaled,True,-74.18547609439256,-1.6927156115787898,0.090509612220312,0.07267286466350997,0.06667721508159308,1402,hy_spread_daily_chg,***,-74.1855***
hy_spread,20,full_all_crypto_predictors,stablecoin_exchange_reserve_daily_log_chg,True,26.555016285806175,1.604153792054979,0.10868015722261178,0.07267286466350997,0.06667721508159308,1402,hy_spread_daily_chg,**,26.555**
hy_spread,20,full_all_crypto_predictors,stablecoin_supply_daily_log_chg,True,-6.619803420095454,-1.3888949839390283,0.16486468606350002,0.07267286466350997,0.06667721508159308,1402,hy_spread_daily_chg,**,-6.6198**
hy_spread,20,full_all_crypto_predictors,tradingVol_btc+eth_daily_log_chg,True,-0.008062008876253652,-0.2514122030428538,0.801495433976867,0.07267286466350997,0.06667721508159308,1402,hy_spread_daily_chg,,-0.0081
hy_spread,20,group_crypto_market,btc_eth_funding_rate_avg,True,0.8899717076257895,0.3525393578627675,0.7244338072808054,0.06934013189991006,0.06399535160931369,1402,hy_spread_daily_chg,,0.89
hy_spread,20,group_crypto_market,btc_eth_open_interest_daily_log_chg,True,-1.0287307206578544,-2.4219014816859072,0.01543953563431361,0.06934013189991006,0.06399535160931369,1402,hy_spread_daily_chg,***,-1.0287***
hy_spread,20,group_crypto_market,stablecoin_exchange_netflow_scaled,True,-75.06412229787854,-1.697142403774703,0.08966974106170847,0.06934013189991006,0.06399535160931369,1402,hy_spread_daily_chg,***,-75.0641***
hy_spread,20,group_crypto_market,stablecoin_exchange_reserve_daily_log_chg,True,26.43507337073124,1.5824001172652964,0.113558257976583,0.06934013189991006,0.06399535160931369,1402,hy_spread_daily_chg,**,26.4351**
hy_spread,20,group_crypto_market,tradingVol_btc+eth_daily_log_chg,True,-0.0008391748155467949,-0.025403281131412294,0.979733293989344,0.06934013189991006,0.06399535160931369,1402,hy_spread_daily_chg,,-0.0008
hy_spread,20,group_stablecoin_mcaps,stablecoin_supply_daily_log_chg,True,-5.157860523422971,-0.8480116343866262,0.396431491404157,0.0480127053221826,0.045286900613012104,1402,hy_spread_daily_chg,**,-5.1579**
hy_spread,20,standalone_btc_eth_funding_rate_avg,btc_eth_funding_rate_avg,True,0.522186392835563,0.21981956823724613,0.8260116791051058,0.04602726715799954,0.04329577758651204,1402,hy_spread_daily_chg,,0.5222
hy_spread,20,standalone_btc_eth_open_interest_daily_log_chg,btc_eth_open_interest_daily_log_chg,True,-1.050139330332279,-2.6170356071721317,0.008869708828781688,0.050893923495458626,0.04817636851620444,1402,hy_spread_daily_chg,***,-1.0501***
hy_spread,20,standalone_stablecoin_exchange_netflow_scaled,stablecoin_exchange_netflow_scaled,True,1.7898648534350867,0.3107614410556962,0.7559819848328361,0.046253412884706635,0.04352257083140587,1402,hy_spread_daily_chg,,1.7899
hy_spread,20,standalone_stablecoin_exchange_reserve_daily_log_chg,stablecoin_exchange_reserve_daily_log_chg,True,1.1710282161080943,0.5064497303070942,0.6125409709673112,0.04743800232376971,0.0447105520798865,1402,hy_spread_daily_chg,,1.171
hy_spread,20,standalone_stablecoin_supply_daily_log_chg,stablecoin_supply_daily_log_chg,True,-5.157860523422971,-0.8480116343866262,0.396431491404157,0.0480127053221826,0.045286900613012104,1402,hy_spread_daily_chg,**,-5.1579**
hy_spread,20,standalone_tradingVol_btc+eth_daily_log_chg,tradingVol_btc+eth_daily_log_chg,True,0.012875188005934436,0.37412924914427537,0.7083081585952755,0.04584606250475054,0.04311405409388369,1402,hy_spread_daily_chg,,0.0129
ig_spread,1,full_all_crypto_predictors,btc_eth_funding_rate_avg,True,-0.2611077794373461,-2.439482089136465,0.014708331772518972,0.0767302662883772,0.0708370552221328,1420,ig_spread_daily_chg,***,-0.2611***
ig_spread,1,full_all_crypto_predictors,btc_eth_open_interest_daily_log_chg,True,-0.010544913087975123,-0.5277310090195307,0.5976860476047083,0.0767302662883772,0.0708370552221328,1420,ig_spread_daily_chg,,-0.0105
ig_spread,1,full_all_crypto_predictors,stablecoin_exchange_netflow_scaled,True,0.7240210083076898,0.6191214204837573,0.5358363730027502,0.0767302662883772,0.0708370552221328,1420,ig_spread_daily_chg,,0.724
ig_spread,1,full_all_crypto_predictors,stablecoin_exchange_reserve_daily_log_chg,True,-0.2053442514878555,-0.5394426175274264,0.5895814812860134,0.0767302662883772,0.0708370552221328,1420,ig_spread_daily_chg,,-0.2053
ig_spread,1,full_all_crypto_predictors,stablecoin_supply_daily_log_chg,True,0.7031524904323714,1.5129142112298952,0.13030145160183534,0.0767302662883772,0.0708370552221328,1420,ig_spread_daily_chg,**,0.7032**
ig_spread,1,full_all_crypto_predictors,tradingVol_btc+eth_daily_log_chg,True,0.002171062554709228,1.091277787811536,0.2751506685226093,0.0767302662883772,0.0708370552221328,1420,ig_spread_daily_chg,**,0.0022**
ig_spread,1,group_crypto_market,btc_eth_funding_rate_avg,True,-0.22619437215040103,-2.1557042454149173,0.031106766469343624,0.05995062598679968,0.054620792540941654,1420,ig_spread_daily_chg,***,-0.2262***
ig_spread,1,group_crypto_market,btc_eth_open_interest_daily_log_chg,True,-0.010622168340007732,-0.5188852865842297,0.6038407387116074,0.05995062598679968,0.054620792540941654,1420,ig_spread_daily_chg,,-0.0106
ig_spread,1,group_crypto_market,stablecoin_exchange_netflow_scaled,True,0.8163795882173867,0.6265449034655807,0.5309575938268625,0.05995062598679968,0.054620792540941654,1420,ig_spread_daily_chg,,0.8164
ig_spread,1,group_crypto_market,stablecoin_exchange_reserve_daily_log_chg,True,-0.1921121296049507,-0.4737869877297733,0.6356518145902483,0.05995062598679968,0.054620792540941654,1420,ig_spread_daily_chg,,-0.1921
ig_spread,1,group_crypto_market,tradingVol_btc+eth_daily_log_chg,True,0.0014250389291968978,0.6774711201265129,0.49810708763870826,0.05995062598679968,0.054620792540941654,1420,ig_spread_daily_chg,**,0.0014**
ig_spread,1,group_stablecoin_mcaps,stablecoin_supply_daily_log_chg,True,0.6177608518204157,1.2781044210838197,0.2012126103048617,0.04958553170895019,0.046898847699646806,1420,ig_spread_daily_chg,**,0.6178**
ig_spread,1,standalone_btc_eth_funding_rate_avg,btc_eth_funding_rate_avg,True,-0.23460769308215135,-2.096536825790364,0.03603459670748317,0.05497386789341585,0.05230241592986362,1420,ig_spread_daily_chg,***,-0.2346***
ig_spread,1,standalone_btc_eth_open_interest_daily_log_chg,btc_eth_open_interest_daily_log_chg,True,-0.024246854432550563,-1.2395236465751265,0.21515163720320163,0.03669769475751117,0.03397457870028853,1420,ig_spread_daily_chg,**,-0.0242**
ig_spread,1,standalone_stablecoin_exchange_netflow_scaled,stablecoin_exchange_netflow_scaled,True,0.28595602771750367,1.1798935907653736,0.23804253931211183,0.04051601273862948,0.037803690513155574,1420,ig_spread_daily_chg,**,0.286**
ig_spread,1,standalone_stablecoin_exchange_reserve_daily_log_chg,stablecoin_exchange_reserve_daily_log_chg,True,0.09271429545094703,1.1935417533385424,0.2326572701006483,0.04003328520878402,0.03731959838251908,1420,ig_spread_daily_chg,**,0.0927**
ig_spread,1,standalone_stablecoin_supply_daily_log_chg,stablecoin_supply_daily_log_chg,True,0.6177608518204157,1.2781044210838197,0.2012126103048617,0.04958553170895019,0.046898847699646806,1420,ig_spread_daily_chg,**,0.6178**
ig_spread,1,standalone_tradingVol_btc+eth_daily_log_chg,tradingVol_btc+eth_daily_log_chg,True,0.001529891438515978,0.7019320118730448,0.48272156409357836,0.03570607401168069,0.03298015478627192,1420,ig_spread_daily_chg,**,0.0015**
ig_spread,5,full_all_crypto_predictors,btc_eth_funding_rate_avg,True,-1.2907725336900122,-1.6485856130053156,0.09923255814907855,0.12309626619879888,0.1174830844034852,1416,ig_spread_daily_chg,***,-1.2908***
ig_spread,5,full_all_crypto_predictors,btc_eth_open_interest_daily_log_chg,True,-0.2015199083007791,-1.2659717717589891,0.20552318868014308,0.12309626619879888,0.1174830844034852,1416,ig_spread_daily_chg,**,-0.2015**
ig_spread,5,full_all_crypto_predictors,stablecoin_exchange_netflow_scaled,True,-2.5847165356021407,-0.4604397227438403,0.6452006279827582,0.12309626619879888,0.1174830844034852,1416,ig_spread_daily_chg,,-2.5847
ig_spread,5,full_all_crypto_predictors,stablecoin_exchange_reserve_daily_log_chg,True,1.2195079421573682,0.6632420466981873,0.5071755464109726,0.12309626619879888,0.1174830844034852,1416,ig_spread_daily_chg,,1.2195
ig_spread,5,full_all_crypto_predictors,stablecoin_supply_daily_log_chg,True,2.478955246762206,1.0441282747116303,0.296426045820985,0.12309626619879888,0.1174830844034852,1416,ig_spread_daily_chg,**,2.479**
ig_spread,5,full_all_crypto_predictors,tradingVol_btc+eth_daily_log_chg,True,-0.00012840838756285333,-0.023742369938448214,0.9810581091970112,0.12309626619879888,0.1174830844034852,1416,ig_spread_daily_chg,,-0.0001
ig_spread,5,group_crypto_market,btc_eth_funding_rate_avg,True,-1.1678910902560005,-1.5727621635002056,0.11577389975452791,0.1067591264536486,0.10168028708735799,1416,ig_spread_daily_chg,**,-1.1679**
ig_spread,5,group_crypto_market,btc_eth_open_interest_daily_log_chg,True,-0.2018215239366181,-1.1914332099648741,0.2334835620597303,0.1067591264536486,0.10168028708735799,1416,ig_spread_daily_chg,**,-0.2018**
ig_spread,5,group_crypto_market,stablecoin_exchange_netflow_scaled,True,-2.2577803364443367,-0.36623904767269955,0.7141867073826127,0.1067591264536486,0.10168028708735799,1416,ig_spread_daily_chg,,-2.2578
ig_spread,5,group_crypto_market,stablecoin_exchange_reserve_daily_log_chg,True,1.265504643908951,0.6482225089163258,0.5168410455162087,0.1067591264536486,0.10168028708735799,1416,ig_spread_daily_chg,,1.2655
ig_spread,5,group_crypto_market,tradingVol_btc+eth_daily_log_chg,True,-0.002774318582107249,-0.4129665361886101,0.6796311314461823,0.1067591264536486,0.10168028708735799,1416,ig_spread_daily_chg,,-0.0028
ig_spread,5,group_stablecoin_mcaps,stablecoin_supply_daily_log_chg,True,2.1866243868259643,0.8228807573498129,0.41057580641157276,0.05856494873457452,0.055896103798315444,1416,ig_spread_daily_chg,**,2.1866**
ig_spread,5,standalone_btc_eth_funding_rate_avg,btc_eth_funding_rate_avg,True,-1.2564031626670542,-1.506689841721801,0.1318901765682746,0.08849392055562899,0.08590992033041467,1416,ig_spread_daily_chg,**,-1.2564**
ig_spread,5,standalone_btc_eth_open_interest_daily_log_chg,btc_eth_open_interest_daily_log_chg,True,-0.2734530794320016,-1.3162869191502344,0.18807775961674622,0.05681373268612999,0.05413992328198014,1416,ig_spread_daily_chg,**,-0.2735**
ig_spread,5,standalone_stablecoin_exchange_netflow_scaled,stablecoin_exchange_netflow_scaled,True,1.5986215357617382,0.9879949483763563,0.3231551222285671,0.0570455273188577,0.05437237502210046,1416,ig_spread_daily_chg,**,1.5986**
ig_spread,5,standalone_stablecoin_exchange_reserve_daily_log_chg,stablecoin_exchange_reserve_daily_log_chg,True,0.5683838602013392,1.0667902929065247,0.28606654292892486,0.058118176604186056,0.05544806512751477,1416,ig_spread_daily_chg,**,0.5684**
ig_spread,5,standalone_stablecoin_supply_daily_log_chg,stablecoin_supply_daily_log_chg,True,2.1866243868259643,0.8228807573498129,0.41057580641157276,0.05856494873457452,0.055896103798315444,1416,ig_spread_daily_chg,**,2.1866**
ig_spread,5,standalone_tradingVol_btc+eth_daily_log_chg,tradingVol_btc+eth_daily_log_chg,True,-0.0006704872745844793,-0.10807374065791023,0.9139371980471124,0.044732512138171754,0.04202445405776978,1416,ig_spread_daily_chg,,-0.0007
ig_spread,20,full_all_crypto_predictors,btc_eth_funding_rate_avg,True,0.2300246781843011,0.2817340369252701,0.7781474535205927,0.10628461999645189,0.1005021337131794,1401,ig_spread_daily_chg,,0.23
ig_spread,20,full_all_crypto_predictors,btc_eth_open_interest_daily_log_chg,True,-0.32476362833327577,-1.8100404899505158,0.07028950838733847,0.10628461999645189,0.1005021337131794,1401,ig_spread_daily_chg,***,-0.3248***
ig_spread,20,full_all_crypto_predictors,stablecoin_exchange_netflow_scaled,True,-31.828455787025536,-1.955289256701788,0.050548938523958406,0.10628461999645189,0.1005021337131794,1401,ig_spread_daily_chg,***,-31.8285***
ig_spread,20,full_all_crypto_predictors,stablecoin_exchange_reserve_daily_log_chg,True,11.457000456971564,1.863037347654336,0.06245701186281641,0.10628461999645189,0.1005021337131794,1401,ig_spread_daily_chg,***,11.457***
ig_spread,20,full_all_crypto_predictors,stablecoin_supply_daily_log_chg,True,-2.998611578178517,-1.4699860213883227,0.14156553993526233,0.10628461999645189,0.1005021337131794,1401,ig_spread_daily_chg,**,-2.9986**
ig_spread,20,full_all_crypto_predictors,tradingVol_btc+eth_daily_log_chg,True,-0.003542494096792465,-0.3469790953902538,0.7286070237452451,0.10628461999645189,0.1005021337131794,1401,ig_spread_daily_chg,,-0.0035
ig_spread,20,group_crypto_market,btc_eth_funding_rate_avg,True,0.08237999733791977,0.09580995191236502,0.9236715132413692,0.10154388068173748,0.09638033976611526,1401,ig_spread_daily_chg,,0.0824
ig_spread,20,group_crypto_market,btc_eth_open_interest_daily_log_chg,True,-0.32398399883307716,-1.8732579979220911,0.06103276688792941,0.10154388068173748,0.09638033976611526,1401,ig_spread_daily_chg,***,-0.324***
ig_spread,20,group_crypto_market,stablecoin_exchange_netflow_scaled,True,-32.226800941221384,-1.9487910473670154,0.05132038334345789,0.10154388068173748,0.09638033976611526,1401,ig_spread_daily_chg,***,-32.2268***
ig_spread,20,group_crypto_market,stablecoin_exchange_reserve_daily_log_chg,True,11.402827945634622,1.8320253659910462,0.06694764152228913,0.10154388068173748,0.09638033976611526,1401,ig_spread_daily_chg,***,11.4028***
ig_spread,20,group_crypto_market,tradingVol_btc+eth_daily_log_chg,True,-0.00028031931181283706,-0.025421945279790425,0.9797184069613171,0.10154388068173748,0.09638033976611526,1401,ig_spread_daily_chg,,-0.0003
ig_spread,20,group_stablecoin_mcaps,stablecoin_supply_daily_log_chg,True,-2.435226949653755,-0.9168036344482468,0.3592455477900144,0.077720552237867,0.07507791771705863,1401,ig_spread_daily_chg,**,-2.4352**
ig_spread,20,standalone_btc_eth_funding_rate_avg,btc_eth_funding_rate_avg,True,-0.04366552156033357,-0.05478421101694139,0.9563103792937794,0.07432959662268235,0.07167724589667279,1401,ig_spread_daily_chg,,-0.0437
ig_spread,20,standalone_btc_eth_open_interest_daily_log_chg,btc_eth_open_interest_daily_log_chg,True,-0.3498161062258679,-2.134497435753632,0.03280208333329879,0.07822839678763938,0.07558721740880736,1401,ig_spread_daily_chg,***,-0.3498***
ig_spread,20,standalone_stablecoin_exchange_netflow_scaled,stablecoin_exchange_netflow_scaled,True,0.9278067814934028,0.4166491719685371,0.6769350372222935,0.07514228419766078,0.07249226208934467,1401,ig_spread_daily_chg,,0.9278
ig_spread,20,standalone_stablecoin_exchange_reserve_daily_log_chg,stablecoin_exchange_reserve_daily_log_chg,True,0.556933294958442,0.6297225799792753,0.5288761065658399,0.07686951858392277,0.07422444557126928,1401,ig_spread_daily_chg,,0.5569
ig_spread,20,standalone_stablecoin_supply_daily_log_chg,stablecoin_supply_daily_log_chg,True,-2.435226949653755,-0.9168036344482468,0.3592455477900144,0.077720552237867,0.07507791771705863,1401,ig_spread_daily_chg,**,-2.4352**
ig_spread,20,standalone_tradingVol_btc+eth_daily_log_chg,tradingVol_btc+eth_daily_log_chg,True,0.004759777640622999,0.407372325403891,0.6837345497392118,0.07435184825054164,0.0716995612827781,1401,ig_spread_daily_chg,,0.0048
sp500,1,full_all_crypto_predictors,btc_eth_funding_rate_avg,True,0.06713036538604351,1.4748083824533986,0.14026406696824636,0.02221704574879302,0.015971448454072723,1419,sp500_daily_log_ret,**,0.0671**
sp500,1,full_all_crypto_predictors,btc_eth_open_interest_daily_log_chg,True,-0.013199866021831487,-0.8097049370098739,0.4181097798597463,0.02221704574879302,0.015971448454072723,1419,sp500_daily_log_ret,**,-0.0132**
sp500,1,full_all_crypto_predictors,stablecoin_exchange_netflow_scaled,True,-0.17969142630884902,-0.5233368532612295,0.6007398592493516,0.02221704574879302,0.015971448454072723,1419,sp500_daily_log_ret,,-0.1797
sp500,1,full_all_crypto_predictors,stablecoin_exchange_reserve_daily_log_chg,True,0.05095310343445557,0.45798133938556773,0.6469658478533445,0.02221704574879302,0.015971448454072723,1419,sp500_daily_log_ret,,0.051
sp500,1,full_all_crypto_predictors,stablecoin_supply_daily_log_chg,True,-0.13732768077943563,-1.4916723769886429,0.13578505399777988,0.02221704574879302,0.015971448454072723,1419,sp500_daily_log_ret,**,-0.1373**
sp500,1,full_all_crypto_predictors,tradingVol_btc+eth_daily_log_chg,True,-8.239296238506658e-05,-0.07987434776729377,0.936337192144195,0.02221704574879302,0.015971448454072723,1419,sp500_daily_log_ret,,-0.0001
sp500,1,group_crypto_market,btc_eth_funding_rate_avg,True,0.060314594099090464,1.339063733638745,0.18054992556755411,0.01829275614869086,0.012722785970811112,1419,sp500_daily_log_ret,**,0.0603**
sp500,1,group_crypto_market,btc_eth_open_interest_daily_log_chg,True,-0.013180448606335353,-0.8400085080710022,0.4009036161678503,0.01829275614869086,0.012722785970811112,1419,sp500_daily_log_ret,**,-0.0132**
sp500,1,group_crypto_market,stablecoin_exchange_netflow_scaled,True,-0.19771519336209298,-0.5663653007160276,0.5711454779225813,0.01829275614869086,0.012722785970811112,1419,sp500_daily_log_ret,,-0.1977
sp500,1,group_crypto_market,stablecoin_exchange_reserve_daily_log_chg,True,0.048364231989555466,0.4369183515492398,0.6621705624430554,0.01829275614869086,0.012722785970811112,1419,sp500_daily_log_ret,,0.0484
sp500,1,group_crypto_market,tradingVol_btc+eth_daily_log_chg,True,6.386865460438108e-05,0.06248939844671271,0.9501731042549898,0.01829275614869086,0.012722785970811112,1419,sp500_daily_log_ret,,0.0001
sp500,1,group_stablecoin_mcaps,stablecoin_supply_daily_log_chg,True,-0.11775569416233454,-1.2358649583661614,0.21650876427903165,0.010781657886794083,0.007983303312216306,1419,sp500_daily_log_ret,**,-0.1178**
sp500,1,standalone_btc_eth_funding_rate_avg,btc_eth_funding_rate_avg,True,0.05745706948107744,1.2730236192780473,0.2030096606470002,0.014806780318632251,0.012019812229010163,1419,sp500_daily_log_ret,**,0.0575**
sp500,1,standalone_btc_eth_open_interest_daily_log_chg,btc_eth_open_interest_daily_log_chg,True,-0.009795824515993555,-0.6958203861646691,0.48654132064876077,0.00885343222539381,0.006049622981335379,1419,sp500_daily_log_ret,**,-0.0098**
sp500,1,standalone_stablecoin_exchange_netflow_scaled,stablecoin_exchange_netflow_scaled,True,-0.06097871658692349,-0.8118478116307472,0.41687896353778353,0.009043131852014996,0.006239859240563694,1419,sp500_daily_log_ret,**,-0.061**
sp500,1,standalone_stablecoin_exchange_reserve_daily_log_chg,stablecoin_exchange_reserve_daily_log_chg,True,-0.019482671885138275,-0.792903539491684,0.42783402499098233,0.008871828341210475,0.0060680711370836304,1419,sp500_daily_log_ret,**,-0.0195**
sp500,1,standalone_stablecoin_supply_daily_log_chg,stablecoin_supply_daily_log_chg,True,-0.11775569416233454,-1.2358649583661614,0.21650876427903165,0.010781657886794083,0.007983303312216306,1419,sp500_daily_log_ret,**,-0.1178**
sp500,1,standalone_tradingVol_btc+eth_daily_log_chg,tradingVol_btc+eth_daily_log_chg,True,0.00015880805694496987,0.15644800562982578,0.8756798999761596,0.0076548681716506195,0.004847668364498237,1419,sp500_daily_log_ret,,0.0002
sp500,5,full_all_crypto_predictors,btc_eth_funding_rate_avg,True,0.13800368097898413,1.7799815748929109,0.07507897611755207,0.034468934637769455,0.028284038133669753,1415,sp500_daily_log_ret,***,0.138***
sp500,5,full_all_crypto_predictors,btc_eth_open_interest_daily_log_chg,True,-0.008529198459002428,-0.6573750048090532,0.5109398193554185,0.034468934637769455,0.028284038133669753,1415,sp500_daily_log_ret,,-0.0085
sp500,5,full_all_crypto_predictors,stablecoin_exchange_netflow_scaled,True,2.5037503538691084,2.42866978417239,0.015154327742559209,0.034468934637769455,0.028284038133669753,1415,sp500_daily_log_ret,***,2.5038***
sp500,5,full_all_crypto_predictors,stablecoin_exchange_reserve_daily_log_chg,True,-0.9186690709976304,-2.431113957235688,0.015052479412571514,0.034468934637769455,0.028284038133669753,1415,sp500_daily_log_ret,***,-0.9187***
sp500,5,full_all_crypto_predictors,stablecoin_supply_daily_log_chg,True,-0.24239040447153726,-0.9470392165881122,0.34361879586462685,0.034468934637769455,0.028284038133669753,1415,sp500_daily_log_ret,**,-0.2424**
sp500,5,full_all_crypto_predictors,tradingVol_btc+eth_daily_log_chg,True,0.0012111592421187314,0.7321454825763212,0.464079775492116,0.034468934637769455,0.028284038133669753,1415,sp500_daily_log_ret,**,0.0012**
sp500,5,group_crypto_market,btc_eth_funding_rate_avg,True,0.12599358398059737,1.62692896660282,0.10375218507163818,0.03142968302141247,0.025918614361505776,1415,sp500_daily_log_ret,**,0.126**
sp500,5,group_crypto_market,btc_eth_open_interest_daily_log_chg,True,-0.008492063460644989,-0.6390472319519669,0.5227922060597383,0.03142968302141247,0.025918614361505776,1415,sp500_daily_log_ret,,-0.0085
sp500,5,group_crypto_market,stablecoin_exchange_netflow_scaled,True,2.4718077267827514,2.4136797603067808,0.01579233567219697,0.03142968302141247,0.025918614361505776,1415,sp500_daily_log_ret,***,2.4718***
sp500,5,group_crypto_market,stablecoin_exchange_reserve_daily_log_chg,True,-0.9231747023050718,-2.436176564023603,0.014843437225814752,0.03142968302141247,0.025918614361505776,1415,sp500_daily_log_ret,***,-0.9232***
sp500,5,group_crypto_market,tradingVol_btc+eth_daily_log_chg,True,0.0014708720822617055,0.8437994779059282,0.3987814673137392,0.03142968302141247,0.025918614361505776,1415,sp500_daily_log_ret,**,0.0015**
sp500,5,group_stablecoin_mcaps,stablecoin_supply_daily_log_chg,True,-0.23875487213669624,-0.791388100271726,0.4287175518586813,0.00690563803293065,0.004088349062811303,1415,sp500_daily_log_ret,**,-0.2388**
sp500,5,standalone_btc_eth_funding_rate_avg,btc_eth_funding_rate_avg,True,0.12813189907796274,1.5801543425905762,0.11407152485004032,0.012551954236385776,0.00975068318457406,1415,sp500_daily_log_ret,**,0.1281**
sp500,5,standalone_btc_eth_open_interest_daily_log_chg,btc_eth_open_interest_daily_log_chg,True,0.0008143564811152982,0.052726356033702446,0.9579499391511991,0.0036980471508772927,0.0008716586321563247,1415,sp500_daily_log_ret,,0.0008
sp500,5,standalone_stablecoin_exchange_netflow_scaled,stablecoin_exchange_netflow_scaled,True,-0.22011436322557218,-1.0685565925405138,0.2852695168414541,0.008239915786112162,0.005426412001108272,1415,sp500_daily_log_ret,**,-0.2201**
sp500,5,standalone_stablecoin_exchange_reserve_daily_log_chg,stablecoin_exchange_reserve_daily_log_chg,True,-0.093740726594498,-1.2777549764241571,0.20133583404158906,0.01078310541562777,0.00797681635297709,1415,sp500_daily_log_ret,**,-0.0937**
sp500,5,standalone_stablecoin_supply_daily_log_chg,stablecoin_supply_daily_log_chg,True,-0.23875487213669624,-0.791388100271726,0.4287175518586813,0.00690563803293065,0.004088349062811303,1415,sp500_daily_log_ret,**,-0.2388**
sp500,5,standalone_tradingVol_btc+eth_daily_log_chg,tradingVol_btc+eth_daily_log_chg,True,0.0013284259707717575,0.7381624694034069,0.4604157262840539,0.0039478349897268394,0.0011221550889884968,1415,sp500_daily_log_ret,**,0.0013**
sp500,20,full_all_crypto_predictors,btc_eth_funding_rate_avg,True,-0.12747387798394555,-0.587648496251799,0.5567682523635648,0.0542700225245889,0.04814659101575525,1400,sp500_daily_log_ret,,-0.1275
sp500,20,full_all_crypto_predictors,btc_eth_open_interest_daily_log_chg,True,0.012623266653892417,0.5632225000297622,0.573283383468288,0.0542700225245889,0.04814659101575525,1400,sp500_daily_log_ret,,0.0126
sp500,20,full_all_crypto_predictors,stablecoin_exchange_netflow_scaled,True,4.680421011199994,1.6737194129691884,0.09418575667121566,0.0542700225245889,0.04814659101575525,1400,sp500_daily_log_ret,***,4.6804***
sp500,20,full_all_crypto_predictors,stablecoin_exchange_reserve_daily_log_chg,True,-1.6826816897313075,-1.618788676782236,0.1054927392646051,0.0542700225245889,0.04814659101575525,1400,sp500_daily_log_ret,**,-1.6827**
sp500,20,full_all_crypto_predictors,stablecoin_supply_daily_log_chg,True,0.976669098450144,2.863893976454112,0.004184680537899143,0.0542700225245889,0.04814659101575525,1400,sp500_daily_log_ret,***,0.9767***
sp500,20,full_all_crypto_predictors,tradingVol_btc+eth_daily_log_chg,True,0.0013976040311572701,0.47034666867773134,0.6381073600842704,0.0542700225245889,0.04814659101575525,1400,sp500_daily_log_ret,,0.0014
sp500,20,group_crypto_market,btc_eth_funding_rate_avg,True,-0.07940630113912078,-0.35709007000841014,0.7210243780757406,0.041960929747958176,0.036450999796832195,1400,sp500_daily_log_ret,,-0.0794
sp500,20,group_crypto_market,btc_eth_open_interest_daily_log_chg,True,0.012338094804417554,0.5360456569899607,0.5919269962983218,0.041960929747958176,0.036450999796832195,1400,sp500_daily_log_ret,,0.0123
sp500,20,group_crypto_market,stablecoin_exchange_netflow_scaled,True,4.810064610257692,1.6424836542265344,0.1004898109357139,0.041960929747958176,0.036450999796832195,1400,sp500_daily_log_ret,**,4.8101**
sp500,20,group_crypto_market,stablecoin_exchange_reserve_daily_log_chg,True,-1.6650050344431262,-1.5635963593227487,0.11791239041016051,0.041960929747958176,0.036450999796832195,1400,sp500_daily_log_ret,**,-1.665**
sp500,20,group_crypto_market,tradingVol_btc+eth_daily_log_chg,True,0.0003310093236231575,0.10948558641865738,0.9128173534129463,0.041960929747958176,0.036450999796832195,1400,sp500_daily_log_ret,,0.0003
sp500,20,group_stablecoin_mcaps,stablecoin_supply_daily_log_chg,True,0.8495232495446131,2.2682530708976776,0.023313786460948473,0.039369018896548647,0.036614521459692906,1400,sp500_daily_log_ret,***,0.8495***
sp500,20,standalone_btc_eth_funding_rate_avg,btc_eth_funding_rate_avg,True,-0.07360851717037081,-0.3350226661548497,0.7376079881544927,0.029965100786881638,0.027183638710284952,1400,sp500_daily_log_ret,,-0.0736
sp500,20,standalone_btc_eth_open_interest_daily_log_chg,btc_eth_open_interest_daily_log_chg,True,0.011764300939019687,0.5011405085528021,0.6162722395260454,0.029345954385155748,0.026562716978374867,1400,sp500_daily_log_ret,,0.0118
sp500,20,standalone_stablecoin_exchange_netflow_scaled,stablecoin_exchange_netflow_scaled,True,-0.014809020417472368,-0.04547057419539184,0.9637322290204738,0.0292429086649858,0.026459375786605843,1400,sp500_daily_log_ret,,-0.0148
sp500,20,standalone_stablecoin_exchange_reserve_daily_log_chg,stablecoin_exchange_reserve_daily_log_chg,True,-0.04026584113890963,-0.3117632128407352,0.7552204834503851,0.02956410212456706,0.026781490231017502,1400,sp500_daily_log_ret,,-0.0403
sp500,20,standalone_stablecoin_supply_daily_log_chg,stablecoin_supply_daily_log_chg,True,0.8495232495446131,2.2682530708976776,0.023313786460948473,0.039369018896548647,0.036614521459692906,1400,sp500_daily_log_ret,***,0.8495***
sp500,20,standalone_tradingVol_btc+eth_daily_log_chg,tradingVol_btc+eth_daily_log_chg,True,-0.00011243079103991191,-0.036578252357749065,0.9708212840283411,0.029238222324121432,0.026454676008204947,1400,sp500_daily_log_ret,,-0.0001
vix,1,full_all_crypto_predictors,btc_eth_funding_rate_avg,True,-0.1411953722009699,-0.8841714990224878,0.3766036412352748,0.009555959229421096,0.0032473984601817385,1423,vix_daily_log_chg,**,-0.1412**
vix,1,full_all_crypto_predictors,btc_eth_open_interest_daily_log_chg,True,0.047140450004573585,0.8072150397457123,0.4195426022975137,0.009555959229421096,0.0032473984601817385,1423,vix_daily_log_chg,**,0.0471**
vix,1,full_all_crypto_predictors,stablecoin_exchange_netflow_scaled,True,-0.46980457601195713,-0.25760136954336704,0.7967145726337324,0.009555959229421096,0.0032473984601817385,1423,vix_daily_log_chg,,-0.4698
vix,1,full_all_crypto_predictors,stablecoin_exchange_reserve_daily_log_chg,True,0.1382449059127201,0.2263831063974803,0.8209034660387061,0.009555959229421096,0.0032473984601817385,1423,vix_daily_log_chg,,0.1382
vix,1,full_all_crypto_predictors,stablecoin_supply_daily_log_chg,True,0.33591156230654345,0.9662654167865805,0.3339113864035663,0.009555959229421096,0.0032473984601817385,1423,vix_daily_log_chg,**,0.3359**
vix,1,full_all_crypto_predictors,tradingVol_btc+eth_daily_log_chg,True,0.0002050487992863786,0.03228532190383785,0.9742445145275037,0.009555959229421096,0.0032473984601817385,1423,vix_daily_log_chg,,0.0002
vix,1,group_crypto_market,btc_eth_funding_rate_avg,True,-0.12464062481771859,-0.7961941833210033,0.425919177897189,0.008891532622608223,0.0032841296954376764,1423,vix_daily_log_chg,**,-0.1246**
vix,1,group_crypto_market,btc_eth_open_interest_daily_log_chg,True,0.047065894261437764,0.8228075245753693,0.41061745699874097,0.008891532622608223,0.0032841296954376764,1423,vix_daily_log_chg,**,0.0471**
vix,1,group_crypto_market,stablecoin_exchange_netflow_scaled,True,-0.4253981729143852,-0.2329491029572818,0.8158009284567244,0.008891532622608223,0.0032841296954376764,1423,vix_daily_log_chg,,-0.4254
vix,1,group_crypto_market,stablecoin_exchange_reserve_daily_log_chg,True,0.14449140720967668,0.2383021680541332,0.8116467399176743,0.008891532622608223,0.0032841296954376764,1423,vix_daily_log_chg,,0.1445
vix,1,group_crypto_market,tradingVol_btc+eth_daily_log_chg,True,-0.00015078603080469124,-0.023823812284640932,0.9809931459817526,0.008891532622608223,0.0032841296954376764,1423,vix_daily_log_chg,,-0.0002
vix,1,group_stablecoin_mcaps,stablecoin_supply_daily_log_chg,True,0.2564154668225241,0.7635396436582375,0.44514162899533005,0.007742168571284069,0.004943133785871634,1423,vix_daily_log_chg,**,0.2564**
vix,1,standalone_btc_eth_funding_rate_avg,btc_eth_funding_rate_avg,True,-0.11056269820320425,-0.7200820266145274,0.47147449305654265,0.008073714987032354,0.005275615452440041,1423,vix_daily_log_chg,**,-0.1106**
vix,1,standalone_btc_eth_open_interest_daily_log_chg,btc_eth_open_interest_daily_log_chg,True,0.04049194875102237,0.7487162151351427,0.45402826824523856,0.007909414825297612,0.00511085182057347,1423,vix_daily_log_chg,**,0.0405**
vix,1,standalone_stablecoin_exchange_netflow_scaled,stablecoin_exchange_netflow_scaled,True,-0.003394249549628317,-0.010999219409175568,0.991224069609038,0.007320894635372777,0.004520671489069206,1423,vix_daily_log_chg,,-0.0034
vix,1,standalone_stablecoin_exchange_reserve_daily_log_chg,stablecoin_exchange_reserve_daily_log_chg,True,0.0016160487846849508,0.015705133912217575,0.9874696312333647,0.007321011363099816,0.00452078854607052,1423,vix_daily_log_chg,,0.0016
vix,1,standalone_stablecoin_supply_daily_log_chg,stablecoin_supply_daily_log_chg,True,0.2564154668225241,0.7635396436582375,0.44514162899533005,0.007742168571284069,0.004943133785871634,1423,vix_daily_log_chg,**,0.2564**
vix,1,standalone_tradingVol_btc+eth_daily_log_chg,tradingVol_btc+eth_daily_log_chg,True,-0.0003636635123975343,-0.05747026090600435,0.9541705953008789,0.0073229390168318975,0.004522721637471805,1423,vix_daily_log_chg,,-0.0004
vix,5,full_all_crypto_predictors,btc_eth_funding_rate_avg,True,0.17124122191410832,0.6225280682382317,0.5335946933874663,0.02616818998082404,0.019952242257297415,1420,vix_daily_log_chg,,0.1712
vix,5,full_all_crypto_predictors,btc_eth_open_interest_daily_log_chg,True,0.1349345893045304,1.607925770051316,0.10785143708749326,0.02616818998082404,0.019952242257297415,1420,vix_daily_log_chg,**,0.1349**
vix,5,full_all_crypto_predictors,stablecoin_exchange_netflow_scaled,True,-16.157711996603904,-2.4617925549150113,0.01382446001533131,0.02616818998082404,0.019952242257297415,1420,vix_daily_log_chg,***,-16.1577***
vix,5,full_all_crypto_predictors,stablecoin_exchange_reserve_daily_log_chg,True,5.615907326624372,2.3337441444912463,0.01960912309119121,0.02616818998082404,0.019952242257297415,1420,vix_daily_log_chg,***,5.6159***
vix,5,full_all_crypto_predictors,stablecoin_supply_daily_log_chg,True,-0.2979253672138537,-0.3270887664531811,0.7436007480037921,0.02616818998082404,0.019952242257297415,1420,vix_daily_log_chg,,-0.2979
vix,5,full_all_crypto_predictors,tradingVol_btc+eth_daily_log_chg,True,-0.003805940737368358,-0.3667530144714312,0.7138032579951038,0.02616818998082404,0.019952242257297415,1420,vix_daily_log_chg,,-0.0038
vix,5,group_crypto_market,btc_eth_funding_rate_avg,True,0.15657190419526001,0.5788054373076229,0.5627204618993649,0.026039971046152854,0.020517873079015425,1420,vix_daily_log_chg,,0.1566
vix,5,group_crypto_market,btc_eth_open_interest_daily_log_chg,True,0.13500426935981022,1.6121724432224847,0.10692442004213279,0.026039971046152854,0.020517873079015425,1420,vix_daily_log_chg,**,0.135**
vix,5,group_crypto_market,stablecoin_exchange_netflow_scaled,True,-16.197230149841783,-2.4570732533709636,0.014007412105696733,0.026039971046152854,0.020517873079015425,1420,vix_daily_log_chg,***,-16.1972***
vix,5,group_crypto_market,stablecoin_exchange_reserve_daily_log_chg,True,5.610434812030806,2.3189664464756716,0.020396855731617005,0.026039971046152854,0.020517873079015425,1420,vix_daily_log_chg,***,5.6104***
vix,5,group_crypto_market,tradingVol_btc+eth_daily_log_chg,True,-0.0034864972517146594,-0.3324481586199857,0.7395508790309779,0.026039971046152854,0.020517873079015425,1420,vix_daily_log_chg,,-0.0035
vix,5,group_stablecoin_mcaps,stablecoin_supply_daily_log_chg,True,-0.13522951166700073,-0.13321916073273657,0.8940200578361867,0.009170805938203297,0.006369875354282906,1420,vix_daily_log_chg,,-0.1352
vix,5,standalone_btc_eth_funding_rate_avg,btc_eth_funding_rate_avg,True,0.19069356664430087,0.713095506977292,0.4757866595901634,0.00969141249147798,0.006891953586860233,1420,vix_daily_log_chg,**,0.1907**
vix,5,standalone_btc_eth_open_interest_daily_log_chg,btc_eth_open_interest_daily_log_chg,True,0.13248029341016362,1.5104647374296518,0.1309248806361069,0.010688157318451519,0.007891516067054849,1420,vix_daily_log_chg,**,0.1325**
vix,5,standalone_stablecoin_exchange_netflow_scaled,stablecoin_exchange_netflow_scaled,True,0.032152538759493865,0.033095437065113045,0.973598481452894,0.009144761701749493,0.006343757494545854,1420,vix_daily_log_chg,,0.0322
vix,5,standalone_stablecoin_exchange_reserve_daily_log_chg,stablecoin_exchange_reserve_daily_log_chg,True,0.12817416734828424,0.3449689737846901,0.7301176959241464,0.009511867428403709,0.006711900975904461,1420,vix_daily_log_chg,,0.1282
vix,5,standalone_stablecoin_supply_daily_log_chg,stablecoin_supply_daily_log_chg,True,-0.13522951166700073,-0.13321916073273657,0.8940200578361867,0.009170805938203297,0.006369875354282906,1420,vix_daily_log_chg,,-0.1352
vix,5,standalone_tradingVol_btc+eth_daily_log_chg,tradingVol_btc+eth_daily_log_chg,True,-0.0033842592717333794,-0.3136465147437268,0.753789527216562,0.009187789123753842,0.006386906548838556,1420,vix_daily_log_chg,,-0.0034
vix,20,full_all_crypto_predictors,btc_eth_funding_rate_avg,True,1.3481136376174812,1.1705948237157175,0.2417616789576722,0.08407853905596185,0.07816936834019395,1405,vix_daily_log_chg,**,1.3481**
vix,20,full_all_crypto_predictors,btc_eth_open_interest_daily_log_chg,True,0.2942593623701246,2.386155129923956,0.017025567548129464,0.08407853905596185,0.07816936834019395,1405,vix_daily_log_chg,***,0.2943***
vix,20,full_all_crypto_predictors,stablecoin_exchange_netflow_scaled,True,-13.997533870630669,-1.242466419165632,0.21406452296085754,0.08407853905596185,0.07816936834019395,1405,vix_daily_log_chg,**,-13.9975**
vix,20,full_all_crypto_predictors,stablecoin_exchange_reserve_daily_log_chg,True,5.025887512478142,1.2093881380111093,0.22651376367792586,0.08407853905596185,0.07816936834019395,1405,vix_daily_log_chg,**,5.0259**
vix,20,full_all_crypto_predictors,stablecoin_supply_daily_log_chg,True,-3.6310155924059266,-2.015749763919298,0.043826149034529846,0.08407853905596185,0.07816936834019395,1405,vix_daily_log_chg,***,-3.631***
vix,20,full_all_crypto_predictors,tradingVol_btc+eth_daily_log_chg,True,0.0015070703193091756,0.09408210805399525,0.9250439330374702,0.08407853905596185,0.07816936834019395,1405,vix_daily_log_chg,,0.0015
vix,20,group_crypto_market,btc_eth_funding_rate_avg,True,1.1709338423140903,1.0175128770616597,0.30890950961078,0.07720358258517845,0.07191535096675539,1405,vix_daily_log_chg,**,1.1709**
vix,20,group_crypto_market,btc_eth_open_interest_daily_log_chg,True,0.2954140994175056,2.486034827716447,0.0129175323078531,0.07720358258517845,0.07191535096675539,1405,vix_daily_log_chg,***,0.2954***
vix,20,group_crypto_market,stablecoin_exchange_netflow_scaled,True,-14.482595262796202,-1.2310863335697617,0.21829057635115723,0.07720358258517845,0.07191535096675539,1405,vix_daily_log_chg,**,-14.4826**
vix,20,group_crypto_market,stablecoin_exchange_reserve_daily_log_chg,True,4.960843857628888,1.164864429814173,0.2440738736952205,0.07720358258517845,0.07191535096675539,1405,vix_daily_log_chg,**,4.9608**
vix,20,group_crypto_market,tradingVol_btc+eth_daily_log_chg,True,0.005399312425360431,0.3416683446377655,0.7326004972682867,0.07720358258517845,0.07191535096675539,1405,vix_daily_log_chg,,0.0054
vix,20,group_stablecoin_mcaps,stablecoin_supply_daily_log_chg,True,-2.8348607140763527,-1.658810820739761,0.0971539192037662,0.06638066337046411,0.06371317955152256,1405,vix_daily_log_chg,***,-2.8349***
vix,20,standalone_btc_eth_funding_rate_avg,btc_eth_funding_rate_avg,True,1.2544466424952452,1.101315544656763,0.2707593480533329,0.07038412301674846,0.06772807765393918,1405,vix_daily_log_chg,**,1.2544**
vix,20,standalone_btc_eth_open_interest_daily_log_chg,btc_eth_open_interest_daily_log_chg,True,0.34393342056292664,2.973769617910999,0.0029416584538999066,0.06557613238865967,0.06290634990977007,1405,vix_daily_log_chg,***,0.3439***
vix,20,standalone_stablecoin_exchange_netflow_scaled,stablecoin_exchange_netflow_scaled,True,-0.30606457632753536,-0.23216334011026507,0.8164111502279505,0.06191179566669591,0.059231543654315044,1405,vix_daily_log_chg,,-0.3061
vix,20,standalone_stablecoin_exchange_reserve_daily_log_chg,stablecoin_exchange_reserve_daily_log_chg,True,-0.001226082808385126,-0.0024105456556429727,0.998076664700916,0.06182324968179387,0.05914274468088465,1405,vix_daily_log_chg,,-0.0012
vix,20,standalone_stablecoin_supply_daily_log_chg,stablecoin_supply_daily_log_chg,True,-2.8348607140763527,-1.658810820739761,0.0971539192037662,0.06638066337046411,0.06371317955152256,1405,vix_daily_log_chg,***,-2.8349***
vix,20,standalone_tradingVol_btc+eth_daily_log_chg,tradingVol_btc+eth_daily_log_chg,True,0.0032136556225396233,0.19872462117067505,0.8424781632219854,0.06183805814264398,0.05915759545162291,1405,vix_daily_log_chg,,0.0032
