Datetime,Supply Total
2026-05-13T00:00:00Z,89359209325.14215
2026-05-12T00:00:00Z,89359209325.14215
2026-05-11T00:00:00Z,89359209325.14215
2026-05-10T00:00:00Z,88366887730.87086
2026-05-09T00:00:00Z,88366887730.87086
2026-05-08T00:00:00Z,88366887730.87086
2026-05-07T00:00:00Z,88366887730.87086
2026-05-06T00:00:00Z,88366887730.87086
2026-05-05T00:00:00Z,88366887730.87086
2026-05-04T00:00:00Z,88366887730.87086
2026-05-03T00:00:00Z,87368062147.96559
2026-05-02T00:00:00Z,87368062147.96559
2026-05-01T00:00:00Z,87368062147.96559
2026-04-30T00:00:00Z,87369803794.2853
2026-04-29T00:00:00Z,86369803794.2853
2026-04-28T00:00:00Z,86371766566.48611
2026-04-27T00:00:00Z,86371766566.48611
2026-04-26T00:00:00Z,86371791506.73082
2026-04-25T00:00:00Z,86371791506.73082
2026-04-24T00:00:00Z,86371791506.73082
2026-04-23T00:00:00Z,86371791506.73082
2026-04-22T00:00:00Z,86371791506.73082
2026-04-21T00:00:00Z,86371791506.73082
2026-04-20T00:00:00Z,86371791506.73082
2026-04-19T00:00:00Z,86371791506.73082
2026-04-18T00:00:00Z,86371791506.73082
2026-04-17T00:00:00Z,86371791506.73082
2026-04-16T00:00:00Z,86374532395.86975
2026-04-15T00:00:00Z,86374532395.86975
2026-04-14T00:00:00Z,86374532395.86975
2026-04-13T00:00:00Z,86374532395.86975
2026-04-12T00:00:00Z,86374591355.72084
2026-04-11T00:00:00Z,86374591355.72084
2026-04-10T00:00:00Z,86374591355.72084
2026-04-09T00:00:00Z,86375686407.54767
2026-04-08T00:00:00Z,86387875929.70154
2026-04-07T00:00:00Z,86387875929.70154
2026-04-06T00:00:00Z,86387875929.70154
2026-04-05T00:00:00Z,86388609214.44498
2026-04-04T00:00:00Z,86388609214.44498
2026-04-03T00:00:00Z,86388609214.44498
2026-04-02T00:00:00Z,86388609214.44498
2026-04-01T00:00:00Z,86388609214.44498
2026-03-31T00:00:00Z,86388609214.44498
2026-03-30T00:00:00Z,86395007444.85258
2026-03-29T00:00:00Z,86395007444.85258
2026-03-28T00:00:00Z,86395007444.85258
2026-03-27T00:00:00Z,86395007444.85258
2026-03-26T00:00:00Z,86395007444.85258
2026-03-25T00:00:00Z,86395007444.85258
2026-03-24T00:00:00Z,86395024375.27347
2026-03-23T00:00:00Z,86395024375.27347
2026-03-22T00:00:00Z,86395504461.83353
2026-03-21T00:00:00Z,86395504461.83353
2026-03-20T00:00:00Z,86395504461.83353
2026-03-19T00:00:00Z,86395504461.83353
2026-03-18T00:00:00Z,86395504461.83353
2026-03-17T00:00:00Z,86398056554.01224
2026-03-16T00:00:00Z,86398056554.01224
2026-03-15T00:00:00Z,86398071439.88666
2026-03-14T00:00:00Z,86398071439.88666
2026-03-13T00:00:00Z,86398071439.88666
2026-03-12T00:00:00Z,86398071439.88666
2026-03-11T00:00:00Z,86398071439.88666
2026-03-10T00:00:00Z,85400898732.15623
2026-03-09T00:00:00Z,85400898732.15623
2026-03-08T00:00:00Z,85400898732.15623
2026-03-07T00:00:00Z,85400898732.15623
2026-03-06T00:00:00Z,85400898732.15623
2026-03-05T00:00:00Z,85400898732.15623
2026-03-04T00:00:00Z,85402264695.43764
2026-03-03T00:00:00Z,85402264695.43764
2026-03-02T00:00:00Z,85402264695.43764
2026-03-01T00:00:00Z,85402264695.43764
2026-02-28T00:00:00Z,85402264695.43764
2026-02-27T00:00:00Z,85402264695.43764
2026-02-26T00:00:00Z,85402284682.36661
2026-02-25T00:00:00Z,85402284682.36661
2026-02-24T00:00:00Z,85402284682.36661
2026-02-23T00:00:00Z,85403479246.6077
2026-02-22T00:00:00Z,85403479246.6077
2026-02-21T00:00:00Z,85403479246.6077
2026-02-20T00:00:00Z,85403479246.6077
2026-02-19T00:00:00Z,85415761265.1811
2026-02-18T00:00:00Z,85415761265.1811
2026-02-17T00:00:00Z,85416611175.75572
2026-02-16T00:00:00Z,85416611175.75572
2026-02-15T00:00:00Z,85425432922.16516
2026-02-14T00:00:00Z,85425432922.16516
2026-02-13T00:00:00Z,85425432922.16516
2026-02-12T00:00:00Z,85427387443.96336
2026-02-11T00:00:00Z,85427387443.96336
2026-02-10T00:00:00Z,85430117669.39326
2026-02-09T00:00:00Z,85430117669.39326
2026-02-08T00:00:00Z,85430117669.39326
2026-02-07T00:00:00Z,85430117669.39326
2026-02-06T00:00:00Z,85430117669.39326
2026-02-05T00:00:00Z,84430117669.39326
2026-02-04T00:00:00Z,84430117669.39326
2026-02-03T00:00:00Z,83430117669.39326
2026-02-02T00:00:00Z,83430117669.39326
2026-02-01T00:00:00Z,83430117669.39326
2026-01-31T00:00:00Z,83430117669.39326
2026-01-30T00:00:00Z,83430117669.39326
2026-01-29T00:00:00Z,83430505389.83041
2026-01-28T00:00:00Z,83430505389.83041
2026-01-27T00:00:00Z,83430505389.83041
2026-01-26T00:00:00Z,83430505389.83041
2026-01-25T00:00:00Z,83431958302.83398
2026-01-24T00:00:00Z,83431958302.83398
2026-01-23T00:00:00Z,83431958302.83398
2026-01-22T00:00:00Z,83431958302.83398
2026-01-21T00:00:00Z,83431958302.83398
2026-01-20T00:00:00Z,83434679540.78625
2026-01-19T00:00:00Z,82434679540.78625
2026-01-18T00:00:00Z,82434679540.78625
2026-01-17T00:00:00Z,82434679540.78625
2026-01-16T00:00:00Z,82434679540.78625
2026-01-15T00:00:00Z,82434781688.91263
2026-01-14T00:00:00Z,82434781688.91263
2026-01-13T00:00:00Z,82469944234.74431
2026-01-12T00:00:00Z,82469944234.74431
2026-01-11T00:00:00Z,82469944234.74431
2026-01-10T00:00:00Z,82469944234.74431
2026-01-09T00:00:00Z,82485612986.30945
2026-01-08T00:00:00Z,81485612986.30945
2026-01-07T00:00:00Z,81485612986.30945
2026-01-06T00:00:00Z,81485612986.30945
2026-01-05T00:00:00Z,81488147988.98512
2026-01-04T00:00:00Z,81488147988.98512
2026-01-03T00:00:00Z,81488147988.98512
2026-01-02T00:00:00Z,81491318943.58214
2026-01-01T00:00:00Z,81491318943.58214
2025-12-31T00:00:00Z,81491318943.58214
2025-12-30T00:00:00Z,81491318943.58214
2025-12-29T00:00:00Z,80491318943.58214
2025-12-28T00:00:00Z,80491318943.58214
2025-12-27T00:00:00Z,80491318943.58214
2025-12-26T00:00:00Z,80491318943.58214
2025-12-25T00:00:00Z,80491318943.58214
2025-12-24T00:00:00Z,80491318943.58214
2025-12-23T00:00:00Z,80491318943.58214
2025-12-22T00:00:00Z,80491318943.58214
2025-12-21T00:00:00Z,80491318943.58214
2025-12-20T00:00:00Z,80491318943.58214
2025-12-19T00:00:00Z,80491318943.58214
2025-12-18T00:00:00Z,80491985292.58426
2025-12-17T00:00:00Z,80491985292.58426
2025-12-16T00:00:00Z,80494072903.68736
2025-12-15T00:00:00Z,80494072903.68736
2025-12-14T00:00:00Z,80497465052.73114
2025-12-13T00:00:00Z,80497465052.73114
2025-12-12T00:00:00Z,80497465052.73114
2025-12-11T00:00:00Z,80497465052.73114
2025-12-10T00:00:00Z,80497465052.73114
2025-12-09T00:00:00Z,80498371492.87308
2025-12-08T00:00:00Z,80498371492.87308
2025-12-07T00:00:00Z,79498371492.87308
2025-12-06T00:00:00Z,79498371492.87308
2025-12-05T00:00:00Z,79498371492.87308
2025-12-04T00:00:00Z,79498371492.87308
2025-12-03T00:00:00Z,79498371492.87308
2025-12-02T00:00:00Z,79498371492.87308
2025-12-01T00:00:00Z,78506695204.93436
2025-11-30T00:00:00Z,78506695204.93436
2025-11-29T00:00:00Z,78506695204.93436
2025-11-28T00:00:00Z,78506695204.93436
2025-11-27T00:00:00Z,78506695204.93436
2025-11-26T00:00:00Z,78506695204.93436
2025-11-25T00:00:00Z,78534548193.69891
2025-11-24T00:00:00Z,78535306433.21512
2025-11-23T00:00:00Z,78535306433.21512
2025-11-22T00:00:00Z,78535306433.21512
2025-11-21T00:00:00Z,78535306433.21512
2025-11-20T00:00:00Z,78535306433.21512
2025-11-19T00:00:00Z,78535306433.21512
2025-11-18T00:00:00Z,78539271863.7348
2025-11-17T00:00:00Z,78539271863.7348
2025-11-16T00:00:00Z,78539271863.7348
2025-11-15T00:00:00Z,78539271863.7348
2025-11-14T00:00:00Z,78539271863.7348
2025-11-13T00:00:00Z,78543816552.46916
2025-11-12T00:00:00Z,78543816552.46916
2025-11-11T00:00:00Z,78543816552.46916
2025-11-10T00:00:00Z,78543816552.46916
2025-11-09T00:00:00Z,78544633508.30806
2025-11-08T00:00:00Z,78544633508.30806
2025-11-07T00:00:00Z,78547062538.67245
2025-11-06T00:00:00Z,78547062538.67245
2025-11-05T00:00:00Z,78547062538.67245
2025-11-04T00:00:00Z,78547062538.67245
2025-11-03T00:00:00Z,78553499881.12125
2025-11-02T00:00:00Z,78553499881.12125
2025-11-01T00:00:00Z,78553499881.12125
2025-10-31T00:00:00Z,78553499881.12125
2025-10-30T00:00:00Z,78553499881.12125
2025-10-29T00:00:00Z,78554027783.27727
2025-10-28T00:00:00Z,78562667506.68723
2025-10-27T00:00:00Z,78569486406.70467
2025-10-26T00:00:00Z,78569486406.70467
2025-10-25T00:00:00Z,78569486406.70467
2025-10-24T00:00:00Z,78569486406.70467
2025-10-23T00:00:00Z,78571099539.29375
2025-10-22T00:00:00Z,78571099539.29375
2025-10-21T00:00:00Z,78571099539.29375
2025-10-20T00:00:00Z,78574489310.11095
2025-10-19T00:00:00Z,78574489310.11095
2025-10-18T00:00:00Z,78582884946.31622
2025-10-17T00:00:00Z,78582884946.31622
2025-10-16T00:00:00Z,78582884946.31622
2025-10-15T00:00:00Z,78582884946.31622
2025-10-14T00:00:00Z,78582884946.31622
2025-10-13T00:00:00Z,78582884946.31622
2025-10-12T00:00:00Z,78582884946.31622
2025-10-11T00:00:00Z,78582884946.31622
2025-10-10T00:00:00Z,78582884946.31622
2025-10-09T00:00:00Z,78584379625.33495
2025-10-08T00:00:00Z,78584379625.33495
2025-10-07T00:00:00Z,78587990080.08568
2025-10-06T00:00:00Z,78587990080.08568
2025-10-05T00:00:00Z,78587990080.08568
2025-10-04T00:00:00Z,78587990080.08568
2025-10-03T00:00:00Z,78587990080.08568
2025-10-02T00:00:00Z,78626837324.93088
2025-10-01T00:00:00Z,78626837324.93088
2025-09-30T00:00:00Z,78626837324.93088
2025-09-29T00:00:00Z,78631384793.15515
2025-09-28T00:00:00Z,78631384793.15515
2025-09-27T00:00:00Z,78631384793.15515
2025-09-26T00:00:00Z,78631384793.15515
2025-09-25T00:00:00Z,78631384793.15515
2025-09-24T00:00:00Z,78631384793.15515
2025-09-23T00:00:00Z,78631384793.15515
2025-09-22T00:00:00Z,78631384793.15515
2025-09-21T00:00:00Z,78631384793.15515
2025-09-20T00:00:00Z,78631384793.15515
2025-09-19T00:00:00Z,78631384793.15515
2025-09-18T00:00:00Z,78631384793.15515
2025-09-17T00:00:00Z,78631384793.15515
2025-09-16T00:00:00Z,78631384793.15515
2025-09-15T00:00:00Z,82631384793.15515
2025-09-14T00:00:00Z,82631476849.1942
2025-09-13T00:00:00Z,82631476849.1942
2025-09-12T00:00:00Z,82631476849.1942
2025-09-11T00:00:00Z,82631476849.1942
2025-09-10T00:00:00Z,82631476849.1942
2025-09-09T00:00:00Z,82631476849.1942
2025-09-08T00:00:00Z,82631476849.1942
2025-09-07T00:00:00Z,82633074951.04181
2025-09-06T00:00:00Z,82633074951.04181
2025-09-05T00:00:00Z,82633074951.04181
2025-09-04T00:00:00Z,82633074951.04181
2025-09-03T00:00:00Z,82633074951.04181
2025-09-02T00:00:00Z,82633074951.04181
2025-09-01T00:00:00Z,82633074951.04181
2025-08-31T00:00:00Z,82633074951.04181
2025-08-30T00:00:00Z,82633074951.04181
2025-08-29T00:00:00Z,82633074951.04181
2025-08-28T00:00:00Z,82633074951.04181
2025-08-27T00:00:00Z,82634363575.26874
2025-08-26T00:00:00Z,82634363575.26874
2025-08-25T00:00:00Z,82634363575.26874
2025-08-24T00:00:00Z,82634372575.67046
2025-08-23T00:00:00Z,82634372575.67046
2025-08-22T00:00:00Z,82634372575.67046
2025-08-21T00:00:00Z,82648353526.77354
2025-08-20T00:00:00Z,82648353526.77354
2025-08-19T00:00:00Z,82648353526.77354
2025-08-18T00:00:00Z,82648353526.77354
2025-08-17T00:00:00Z,82648353526.77354
2025-08-16T00:00:00Z,82648353526.77354
2025-08-15T00:00:00Z,82648353526.77354
2025-08-14T00:00:00Z,82648353526.77354
2025-08-13T00:00:00Z,82648353526.77354
2025-08-12T00:00:00Z,82648353526.77354
2025-08-11T00:00:00Z,82648353526.77354
2025-08-10T00:00:00Z,82681139141.65541
2025-08-09T00:00:00Z,82681139141.65541
2025-08-08T00:00:00Z,82681139141.65541
2025-08-07T00:00:00Z,82681139141.65541
2025-08-06T00:00:00Z,82681139141.65541
2025-08-05T00:00:00Z,82681139141.65541
2025-08-04T00:00:00Z,82681139141.65541
2025-08-03T00:00:00Z,82682101508.73857
2025-08-02T00:00:00Z,82682101508.73857
2025-08-01T00:00:00Z,82682101508.73857
2025-07-31T00:00:00Z,82682101508.73857
2025-07-30T00:00:00Z,82682101508.73857
2025-07-29T00:00:00Z,82688090513.60986
2025-07-28T00:00:00Z,82688090513.60986
2025-07-27T00:00:00Z,81688090513.60986
2025-07-26T00:00:00Z,81688090513.60986
2025-07-25T00:00:00Z,81688090513.60986
2025-07-24T00:00:00Z,81688090513.60986
2025-07-23T00:00:00Z,81691066266.08765
2025-07-22T00:00:00Z,81691066266.08765
2025-07-21T00:00:00Z,81691066266.08765
2025-07-20T00:00:00Z,81691066266.08765
2025-07-19T00:00:00Z,81691066266.08765
2025-07-18T00:00:00Z,81691066266.08765
2025-07-17T00:00:00Z,81691066266.08765
2025-07-16T00:00:00Z,81691066266.08765
2025-07-15T00:00:00Z,81691066266.08765
2025-07-14T00:00:00Z,81691066266.08765
2025-07-13T00:00:00Z,81693254456.5121
2025-07-12T00:00:00Z,81693254456.5121
2025-07-11T00:00:00Z,81693254456.5121
2025-07-10T00:00:00Z,81693254456.5121
2025-07-09T00:00:00Z,80693254456.5121
2025-07-08T00:00:00Z,80693254456.5121
2025-07-07T00:00:00Z,80693254456.5121
2025-07-06T00:00:00Z,80695340792.50632
2025-07-05T00:00:00Z,80695340792.50632
2025-07-04T00:00:00Z,80695340792.50632
2025-07-03T00:00:00Z,80695340792.50632
2025-07-02T00:00:00Z,80695800326.27263
2025-07-01T00:00:00Z,80695800326.27263
2025-06-30T00:00:00Z,80699138050.63817
2025-06-29T00:00:00Z,80699138050.63817
2025-06-28T00:00:00Z,80699138050.63817
2025-06-27T00:00:00Z,80699138050.63817
2025-06-26T00:00:00Z,80699138050.63817
2025-06-25T00:00:00Z,80699138050.63817
2025-06-24T00:00:00Z,80699138050.63817
2025-06-23T00:00:00Z,80699138050.63817
2025-06-22T00:00:00Z,80699138050.63817
2025-06-21T00:00:00Z,78699138050.63817
2025-06-20T00:00:00Z,78699138050.63817
2025-06-19T00:00:00Z,78699138050.63817
2025-06-18T00:00:00Z,78699138050.63817
2025-06-17T00:00:00Z,78704901523.63586
2025-06-16T00:00:00Z,78704901523.63586
2025-06-15T00:00:00Z,78704901523.63586
2025-06-14T00:00:00Z,78704901523.63586
2025-06-13T00:00:00Z,78704901523.63586
2025-06-12T00:00:00Z,78704901523.63586
2025-06-11T00:00:00Z,78704901523.63586
2025-06-10T00:00:00Z,78704901523.63586
2025-06-09T00:00:00Z,78704901523.63586
2025-06-08T00:00:00Z,77704901523.63586
2025-06-07T00:00:00Z,77704901523.63586
2025-06-06T00:00:00Z,77704901523.63586
2025-06-05T00:00:00Z,77704901523.63586
2025-06-04T00:00:00Z,77704956304.18849
2025-06-03T00:00:00Z,77704956304.18849
2025-06-02T00:00:00Z,77704956304.18849
2025-06-01T00:00:00Z,77704956304.18849
2025-05-31T00:00:00Z,77704956304.18849
2025-05-30T00:00:00Z,77704956304.18849
2025-05-29T00:00:00Z,77704956304.18849
2025-05-28T00:00:00Z,77704956304.18849
2025-05-27T00:00:00Z,77705113705.0944
2025-05-26T00:00:00Z,77705113705.0944
2025-05-25T00:00:00Z,77705219202.18942
2025-05-24T00:00:00Z,77705219202.18942
2025-05-23T00:00:00Z,77705219202.18942
2025-05-22T00:00:00Z,77705713534.54855
2025-05-21T00:00:00Z,77705713534.54855
2025-05-20T00:00:00Z,75705713534.54855
2025-05-19T00:00:00Z,75705713534.54855
2025-05-18T00:00:00Z,75706388274.02876
2025-05-17T00:00:00Z,75706388274.02876
2025-05-16T00:00:00Z,75706388274.02876
2025-05-15T00:00:00Z,75706388274.02876
2025-05-14T00:00:00Z,73706431509.02441
2025-05-13T00:00:00Z,73706431509.02441
2025-05-12T00:00:00Z,73706431509.02441
2025-05-11T00:00:00Z,73706855803.50221
2025-05-10T00:00:00Z,73706855803.50221
2025-05-09T00:00:00Z,73706855803.50221
2025-05-08T00:00:00Z,73706855803.50221
2025-05-07T00:00:00Z,73709171826.27644
2025-05-06T00:00:00Z,72709171826.27644
2025-05-05T00:00:00Z,72709171826.27644
2025-05-04T00:00:00Z,71710557206.54796
2025-05-03T00:00:00Z,71710557206.54796
2025-05-02T00:00:00Z,71710557206.54796
2025-05-01T00:00:00Z,71712609826.63383
2025-04-30T00:00:00Z,71712609826.63383
2025-04-29T00:00:00Z,71712609826.63383
2025-04-28T00:00:00Z,71712609826.63383
2025-04-27T00:00:00Z,70713324795.2359
2025-04-26T00:00:00Z,70713324795.2359
2025-04-25T00:00:00Z,70713324795.2359
2025-04-24T00:00:00Z,70713542314.01643
2025-04-23T00:00:00Z,70713542314.01643
2025-04-22T00:00:00Z,70713884624.91187
2025-04-21T00:00:00Z,69713884624.91187
2025-04-20T00:00:00Z,68713884624.91185
2025-04-19T00:00:00Z,68713884624.91185
2025-04-18T00:00:00Z,68713884624.91185
2025-04-17T00:00:00Z,68713884624.91185
2025-04-16T00:00:00Z,68713884624.91185
2025-04-15T00:00:00Z,68713884624.91185
2025-04-14T00:00:00Z,68717169531.90583
2025-04-13T00:00:00Z,68717169531.90583
2025-04-12T00:00:00Z,68717169531.90583
2025-04-11T00:00:00Z,67717169531.90583
2025-04-10T00:00:00Z,67717169531.90583
2025-04-09T00:00:00Z,67717169531.90583
2025-04-08T00:00:00Z,66717169531.90583
2025-04-07T00:00:00Z,66729830031.17384
2025-04-06T00:00:00Z,66729830031.17384
2025-04-05T00:00:00Z,66729830031.17384
2025-04-04T00:00:00Z,66729830031.17384
2025-04-03T00:00:00Z,66729830031.17384
2025-04-02T00:00:00Z,66729830031.17384
2025-04-01T00:00:00Z,66729830031.17384
2025-03-31T00:00:00Z,66730698278.54064
2025-03-30T00:00:00Z,65730698278.54064
2025-03-29T00:00:00Z,65730698278.54064
2025-03-28T00:00:00Z,65730698278.54064
2025-03-27T00:00:00Z,64730698278.54064
2025-03-26T00:00:00Z,64730698278.54064
2025-03-25T00:00:00Z,64730698278.54064
2025-03-24T00:00:00Z,64730814052.29521
2025-03-23T00:00:00Z,64730814052.29521
2025-03-22T00:00:00Z,64730814052.29521
2025-03-21T00:00:00Z,64730814052.29521
2025-03-20T00:00:00Z,64730814052.29521
2025-03-19T00:00:00Z,64730814052.29521
2025-03-18T00:00:00Z,63730997063.57669
2025-03-17T00:00:00Z,63731980417.17807
2025-03-16T00:00:00Z,63732159776.56253
2025-03-15T00:00:00Z,63732159776.56253
2025-03-14T00:00:00Z,63732159776.56253
2025-03-13T00:00:00Z,63732159776.56253
2025-03-12T00:00:00Z,63732159776.56253
2025-03-11T00:00:00Z,63732159776.56253
2025-03-10T00:00:00Z,63734056408.69351
2025-03-09T00:00:00Z,63734056408.69351
2025-03-08T00:00:00Z,63734056408.69351
2025-03-07T00:00:00Z,63734056408.69351
2025-03-06T00:00:00Z,63734056408.69351
2025-03-05T00:00:00Z,63738110450.80527
2025-03-04T00:00:00Z,63738110450.80527
2025-03-03T00:00:00Z,63738110450.80527
2025-03-02T00:00:00Z,63740716916.57319
2025-03-01T00:00:00Z,63740716916.57319
2025-02-28T00:00:00Z,63740716916.57319
2025-02-27T00:00:00Z,62740716916.57319
2025-02-26T00:00:00Z,62742040517.52672
2025-02-25T00:00:00Z,62742040517.52672
2025-02-24T00:00:00Z,62742040517.52672
2025-02-23T00:00:00Z,62742536970.17392
2025-02-22T00:00:00Z,62742536970.17392
2025-02-21T00:00:00Z,62742536970.17392
2025-02-20T00:00:00Z,62742536970.17392
2025-02-19T00:00:00Z,62742536970.17392
2025-02-18T00:00:00Z,62742536970.17392
2025-02-17T00:00:00Z,61742536970.17392
2025-02-16T00:00:00Z,61742536970.17392
2025-02-15T00:00:00Z,61742536970.17392
2025-02-14T00:00:00Z,61742536970.17392
2025-02-13T00:00:00Z,61742536970.17392
2025-02-12T00:00:00Z,61742536970.17392
2025-02-11T00:00:00Z,61742996582.03312
2025-02-10T00:00:00Z,61742996582.03312
2025-02-09T00:00:00Z,61742996582.03312
2025-02-08T00:00:00Z,61742996582.03312
2025-02-07T00:00:00Z,61742996582.03312
2025-02-06T00:00:00Z,61742996582.03312
2025-02-05T00:00:00Z,61742996582.03312
2025-02-04T00:00:00Z,61744968082.2661
2025-02-03T00:00:00Z,60744968082.2661
2025-02-02T00:00:00Z,60744968082.2661
2025-02-01T00:00:00Z,60744968082.2661
2025-01-31T00:00:00Z,60744968082.2661
2025-01-30T00:00:00Z,60744968082.2661
2025-01-29T00:00:00Z,60744968082.2661
2025-01-28T00:00:00Z,59744968082.2661
2025-01-27T00:00:00Z,59745065499.502235
2025-01-26T00:00:00Z,59745065499.502235
2025-01-25T00:00:00Z,59745065499.502235
2025-01-24T00:00:00Z,59745065499.502235
2025-01-23T00:00:00Z,59748738659.34713
2025-01-22T00:00:00Z,59748738659.34713
2025-01-21T00:00:00Z,59748738659.34713
2025-01-20T00:00:00Z,59757238659.34713
2025-01-19T00:00:00Z,59757238659.34713
2025-01-18T00:00:00Z,59757238659.34713
2025-01-17T00:00:00Z,59757238659.34713
2025-01-16T00:00:00Z,59757238659.34713
2025-01-15T00:00:00Z,59757238659.34713
2025-01-14T00:00:00Z,59758238871.801094
2025-01-13T00:00:00Z,59758238871.801094
2025-01-12T00:00:00Z,59758238871.801094
2025-01-11T00:00:00Z,59758238871.801094
2025-01-10T00:00:00Z,59758238871.801094
2025-01-09T00:00:00Z,59758238871.801094
2025-01-08T00:00:00Z,59758238871.801094
2025-01-07T00:00:00Z,59758238871.801094
2025-01-06T00:00:00Z,59758238871.801094
2025-01-05T00:00:00Z,59758238871.801094
2025-01-04T00:00:00Z,59758238871.801094
2025-01-03T00:00:00Z,59758238871.801094
2025-01-02T00:00:00Z,59758238871.801094
2025-01-01T00:00:00Z,59758981653.05366
2024-12-31T00:00:00Z,59758981653.05366
2024-12-30T00:00:00Z,59758981653.05366
2024-12-29T00:00:00Z,61758981653.05366
2024-12-28T00:00:00Z,61758981653.05366
2024-12-27T00:00:00Z,61758981653.05366
2024-12-26T00:00:00Z,61758981653.05366
2024-12-25T00:00:00Z,61758981653.05366
2024-12-24T00:00:00Z,61758981653.05366
2024-12-23T00:00:00Z,61758981653.05366
2024-12-22T00:00:00Z,61758981653.05366
2024-12-21T00:00:00Z,61758981653.05366
2024-12-20T00:00:00Z,61758981653.05366
2024-12-19T00:00:00Z,61758981653.05366
2024-12-18T00:00:00Z,61759788080.3143
2024-12-17T00:00:00Z,61759788080.3143
2024-12-16T00:00:00Z,61759788080.3143
2024-12-15T00:00:00Z,61759788080.3143
2024-12-14T00:00:00Z,61759788080.3143
2024-12-13T00:00:00Z,61759788080.3143
2024-12-12T00:00:00Z,61759992182.3143
2024-12-11T00:00:00Z,61759992182.3143
2024-12-10T00:00:00Z,61759992182.3143
2024-12-09T00:00:00Z,61759992182.3143
2024-12-08T00:00:00Z,61759992182.3143
2024-12-07T00:00:00Z,61759992182.3143
2024-12-06T00:00:00Z,61759992182.3143
2024-12-05T00:00:00Z,61759992182.3143
2024-12-04T00:00:00Z,61759992182.3143
2024-12-03T00:00:00Z,61759992182.3143
2024-12-02T00:00:00Z,61759992182.3143
2024-12-01T00:00:00Z,61759992182.3143
2024-11-30T00:00:00Z,61759992182.3143
2024-11-29T00:00:00Z,61759992182.3143
2024-11-28T00:00:00Z,61759992182.3143
2024-11-27T00:00:00Z,61759992182.3143
2024-11-26T00:00:00Z,61759992182.3143
2024-11-25T00:00:00Z,61759992182.3143
2024-11-24T00:00:00Z,61759992182.3143
2024-11-23T00:00:00Z,61759992182.3143
2024-11-22T00:00:00Z,60759992182.3143
2024-11-21T00:00:00Z,60759992182.3143
2024-11-20T00:00:00Z,60791288151.40861
2024-11-19T00:00:00Z,60791288151.40861
2024-11-18T00:00:00Z,60791288151.40861
2024-11-17T00:00:00Z,62791288151.40861
2024-11-16T00:00:00Z,62791288151.40861
2024-11-15T00:00:00Z,62791288151.40861
2024-11-14T00:00:00Z,62791288151.40861
2024-11-13T00:00:00Z,61791288151.40861
2024-11-12T00:00:00Z,61791288151.40861
2024-11-11T00:00:00Z,61791288151.40861
2024-11-10T00:00:00Z,61791288151.40861
2024-11-09T00:00:00Z,61791288151.40861
2024-11-08T00:00:00Z,61791288151.40861
2024-11-07T00:00:00Z,61791288151.40861
2024-11-06T00:00:00Z,61791288151.40861
2024-11-05T00:00:00Z,62792161263.17761
2024-11-04T00:00:00Z,62792161263.17761
2024-11-03T00:00:00Z,62792161263.17761
2024-11-02T00:00:00Z,62792161263.17761
2024-11-01T00:00:00Z,62792161263.17761
2024-10-31T00:00:00Z,62792161263.17761
2024-10-30T00:00:00Z,62792161263.17761
2024-10-29T00:00:00Z,62792161263.17761
2024-10-28T00:00:00Z,61792161263.17761
2024-10-27T00:00:00Z,61792161263.17761
2024-10-26T00:00:00Z,61792161263.17761
2024-10-25T00:00:00Z,61792161263.17761
2024-10-24T00:00:00Z,61792161263.17761
2024-10-23T00:00:00Z,61792161263.17761
2024-10-22T00:00:00Z,61792161263.17761
2024-10-21T00:00:00Z,61792172764.62153
2024-10-20T00:00:00Z,61792172764.62153
2024-10-19T00:00:00Z,61792172764.62153
2024-10-18T00:00:00Z,61792172764.62153
2024-10-17T00:00:00Z,61792172764.62153
2024-10-16T00:00:00Z,61792172764.62153
2024-10-15T00:00:00Z,61792172764.62153
2024-10-14T00:00:00Z,61792172764.62153
2024-10-13T00:00:00Z,61792172764.62153
2024-10-12T00:00:00Z,61792172764.62153
2024-10-11T00:00:00Z,61792172764.62153
2024-10-10T00:00:00Z,61792172764.62153
2024-10-09T00:00:00Z,61792172764.62153
2024-10-08T00:00:00Z,61792172764.62153
2024-10-07T00:00:00Z,61801114759.52791
2024-10-06T00:00:00Z,61801114759.52791
2024-10-05T00:00:00Z,61801114759.52791
2024-10-04T00:00:00Z,61801114759.52791
2024-10-03T00:00:00Z,61801114759.52791
2024-10-02T00:00:00Z,61801114759.52791
2024-10-01T00:00:00Z,61801114759.52791
2024-09-30T00:00:00Z,61801114759.52791
2024-09-29T00:00:00Z,61801114759.52791
2024-09-28T00:00:00Z,61801114759.52791
2024-09-27T00:00:00Z,61801114759.52791
2024-09-26T00:00:00Z,61801114759.52791
2024-09-25T00:00:00Z,61801114759.52791
2024-09-24T00:00:00Z,61801114759.52791
2024-09-23T00:00:00Z,61801114759.52791
2024-09-22T00:00:00Z,61801114759.52791
2024-09-21T00:00:00Z,61801114759.52791
2024-09-20T00:00:00Z,61801114759.52791
2024-09-19T00:00:00Z,61801114759.52791
2024-09-18T00:00:00Z,61801114759.52791
2024-09-17T00:00:00Z,61801114759.52791
2024-09-16T00:00:00Z,61801114759.52791
2024-09-15T00:00:00Z,61801114759.52791
2024-09-14T00:00:00Z,61801114759.52791
2024-09-13T00:00:00Z,61801114759.52791
2024-09-12T00:00:00Z,61801114759.52791
2024-09-11T00:00:00Z,61801114759.52791
2024-09-10T00:00:00Z,61801114759.52791
2024-09-09T00:00:00Z,61804200591.81754
2024-09-08T00:00:00Z,61804200591.81754
2024-09-07T00:00:00Z,61804200591.81754
2024-09-06T00:00:00Z,61804200591.81754
2024-09-05T00:00:00Z,61804200591.81754
2024-09-04T00:00:00Z,61804200591.81754
2024-09-03T00:00:00Z,61804200591.81754
2024-09-02T00:00:00Z,61804200591.81754
2024-09-01T00:00:00Z,61804200591.81754
2024-08-31T00:00:00Z,61804200591.81754
2024-08-30T00:00:00Z,61804200591.81754
2024-08-29T00:00:00Z,61804200591.81754
2024-08-28T00:00:00Z,61804200591.81754
2024-08-27T00:00:00Z,61807047051.060844
2024-08-26T00:00:00Z,61807047051.060844
2024-08-25T00:00:00Z,61807047051.060844
2024-08-24T00:00:00Z,61807047051.060844
2024-08-23T00:00:00Z,61807047051.060844
2024-08-22T00:00:00Z,61807047051.060844
2024-08-21T00:00:00Z,61807178916.01907
2024-08-20T00:00:00Z,61807178916.01907
2024-08-19T00:00:00Z,60807178916.01907
2024-08-18T00:00:00Z,60807178916.01907
2024-08-17T00:00:00Z,60807178916.01907
2024-08-16T00:00:00Z,60807178916.01907
2024-08-15T00:00:00Z,60807716832.37389
2024-08-14T00:00:00Z,60807716832.37389
2024-08-13T00:00:00Z,60807716832.37389
2024-08-12T00:00:00Z,60807716832.37389
2024-08-11T00:00:00Z,60810484006.27698
2024-08-10T00:00:00Z,60810484006.27698
2024-08-09T00:00:00Z,60810484006.27698
2024-08-08T00:00:00Z,60810484006.27698
2024-08-07T00:00:00Z,60810484006.27698
2024-08-06T00:00:00Z,60810484006.27698
2024-08-05T00:00:00Z,60810484006.27698
2024-08-04T00:00:00Z,60810484006.27698
2024-08-03T00:00:00Z,60810484006.27698
2024-08-02T00:00:00Z,60810484006.27698
2024-08-01T00:00:00Z,60810484006.27698
2024-07-31T00:00:00Z,60810484006.27698
2024-07-30T00:00:00Z,60810484006.27698
2024-07-29T00:00:00Z,60810484006.27698
2024-07-28T00:00:00Z,60810484006.27698
2024-07-27T00:00:00Z,60810484006.27698
2024-07-26T00:00:00Z,60810484006.27698
2024-07-25T00:00:00Z,60810484006.27698
2024-07-24T00:00:00Z,60810484006.27698
2024-07-23T00:00:00Z,60810484006.27698
2024-07-22T00:00:00Z,60810484006.27698
2024-07-21T00:00:00Z,60810484006.27698
2024-07-20T00:00:00Z,60810484006.27698
2024-07-19T00:00:00Z,60810484006.27698
2024-07-18T00:00:00Z,60810484006.27698
2024-07-17T00:00:00Z,60810484006.27698
2024-07-16T00:00:00Z,60810484006.27698
2024-07-15T00:00:00Z,60810484006.27698
2024-07-14T00:00:00Z,59810484006.27698
2024-07-13T00:00:00Z,59810484006.27698
2024-07-12T00:00:00Z,59810484006.27698
2024-07-11T00:00:00Z,59810484006.27698
2024-07-10T00:00:00Z,59810484006.27698
2024-07-09T00:00:00Z,59810978036.27698
2024-07-08T00:00:00Z,59810978036.27698
2024-07-07T00:00:00Z,59810978036.27698
2024-07-06T00:00:00Z,59810978036.27698
2024-07-05T00:00:00Z,59810978036.27698
2024-07-04T00:00:00Z,59810978036.27698
2024-07-03T00:00:00Z,59810978036.27698
2024-07-02T00:00:00Z,59810978036.27698
2024-07-01T00:00:00Z,59810978036.27698
2024-06-30T00:00:00Z,59810978036.27698
2024-06-29T00:00:00Z,59810978036.27698
2024-06-28T00:00:00Z,59810978036.27698
2024-06-27T00:00:00Z,59810978036.27698
2024-06-26T00:00:00Z,59810978036.27698
2024-06-25T00:00:00Z,59810978036.27698
2024-06-24T00:00:00Z,59811523510.0933
2024-06-23T00:00:00Z,59812923511.112305
2024-06-22T00:00:00Z,59812923511.112305
2024-06-21T00:00:00Z,59812923511.112305
2024-06-20T00:00:00Z,59814611828.868225
2024-06-19T00:00:00Z,59814661585.74831
2024-06-18T00:00:00Z,59816207463.28019
2024-06-17T00:00:00Z,59816207463.28019
2024-06-16T00:00:00Z,59816207463.28019
2024-06-15T00:00:00Z,59816207463.28019
2024-06-14T00:00:00Z,58816207463.28019
2024-06-13T00:00:00Z,58816207463.28019
2024-06-12T00:00:00Z,58816597563.006874
2024-06-11T00:00:00Z,58816597563.006874
2024-06-10T00:00:00Z,58816597563.006874
2024-06-09T00:00:00Z,58816597563.006874
2024-06-08T00:00:00Z,58816597563.006874
2024-06-07T00:00:00Z,58816597563.006874
2024-06-06T00:00:00Z,58816597563.006874
2024-06-05T00:00:00Z,58816597563.006874
2024-06-04T00:00:00Z,58816920368.94178
2024-06-03T00:00:00Z,58816920368.94178
2024-06-02T00:00:00Z,58816920368.94178
2024-06-01T00:00:00Z,58816920368.94178
2024-05-31T00:00:00Z,58816920368.94178
2024-05-30T00:00:00Z,58816920368.94178
2024-05-29T00:00:00Z,58816920368.94178
2024-05-28T00:00:00Z,58816920368.94178
2024-05-27T00:00:00Z,58816920368.94178
2024-05-26T00:00:00Z,58816920368.94178
2024-05-25T00:00:00Z,58816920368.94178
2024-05-24T00:00:00Z,58816920368.94178
2024-05-23T00:00:00Z,58816920368.94178
2024-05-22T00:00:00Z,58816920368.94178
2024-05-21T00:00:00Z,58816920368.94178
2024-05-20T00:00:00Z,58816920368.94178
2024-05-19T00:00:00Z,58816920368.94178
2024-05-18T00:00:00Z,58816920368.94178
2024-05-17T00:00:00Z,58816920368.94178
2024-05-16T00:00:00Z,58816920368.94178
2024-05-15T00:00:00Z,57816920368.94178
2024-05-14T00:00:00Z,57816920368.94178
2024-05-13T00:00:00Z,57816920368.94178
2024-05-12T00:00:00Z,57816920368.94178
2024-05-11T00:00:00Z,57816920368.94178
2024-05-10T00:00:00Z,57816920368.94178
2024-05-09T00:00:00Z,57816920368.94178
2024-05-08T00:00:00Z,57816920368.94178
2024-05-07T00:00:00Z,57816920368.94178
2024-05-06T00:00:00Z,57816920368.94178
2024-05-05T00:00:00Z,57816920368.94178
2024-05-04T00:00:00Z,57816920368.94178
2024-05-03T00:00:00Z,57816920368.94178
2024-05-02T00:00:00Z,57816920368.94178
2024-05-01T00:00:00Z,57816920368.94178
2024-04-30T00:00:00Z,57816920368.94178
2024-04-29T00:00:00Z,57816920368.94178
2024-04-28T00:00:00Z,57816920368.94178
2024-04-27T00:00:00Z,57816920368.94178
2024-04-26T00:00:00Z,57816920368.94178
2024-04-25T00:00:00Z,57816920368.94178
2024-04-24T00:00:00Z,57816920368.94178
2024-04-23T00:00:00Z,57816920368.94178
2024-04-22T00:00:00Z,57816920368.94178
2024-04-21T00:00:00Z,57816920368.94178
2024-04-20T00:00:00Z,57816920368.94178
2024-04-19T00:00:00Z,57816920368.94178
2024-04-18T00:00:00Z,57816920368.94178
2024-04-17T00:00:00Z,57816920368.94178
2024-04-16T00:00:00Z,57816920368.94178
2024-04-15T00:00:00Z,56816920368.94178
2024-04-14T00:00:00Z,56816920368.94178
2024-04-13T00:00:00Z,56816920368.94178
2024-04-12T00:00:00Z,56816920368.94178
2024-04-11T00:00:00Z,56816920368.94178
2024-04-10T00:00:00Z,56816920368.94178
2024-04-09T00:00:00Z,56816920368.94178
2024-04-08T00:00:00Z,56818486891.156334
2024-04-07T00:00:00Z,56818486891.156334
2024-04-06T00:00:00Z,56818486891.156334
2024-04-05T00:00:00Z,56818486891.156334
2024-04-04T00:00:00Z,56818486891.156334
2024-04-03T00:00:00Z,56818486891.156334
2024-04-02T00:00:00Z,55818486891.156334
2024-04-01T00:00:00Z,54818486891.156334
2024-03-31T00:00:00Z,54818486891.156334
2024-03-30T00:00:00Z,54818486891.156334
2024-03-29T00:00:00Z,54818486891.156334
2024-03-28T00:00:00Z,54818486891.156334
2024-03-27T00:00:00Z,54818486891.156334
2024-03-26T00:00:00Z,54818486891.156334
2024-03-25T00:00:00Z,54818486891.156334
2024-03-24T00:00:00Z,54818486891.156334
2024-03-23T00:00:00Z,54818486891.156334
2024-03-22T00:00:00Z,54818486891.156334
2024-03-21T00:00:00Z,54818486891.156334
2024-03-20T00:00:00Z,54818486891.156334
2024-03-19T00:00:00Z,54818486891.156334
2024-03-18T00:00:00Z,53818486891.156334
2024-03-17T00:00:00Z,53818486891.156334
2024-03-16T00:00:00Z,53818486891.156334
2024-03-15T00:00:00Z,53818486891.156334
2024-03-14T00:00:00Z,53818510625.57633
2024-03-13T00:00:00Z,53818510625.57633
2024-03-12T00:00:00Z,53819252976.74034
2024-03-11T00:00:00Z,53819252976.74034
2024-03-10T00:00:00Z,53819252976.74034
2024-03-09T00:00:00Z,53819252976.74034
2024-03-08T00:00:00Z,53819252976.74034
2024-03-07T00:00:00Z,53819252976.74034
2024-03-06T00:00:00Z,53819252976.74034
2024-03-05T00:00:00Z,53819252976.74034
2024-03-04T00:00:00Z,53819252976.74034
2024-03-03T00:00:00Z,52819252976.74034
2024-03-02T00:00:00Z,52819252976.74034
2024-03-01T00:00:00Z,52819252976.74034
2024-02-29T00:00:00Z,52819252976.74034
2024-02-28T00:00:00Z,52819252976.74034
2024-02-27T00:00:00Z,52819252976.74034
2024-02-26T00:00:00Z,52819252976.74034
2024-02-25T00:00:00Z,52819252976.74034
2024-02-24T00:00:00Z,52819252976.74034
2024-02-23T00:00:00Z,52819252976.74034
2024-02-22T00:00:00Z,51819252976.74034
2024-02-21T00:00:00Z,51819252976.74034
2024-02-20T00:00:00Z,51819252976.74034
2024-02-19T00:00:00Z,51819252976.74034
2024-02-18T00:00:00Z,51819252976.74034
2024-02-17T00:00:00Z,51819252976.74034
2024-02-16T00:00:00Z,51819252976.74034
2024-02-15T00:00:00Z,51819252976.74034
2024-02-14T00:00:00Z,51819800423.08729
2024-02-13T00:00:00Z,51819800423.08729
2024-02-12T00:00:00Z,51819800423.08729
2024-02-11T00:00:00Z,51819800423.08729
2024-02-10T00:00:00Z,51819800423.08729
2024-02-09T00:00:00Z,51819800423.08729
2024-02-08T00:00:00Z,51819800423.08729
2024-02-07T00:00:00Z,51819800423.08729
2024-02-06T00:00:00Z,51819800423.08729
2024-02-05T00:00:00Z,51819943510.921936
2024-02-04T00:00:00Z,51819943510.921936
2024-02-03T00:00:00Z,51819943510.921936
2024-02-02T00:00:00Z,51819943510.921936
2024-02-01T00:00:00Z,51819943510.921936
2024-01-31T00:00:00Z,51819943510.921936
2024-01-30T00:00:00Z,51819943510.921936
2024-01-29T00:00:00Z,51819943510.921936
2024-01-28T00:00:00Z,50819943510.921936
2024-01-27T00:00:00Z,50819943510.921936
2024-01-26T00:00:00Z,50819943510.921936
2024-01-25T00:00:00Z,50819943510.921936
2024-01-24T00:00:00Z,50819943510.921936
2024-01-23T00:00:00Z,50819943510.921936
2024-01-22T00:00:00Z,50819943510.921936
2024-01-21T00:00:00Z,50819943510.921936
2024-01-20T00:00:00Z,50819943510.921936
2024-01-19T00:00:00Z,50819943510.921936
2024-01-18T00:00:00Z,50819943510.921936
2024-01-17T00:00:00Z,50819943510.921936
2024-01-16T00:00:00Z,50819943510.921936
2024-01-15T00:00:00Z,50820257091.604004
2024-01-14T00:00:00Z,50820257091.604004
2024-01-13T00:00:00Z,50820257091.604004
2024-01-12T00:00:00Z,50820257091.604004
2024-01-11T00:00:00Z,49820257091.604004
2024-01-10T00:00:00Z,49820257091.604004
2024-01-09T00:00:00Z,49820257091.604004
2024-01-08T00:00:00Z,49820257091.604004
2024-01-07T00:00:00Z,49820257091.604004
2024-01-06T00:00:00Z,49820257091.604004
2024-01-05T00:00:00Z,49820257091.604004
2024-01-04T00:00:00Z,49820257091.604004
2024-01-03T00:00:00Z,48820257091.604004
2024-01-02T00:00:00Z,48820257091.604004
2024-01-01T00:00:00Z,48820257091.604004
2023-12-31T00:00:00Z,48820257091.604004
2023-12-30T00:00:00Z,48820257091.604004
2023-12-29T00:00:00Z,48820257091.604004
2023-12-28T00:00:00Z,48820257091.604004
2023-12-27T00:00:00Z,48820257091.604004
2023-12-26T00:00:00Z,48820257091.604004
2023-12-25T00:00:00Z,48820257091.604004
2023-12-24T00:00:00Z,48820257091.604004
2023-12-23T00:00:00Z,48820257091.604004
2023-12-22T00:00:00Z,48820257091.604004
2023-12-21T00:00:00Z,48820257091.604004
2023-12-20T00:00:00Z,48820257091.604004
2023-12-19T00:00:00Z,48820257091.604004
2023-12-18T00:00:00Z,48820715210.32741
2023-12-17T00:00:00Z,48820715210.32741
2023-12-16T00:00:00Z,48820715210.32741
2023-12-15T00:00:00Z,48820715210.32741
2023-12-14T00:00:00Z,48820715210.32741
2023-12-13T00:00:00Z,48820715210.32741
2023-12-12T00:00:00Z,48820715210.32741
2023-12-11T00:00:00Z,48820715210.32741
2023-12-10T00:00:00Z,47820715210.32741
2023-12-09T00:00:00Z,47820715210.32741
2023-12-08T00:00:00Z,47820715210.32741
2023-12-07T00:00:00Z,47820715210.32741
2023-12-06T00:00:00Z,47820715210.32741
2023-12-05T00:00:00Z,47820715210.32741
2023-12-04T00:00:00Z,47821586487.90648
2023-12-03T00:00:00Z,47821586487.90648
2023-12-02T00:00:00Z,47821586487.90648
2023-12-01T00:00:00Z,47821586487.90648
2023-11-30T00:00:00Z,47821586487.90648
2023-11-29T00:00:00Z,47821586487.90648
2023-11-28T00:00:00Z,47821586487.90648
2023-11-27T00:00:00Z,47821586487.90648
2023-11-26T00:00:00Z,47821586487.90648
2023-11-25T00:00:00Z,47821586487.90648
2023-11-24T00:00:00Z,47821586487.90648
2023-11-23T00:00:00Z,47821586487.90648
2023-11-22T00:00:00Z,47821586487.90648
2023-11-21T00:00:00Z,46822236515.5495
2023-11-20T00:00:00Z,46822236515.5495
2023-11-19T00:00:00Z,46822236515.5495
2023-11-18T00:00:00Z,46822236515.5495
2023-11-17T00:00:00Z,46822236515.5495
2023-11-16T00:00:00Z,46822236515.5495
2023-11-15T00:00:00Z,46822236515.5495
2023-11-14T00:00:00Z,46822236515.5495
2023-11-13T00:00:00Z,46822236515.5495
2023-11-12T00:00:00Z,46822236515.5495
2023-11-11T00:00:00Z,46822236515.5495
2023-11-10T00:00:00Z,46822236515.5495
2023-11-09T00:00:00Z,45822236515.5495
2023-11-08T00:00:00Z,45822236515.5495
2023-11-07T00:00:00Z,45822236515.5495
2023-11-06T00:00:00Z,45822236515.5495
2023-11-05T00:00:00Z,45822236515.5495
2023-11-04T00:00:00Z,45822236515.5495
2023-11-03T00:00:00Z,45822236515.5495
2023-11-02T00:00:00Z,44822236515.5495
2023-11-01T00:00:00Z,44822236515.5495
2023-10-31T00:00:00Z,44822236515.5495
2023-10-30T00:00:00Z,44822236515.5495
2023-10-29T00:00:00Z,44822236515.5495
2023-10-28T00:00:00Z,44822236515.5495
2023-10-27T00:00:00Z,44822236515.5495
2023-10-26T00:00:00Z,44822236515.5495
2023-10-25T00:00:00Z,44822236515.5495
2023-10-24T00:00:00Z,44822236515.5495
2023-10-23T00:00:00Z,44822236515.5495
2023-10-22T00:00:00Z,44822236515.5495
2023-10-21T00:00:00Z,44822236515.5495
2023-10-20T00:00:00Z,44822236515.5495
2023-10-19T00:00:00Z,44822236515.5495
2023-10-18T00:00:00Z,43822236515.5495
2023-10-17T00:00:00Z,43822236515.5495
2023-10-16T00:00:00Z,43822236515.5495
2023-10-15T00:00:00Z,43822236515.5495
2023-10-14T00:00:00Z,43822236515.5495
2023-10-13T00:00:00Z,43822236515.5495
2023-10-12T00:00:00Z,43822236515.5495
2023-10-11T00:00:00Z,43822236515.5495
2023-10-10T00:00:00Z,43822236515.5495
2023-10-09T00:00:00Z,43822236515.5495
2023-10-08T00:00:00Z,43822280871.85484
2023-10-07T00:00:00Z,43822280871.85484
2023-10-06T00:00:00Z,43822280871.85484
2023-10-05T00:00:00Z,43822280871.85484
2023-10-04T00:00:00Z,43822280871.85484
2023-10-03T00:00:00Z,43822280871.85484
2023-10-02T00:00:00Z,43822280871.85484
2023-10-01T00:00:00Z,43822280871.85484
2023-09-30T00:00:00Z,43822280871.85484
2023-09-29T00:00:00Z,43822280871.85484
2023-09-28T00:00:00Z,43822280871.85484
2023-09-27T00:00:00Z,43822280871.85484
2023-09-26T00:00:00Z,43822280871.85484
2023-09-25T00:00:00Z,43822280871.85484
2023-09-24T00:00:00Z,43822280871.85484
2023-09-23T00:00:00Z,43822280871.85484
2023-09-22T00:00:00Z,43822280871.85484
2023-09-21T00:00:00Z,43822280871.85484
2023-09-20T00:00:00Z,43822280871.85484
2023-09-19T00:00:00Z,43822280871.85484
2023-09-18T00:00:00Z,42822280871.85484
2023-09-17T00:00:00Z,42822280871.85484
2023-09-16T00:00:00Z,42822280871.85484
2023-09-15T00:00:00Z,42822280871.85484
2023-09-14T00:00:00Z,42822280871.85484
2023-09-13T00:00:00Z,42822280871.85484
2023-09-12T00:00:00Z,42822280871.85484
2023-09-11T00:00:00Z,42822280871.85484
2023-09-10T00:00:00Z,42822280871.85484
2023-09-09T00:00:00Z,42822280871.85484
2023-09-08T00:00:00Z,42822280871.85484
2023-09-07T00:00:00Z,42822280871.85484
2023-09-06T00:00:00Z,42822280871.85484
2023-09-05T00:00:00Z,42822280871.85484
2023-09-04T00:00:00Z,42822280871.85484
2023-09-03T00:00:00Z,42822280871.85484
2023-09-02T00:00:00Z,42822280871.85484
2023-09-01T00:00:00Z,42822280871.85484
2023-08-31T00:00:00Z,42822577873.272606
2023-08-30T00:00:00Z,42822577873.272606
2023-08-29T00:00:00Z,42822577873.272606
2023-08-28T00:00:00Z,42822577873.272606
2023-08-27T00:00:00Z,42822577873.272606
2023-08-26T00:00:00Z,42822577873.272606
2023-08-25T00:00:00Z,42822577873.272606
2023-08-24T00:00:00Z,42822577873.272606
2023-08-23T00:00:00Z,42822577873.272606
2023-08-22T00:00:00Z,42822577873.272606
2023-08-21T00:00:00Z,44022577873.272606
2023-08-20T00:00:00Z,44022577873.272606
2023-08-19T00:00:00Z,44022577873.272606
2023-08-18T00:00:00Z,44022577873.272606
2023-08-17T00:00:00Z,44022577873.272606
2023-08-16T00:00:00Z,44022577873.272606
2023-08-15T00:00:00Z,44022577873.272606
2023-08-14T00:00:00Z,44022577873.272606
2023-08-13T00:00:00Z,44022577873.272606
2023-08-12T00:00:00Z,44022577873.272606
2023-08-11T00:00:00Z,44022577873.272606
2023-08-10T00:00:00Z,44022577873.272606
2023-08-09T00:00:00Z,44022577873.272606
2023-08-08T00:00:00Z,44022577873.272606
2023-08-07T00:00:00Z,44022577873.272606
2023-08-06T00:00:00Z,44022577873.272606
2023-08-05T00:00:00Z,44022577873.272606
2023-08-04T00:00:00Z,44022577873.272606
2023-08-03T00:00:00Z,44022577873.272606
2023-08-02T00:00:00Z,44022577873.272606
2023-08-01T00:00:00Z,44022577873.272606
2023-07-31T00:00:00Z,44022577873.272606
2023-07-30T00:00:00Z,44022577873.272606
2023-07-29T00:00:00Z,44022577873.272606
2023-07-28T00:00:00Z,44022577873.272606
2023-07-27T00:00:00Z,44022577873.272606
2023-07-26T00:00:00Z,44022577873.272606
2023-07-25T00:00:00Z,44022577873.272606
2023-07-24T00:00:00Z,44022577873.272606
2023-07-23T00:00:00Z,44022577873.272606
2023-07-22T00:00:00Z,44022577873.272606
2023-07-21T00:00:00Z,44022577873.272606
2023-07-20T00:00:00Z,44022577873.272606
2023-07-19T00:00:00Z,44022577873.272606
2023-07-18T00:00:00Z,44022577873.272606
2023-07-17T00:00:00Z,44022577873.272606
2023-07-16T00:00:00Z,44022577873.272606
2023-07-15T00:00:00Z,44022577873.272606
2023-07-14T00:00:00Z,44022577873.272606
2023-07-13T00:00:00Z,44022577873.272606
2023-07-12T00:00:00Z,44022577873.272606
2023-07-11T00:00:00Z,43022577873.272606
2023-07-10T00:00:00Z,43022577873.272606
2023-07-09T00:00:00Z,43022577873.272606
2023-07-08T00:00:00Z,43022577873.272606
2023-07-07T00:00:00Z,43022577873.272606
2023-07-06T00:00:00Z,43022577873.272606
2023-07-05T00:00:00Z,43023173899.412285
2023-07-04T00:00:00Z,43023173899.412285
2023-07-03T00:00:00Z,43023173899.412285
2023-07-02T00:00:00Z,43023173899.412285
2023-07-01T00:00:00Z,43023173899.412285
2023-06-30T00:00:00Z,43023173899.412285
2023-06-29T00:00:00Z,43023173899.412285
2023-06-28T00:00:00Z,43023173899.412285
2023-06-27T00:00:00Z,43023173899.412285
2023-06-26T00:00:00Z,43023173899.412285
2023-06-25T00:00:00Z,43023173899.412285
2023-06-24T00:00:00Z,43023173899.412285
2023-06-23T00:00:00Z,43023173899.412285
2023-06-22T00:00:00Z,43023173899.412285
2023-06-21T00:00:00Z,43023173899.412285
2023-06-20T00:00:00Z,46123173899.412285
2023-06-19T00:00:00Z,46123173899.412285
2023-06-18T00:00:00Z,46123173899.412285
2023-06-17T00:00:00Z,46123173899.412285
2023-06-16T00:00:00Z,46123173899.412285
2023-06-15T00:00:00Z,46123173899.412285
2023-06-14T00:00:00Z,46123173899.412285
2023-06-13T00:00:00Z,46123173899.412285
2023-06-12T00:00:00Z,46123173899.412285
2023-06-11T00:00:00Z,46123173899.412285
2023-06-10T00:00:00Z,46123173899.412285
2023-06-09T00:00:00Z,46123173899.412285
2023-06-08T00:00:00Z,46123173899.412285
2023-06-07T00:00:00Z,46123173899.412285
2023-06-06T00:00:00Z,46123173899.412285
2023-06-05T00:00:00Z,46124710623.33498
2023-06-04T00:00:00Z,46124710623.33498
2023-06-03T00:00:00Z,46124710623.33498
2023-06-02T00:00:00Z,46124710623.33498
2023-06-01T00:00:00Z,46124710623.33498
2023-05-31T00:00:00Z,46124710623.33498
2023-05-30T00:00:00Z,46124710623.33498
2023-05-29T00:00:00Z,46124710623.33498
2023-05-28T00:00:00Z,46124710623.33498
2023-05-27T00:00:00Z,46124710623.33498
2023-05-26T00:00:00Z,46124710623.33498
2023-05-25T00:00:00Z,46124710623.33498
2023-05-24T00:00:00Z,46124710623.33498
2023-05-23T00:00:00Z,46124710623.33498
2023-05-22T00:00:00Z,46124710623.33498
2023-05-21T00:00:00Z,46124710623.33498
2023-05-20T00:00:00Z,46124710623.33498
2023-05-19T00:00:00Z,46124710623.33498
2023-05-18T00:00:00Z,46124710623.33498
2023-05-17T00:00:00Z,46124710623.33498
2023-05-16T00:00:00Z,46124710623.33498
2023-05-15T00:00:00Z,46124710623.33498
2023-05-14T00:00:00Z,46124710623.33498
2023-05-13T00:00:00Z,46124710623.33498
2023-05-12T00:00:00Z,46124710623.33498
2023-05-11T00:00:00Z,46124710623.33498
2023-05-10T00:00:00Z,46124710623.33498
2023-05-09T00:00:00Z,46124710623.33498
2023-05-08T00:00:00Z,46124710623.33498
2023-05-07T00:00:00Z,45124710623.33498
2023-05-06T00:00:00Z,45124710623.33498
2023-05-05T00:00:00Z,45124710623.33498
2023-05-04T00:00:00Z,45124710623.33498
2023-05-03T00:00:00Z,45124710623.33498
2023-05-02T00:00:00Z,45124710623.33498
2023-05-01T00:00:00Z,45124710623.33498
2023-04-30T00:00:00Z,45124710623.33498
2023-04-29T00:00:00Z,45124710623.33498
2023-04-28T00:00:00Z,45124710623.33498
2023-04-27T00:00:00Z,45124710623.33498
2023-04-26T00:00:00Z,45124710623.33498
2023-04-25T00:00:00Z,45124710623.33498
2023-04-24T00:00:00Z,45124710623.33498
2023-04-23T00:00:00Z,45124710623.33498
2023-04-22T00:00:00Z,45124710623.33498
2023-04-21T00:00:00Z,45124710623.33498
2023-04-20T00:00:00Z,45125091014.5511
2023-04-19T00:00:00Z,45125091014.5511
2023-04-18T00:00:00Z,45125091014.5511
2023-04-17T00:00:00Z,45125091014.5511
2023-04-16T00:00:00Z,45125091014.5511
2023-04-15T00:00:00Z,45125091014.5511
2023-04-14T00:00:00Z,45125091014.5511
2023-04-13T00:00:00Z,44125091014.5511
2023-04-12T00:00:00Z,44125091014.5511
2023-04-11T00:00:00Z,44125091014.5511
2023-04-10T00:00:00Z,44125091014.5511
2023-04-09T00:00:00Z,44125091014.5511
2023-04-08T00:00:00Z,44125091014.5511
2023-04-07T00:00:00Z,44125091014.5511
2023-04-06T00:00:00Z,44125091014.5511
2023-04-05T00:00:00Z,44125091014.5511
2023-04-04T00:00:00Z,44125091014.5511
2023-04-03T00:00:00Z,44125091014.5511
2023-04-02T00:00:00Z,44125091014.5511
2023-04-01T00:00:00Z,44125091014.5511
2023-03-31T00:00:00Z,44125091014.5511
2023-03-30T00:00:00Z,44125091014.5511
2023-03-29T00:00:00Z,44125091014.5511
2023-03-28T00:00:00Z,44125091014.5511
2023-03-27T00:00:00Z,44125091014.5511
2023-03-26T00:00:00Z,44125091014.5511
2023-03-25T00:00:00Z,44125091014.5511
2023-03-24T00:00:00Z,44125091014.5511
2023-03-23T00:00:00Z,44125091014.5511
2023-03-22T00:00:00Z,43125091014.5511
2023-03-21T00:00:00Z,43125091014.5511
2023-03-20T00:00:00Z,42125091014.5511
2023-03-19T00:00:00Z,41125091014.5511
2023-03-18T00:00:00Z,41125091014.5511
2023-03-17T00:00:00Z,41125091014.5511
2023-03-16T00:00:00Z,41125091014.5511
2023-03-15T00:00:00Z,41125091014.5511
2023-03-14T00:00:00Z,41125091014.5511
2023-03-13T00:00:00Z,40125091014.5511
2023-03-12T00:00:00Z,40125091014.5511
2023-03-11T00:00:00Z,40125091014.5511
2023-03-10T00:00:00Z,40125091014.5511
2023-03-09T00:00:00Z,40125091014.5511
2023-03-08T00:00:00Z,40125091014.5511
2023-03-07T00:00:00Z,40125091014.5511
2023-03-06T00:00:00Z,40125091014.5511
2023-03-05T00:00:00Z,40125091014.5511
2023-03-04T00:00:00Z,40125091014.5511
2023-03-03T00:00:00Z,40125091014.5511
2023-03-02T00:00:00Z,40125091014.5511
2023-03-01T00:00:00Z,40125091014.5511
2023-02-28T00:00:00Z,40125091014.5511
2023-02-27T00:00:00Z,40125091014.5511
2023-02-26T00:00:00Z,40125091014.5511
2023-02-25T00:00:00Z,40125091014.5511
2023-02-24T00:00:00Z,40125091014.5511
2023-02-23T00:00:00Z,40125091014.5511
2023-02-22T00:00:00Z,40125091014.5511
2023-02-21T00:00:00Z,39125091014.5511
2023-02-20T00:00:00Z,39125091014.5511
2023-02-19T00:00:00Z,39125522535.96058
2023-02-18T00:00:00Z,39125522535.96058
2023-02-17T00:00:00Z,39125522535.96058
2023-02-16T00:00:00Z,39125522535.96058
2023-02-15T00:00:00Z,39125522535.96058
2023-02-14T00:00:00Z,39125522535.96058
2023-02-13T00:00:00Z,39125522535.96058
2023-02-12T00:00:00Z,37125522535.96058
2023-02-11T00:00:00Z,37125522535.96058
2023-02-10T00:00:00Z,37125522535.96058
2023-02-09T00:00:00Z,37125522535.96058
2023-02-08T00:00:00Z,37125522535.96058
2023-02-07T00:00:00Z,37125522535.96058
2023-02-06T00:00:00Z,37125522535.96058
2023-02-05T00:00:00Z,37125522535.96058
2023-02-04T00:00:00Z,37125522535.96058
2023-02-03T00:00:00Z,37125522535.96058
2023-02-02T00:00:00Z,37125522535.96058
2023-02-01T00:00:00Z,37125522535.96058
2023-01-31T00:00:00Z,37125522535.96058
2023-01-30T00:00:00Z,37125522535.96058
2023-01-29T00:00:00Z,37125522535.96058
2023-01-28T00:00:00Z,37125522535.96058
2023-01-27T00:00:00Z,37125522535.96058
2023-01-26T00:00:00Z,37125522535.96058
2023-01-25T00:00:00Z,37125522535.96058
2023-01-24T00:00:00Z,37125522535.96058
2023-01-23T00:00:00Z,37125522535.96058
2023-01-22T00:00:00Z,37125522535.96058
2023-01-21T00:00:00Z,37125522535.96058
2023-01-20T00:00:00Z,37125522535.96058
2023-01-19T00:00:00Z,37125522535.96058
2023-01-18T00:00:00Z,37125522535.96058
2023-01-17T00:00:00Z,37125522535.96058
2023-01-16T00:00:00Z,37125522535.96058
2023-01-15T00:00:00Z,37125522535.96058
2023-01-14T00:00:00Z,37125522535.96058
2023-01-13T00:00:00Z,37125522535.96058
2023-01-12T00:00:00Z,37125522535.96058
2023-01-11T00:00:00Z,37125522535.96058
2023-01-10T00:00:00Z,37125522535.96058
2023-01-09T00:00:00Z,37125522535.96058
2023-01-08T00:00:00Z,37125522535.96058
2023-01-07T00:00:00Z,37125522535.96058
2023-01-06T00:00:00Z,37125522535.96058
2023-01-05T00:00:00Z,37125522535.96058
2023-01-04T00:00:00Z,37125522535.96058
2023-01-03T00:00:00Z,37125522535.96058
2023-01-02T00:00:00Z,37125522535.96058
2023-01-01T00:00:00Z,37125522535.96058
2022-12-31T00:00:00Z,37125522535.96058
2022-12-30T00:00:00Z,37125522535.96058
2022-12-29T00:00:00Z,37125522535.96058
2022-12-28T00:00:00Z,37126099810.4933
2022-12-27T00:00:00Z,37126099810.4933
2022-12-26T00:00:00Z,37126099810.4933
2022-12-25T00:00:00Z,37126099810.4933
2022-12-24T00:00:00Z,37126099810.4933
2022-12-23T00:00:00Z,37126099810.4933
2022-12-22T00:00:00Z,37126099810.4933
2022-12-21T00:00:00Z,37129151191.3533
2022-12-20T00:00:00Z,37129151191.3533
2022-12-19T00:00:00Z,37129151191.3533
2022-12-18T00:00:00Z,37129151191.3533
2022-12-17T00:00:00Z,37129151191.3533
2022-12-16T00:00:00Z,37129151191.3533
2022-12-15T00:00:00Z,37129151191.3533
2022-12-14T00:00:00Z,37129151191.3533
2022-12-13T00:00:00Z,37129151191.3533
2022-12-12T00:00:00Z,37129151191.3533
2022-12-11T00:00:00Z,37129151191.3533
2022-12-10T00:00:00Z,37129151191.3533
2022-12-09T00:00:00Z,37129151191.3533
2022-12-08T00:00:00Z,37129151191.3533
2022-12-07T00:00:00Z,37129151191.3533
2022-12-06T00:00:00Z,37129151191.3533
2022-12-05T00:00:00Z,37129151191.3533
2022-12-04T00:00:00Z,37129151191.3533
2022-12-03T00:00:00Z,37129151191.3533
2022-12-02T00:00:00Z,37129151191.3533
2022-12-01T00:00:00Z,37129151191.3533
2022-11-30T00:00:00Z,37129151191.3533
2022-11-29T00:00:00Z,37129151191.3533
2022-11-28T00:00:00Z,37129151191.3533
2022-11-27T00:00:00Z,37129151191.3533
2022-11-26T00:00:00Z,37129151191.3533
2022-11-25T00:00:00Z,37129151191.3533
2022-11-24T00:00:00Z,37129151191.3533
2022-11-23T00:00:00Z,37129151191.3533
2022-11-22T00:00:00Z,37129151191.3533
2022-11-21T00:00:00Z,37129151191.3533
2022-11-20T00:00:00Z,37129151191.3533
2022-11-19T00:00:00Z,37129151191.3533
2022-11-18T00:00:00Z,37129151191.3533
2022-11-17T00:00:00Z,37129151191.3533
2022-11-16T00:00:00Z,37129151191.3533
2022-11-15T00:00:00Z,37129151191.3533
2022-11-14T00:00:00Z,37129151191.3533
2022-11-13T00:00:00Z,37129151191.3533
2022-11-12T00:00:00Z,37129151191.3533
2022-11-11T00:00:00Z,37129151191.3533
2022-11-10T00:00:00Z,37129151191.3533
2022-11-09T00:00:00Z,37129151191.3533
2022-11-08T00:00:00Z,37129151191.3533
2022-11-07T00:00:00Z,36129151191.3533
2022-11-06T00:00:00Z,36129151191.3533
2022-11-05T00:00:00Z,36129151191.3533
2022-11-04T00:00:00Z,36129151191.3533
2022-11-03T00:00:00Z,36129151191.3533
2022-11-02T00:00:00Z,36129151191.3533
2022-11-01T00:00:00Z,36129151191.3533
2022-10-31T00:00:00Z,36129151191.3533
2022-10-30T00:00:00Z,35129151191.3533
2022-10-29T00:00:00Z,35129151191.3533
2022-10-28T00:00:00Z,35129151191.3533
2022-10-27T00:00:00Z,35129151191.3533
2022-10-26T00:00:00Z,35129151191.3533
2022-10-25T00:00:00Z,35129151191.3533
2022-10-24T00:00:00Z,35129151191.3533
2022-10-23T00:00:00Z,34129151191.353302
2022-10-22T00:00:00Z,34129151191.353302
2022-10-21T00:00:00Z,34129151191.353302
2022-10-20T00:00:00Z,34129151191.353302
2022-10-19T00:00:00Z,34129151191.353302
2022-10-18T00:00:00Z,34129151191.353302
2022-10-17T00:00:00Z,34129151191.353302
2022-10-16T00:00:00Z,34129151191.353302
2022-10-15T00:00:00Z,34129151191.353302
2022-10-14T00:00:00Z,34129151191.353302
2022-10-13T00:00:00Z,34129151191.353302
2022-10-12T00:00:00Z,34129151191.353302
2022-10-11T00:00:00Z,34129151191.353302
2022-10-10T00:00:00Z,34129151191.353302
2022-10-09T00:00:00Z,34129151191.353302
2022-10-08T00:00:00Z,34129151191.353302
2022-10-07T00:00:00Z,34129151191.353302
2022-10-06T00:00:00Z,34129151191.353302
2022-10-05T00:00:00Z,34130268679.280807
2022-10-04T00:00:00Z,34130268679.280807
2022-10-03T00:00:00Z,34130268679.280807
2022-10-02T00:00:00Z,34130268679.280807
2022-10-01T00:00:00Z,34130268679.280807
2022-09-30T00:00:00Z,34130268679.280807
2022-09-29T00:00:00Z,34130268679.280807
2022-09-28T00:00:00Z,34130268679.280807
2022-09-27T00:00:00Z,34130268679.280807
2022-09-26T00:00:00Z,34130268679.280807
2022-09-25T00:00:00Z,34130268679.280807
2022-09-24T00:00:00Z,34130268679.280807
2022-09-23T00:00:00Z,34130268679.280807
2022-09-22T00:00:00Z,34130268679.280807
2022-09-21T00:00:00Z,34130268679.280807
2022-09-20T00:00:00Z,34130268679.280807
2022-09-19T00:00:00Z,34130268679.280807
2022-09-18T00:00:00Z,34130268679.280807
2022-09-17T00:00:00Z,34130268679.280807
2022-09-16T00:00:00Z,34130268679.280807
2022-09-15T00:00:00Z,34130268679.280807
2022-09-14T00:00:00Z,33130268679.280807
2022-09-13T00:00:00Z,33130268679.280807
2022-09-12T00:00:00Z,33130268679.280807
2022-09-11T00:00:00Z,33130268679.280807
2022-09-10T00:00:00Z,33130268679.280807
2022-09-09T00:00:00Z,33130268679.280807
2022-09-08T00:00:00Z,33130268679.280807
2022-09-07T00:00:00Z,33130268679.280807
2022-09-06T00:00:00Z,33130268679.280807
2022-09-05T00:00:00Z,33130268679.280807
2022-09-04T00:00:00Z,33130268679.280807
2022-09-03T00:00:00Z,33130268679.280807
2022-09-02T00:00:00Z,33130268679.280807
2022-09-01T00:00:00Z,33130268679.280807
2022-08-31T00:00:00Z,33130268679.280807
2022-08-30T00:00:00Z,33130268679.280807
2022-08-29T00:00:00Z,33130268679.280807
2022-08-28T00:00:00Z,33130268679.280807
2022-08-27T00:00:00Z,33130268679.280807
2022-08-26T00:00:00Z,33130268679.280807
2022-08-25T00:00:00Z,33130268679.280807
2022-08-24T00:00:00Z,33130268679.280807
2022-08-23T00:00:00Z,33130268679.280807
2022-08-22T00:00:00Z,33130268679.280807
2022-08-21T00:00:00Z,33130268679.280807
2022-08-20T00:00:00Z,33130268679.280807
2022-08-19T00:00:00Z,33130268679.280807
2022-08-18T00:00:00Z,33130268679.280807
2022-08-17T00:00:00Z,33130268679.280807
2022-08-16T00:00:00Z,33130268679.280807
2022-08-15T00:00:00Z,33130268679.280807
2022-08-14T00:00:00Z,33130268679.280807
2022-08-13T00:00:00Z,33130268679.280807
2022-08-12T00:00:00Z,33130268679.280807
2022-08-11T00:00:00Z,33130268679.280807
2022-08-10T00:00:00Z,33130268679.280807
2022-08-09T00:00:00Z,33130268679.280807
2022-08-08T00:00:00Z,33130268679.280807
2022-08-07T00:00:00Z,33130268679.280807
2022-08-06T00:00:00Z,33130268679.280807
2022-08-05T00:00:00Z,33130268679.280807
2022-08-04T00:00:00Z,33130268679.280807
2022-08-03T00:00:00Z,33130268679.280807
2022-08-02T00:00:00Z,32130268679.280807
2022-08-01T00:00:00Z,32130268679.280807
2022-07-31T00:00:00Z,32130268679.280807
2022-07-30T00:00:00Z,32130268679.280807
2022-07-29T00:00:00Z,32130268679.280807
2022-07-28T00:00:00Z,32130268679.280807
2022-07-27T00:00:00Z,32130268679.280807
2022-07-26T00:00:00Z,32130268679.280807
2022-07-25T00:00:00Z,32130268679.280807
2022-07-24T00:00:00Z,32130268679.280807
2022-07-23T00:00:00Z,32130268679.280807
2022-07-22T00:00:00Z,32130268679.280807
2022-07-21T00:00:00Z,32130268679.280807
2022-07-20T00:00:00Z,32130268679.280807
2022-07-19T00:00:00Z,32130268679.280807
2022-07-18T00:00:00Z,32130268679.280807
2022-07-17T00:00:00Z,32130268679.280807
2022-07-16T00:00:00Z,32130268679.280807
2022-07-15T00:00:00Z,32130268679.280807
2022-07-14T00:00:00Z,32130268679.280807
2022-07-13T00:00:00Z,32130268679.280807
2022-07-12T00:00:00Z,32130268679.280807
2022-07-11T00:00:00Z,32130268679.280807
2022-07-10T00:00:00Z,32130268679.280807
2022-07-09T00:00:00Z,32133194630.280807
2022-07-08T00:00:00Z,32133194630.280807
2022-07-07T00:00:00Z,32133194630.280807
2022-07-06T00:00:00Z,32133194630.280807
2022-07-05T00:00:00Z,32133194630.280807
2022-07-04T00:00:00Z,32133194630.280807
2022-07-03T00:00:00Z,32133194630.280807
2022-07-02T00:00:00Z,32133194630.280807
2022-07-01T00:00:00Z,32133194630.280807
2022-06-30T00:00:00Z,32133194630.280807
2022-06-29T00:00:00Z,32135602236.544857
2022-06-28T00:00:00Z,32135602236.544857
2022-06-27T00:00:00Z,32135602236.544857
2022-06-26T00:00:00Z,32135602236.544857
2022-06-25T00:00:00Z,32135602236.544857
2022-06-24T00:00:00Z,32135602236.544857
2022-06-23T00:00:00Z,32135602236.544857
2022-06-22T00:00:00Z,32135602236.544857
2022-06-21T00:00:00Z,32135602236.544857
2022-06-20T00:00:00Z,32135602236.544857
2022-06-19T00:00:00Z,38735602236.54486
2022-06-18T00:00:00Z,38735602236.54486
2022-06-17T00:00:00Z,38735602236.54486
2022-06-16T00:00:00Z,38735602236.54486
2022-06-15T00:00:00Z,38735602236.54486
2022-06-14T00:00:00Z,38735602236.54486
2022-06-13T00:00:00Z,38735602236.54486
2022-06-12T00:00:00Z,38735602236.54486
2022-06-11T00:00:00Z,38735602236.54486
2022-06-10T00:00:00Z,38735602236.54486
2022-06-09T00:00:00Z,38735602236.54486
2022-06-08T00:00:00Z,38735602236.54486
2022-06-07T00:00:00Z,38735602236.54486
2022-06-06T00:00:00Z,38735602236.54486
2022-06-05T00:00:00Z,38735602236.54486
2022-06-04T00:00:00Z,38735602236.54486
2022-06-03T00:00:00Z,38735602236.54486
2022-06-02T00:00:00Z,38735602236.54486
2022-06-01T00:00:00Z,38735602236.54486
2022-05-31T00:00:00Z,38735602236.54486
2022-05-30T00:00:00Z,38735602236.54486
2022-05-29T00:00:00Z,38735602236.54486
2022-05-28T00:00:00Z,38735602236.54486
2022-05-27T00:00:00Z,38735602236.54486
2022-05-26T00:00:00Z,38735602236.54486
2022-05-25T00:00:00Z,38735602236.54486
2022-05-24T00:00:00Z,38735602236.54486
2022-05-23T00:00:00Z,38735602236.54486
2022-05-22T00:00:00Z,38735602236.54486
2022-05-21T00:00:00Z,38735602236.54486
2022-05-20T00:00:00Z,38735602236.54486
2022-05-19T00:00:00Z,38735602236.54486
2022-05-18T00:00:00Z,38735602236.54486
2022-05-17T00:00:00Z,38735602236.54486
2022-05-16T00:00:00Z,38735602236.54486
2022-05-15T00:00:00Z,38735602236.54486
2022-05-14T00:00:00Z,38735602236.54486
2022-05-13T00:00:00Z,39735602236.54486
2022-05-12T00:00:00Z,39735602236.54486
2022-05-11T00:00:00Z,42735602236.54486
2022-05-10T00:00:00Z,42735602236.54486
2022-05-09T00:00:00Z,42735602236.54486
2022-05-08T00:00:00Z,41735602236.54486
2022-05-07T00:00:00Z,41735602236.54486
2022-05-06T00:00:00Z,41735602236.54486
2022-05-05T00:00:00Z,41735602236.54486
2022-05-04T00:00:00Z,41735602236.54486
2022-05-03T00:00:00Z,41735602236.54486
2022-05-02T00:00:00Z,41735602236.54486
2022-05-01T00:00:00Z,41735602236.54486
2022-04-30T00:00:00Z,41735602236.54486
2022-04-29T00:00:00Z,41735602236.54486
2022-04-28T00:00:00Z,41735602236.54486
2022-04-27T00:00:00Z,41735602236.54486
2022-04-26T00:00:00Z,41735602236.54486
2022-04-25T00:00:00Z,41735602236.54486
2022-04-24T00:00:00Z,41735602236.54486
2022-04-23T00:00:00Z,41735602236.54486
2022-04-22T00:00:00Z,41735602236.54486
2022-04-21T00:00:00Z,41735602236.54486
2022-04-20T00:00:00Z,41735602236.54486
2022-04-19T00:00:00Z,41735602236.54486
2022-04-18T00:00:00Z,41735602236.54486
2022-04-17T00:00:00Z,41735602236.54486
2022-04-16T00:00:00Z,41735602236.54486
2022-04-15T00:00:00Z,41735602236.54486
2022-04-14T00:00:00Z,41735602236.54486
2022-04-13T00:00:00Z,41735602236.54486
2022-04-12T00:00:00Z,41735602236.54486
2022-04-11T00:00:00Z,41735602236.54486
2022-04-10T00:00:00Z,41735713910.790855
2022-04-09T00:00:00Z,41735713910.790855
2022-04-08T00:00:00Z,41735713910.790855
2022-04-07T00:00:00Z,41735713910.790855
2022-04-06T00:00:00Z,41735713910.790855
2022-04-05T00:00:00Z,41735713910.790855
2022-04-04T00:00:00Z,41735713910.790855
2022-04-03T00:00:00Z,41735713910.790855
2022-04-02T00:00:00Z,41735713910.790855
2022-04-01T00:00:00Z,41735713910.790855
2022-03-31T00:00:00Z,41735713910.790855
2022-03-30T00:00:00Z,41735713910.790855
2022-03-29T00:00:00Z,40735713910.790855
2022-03-28T00:00:00Z,40735713910.790855
2022-03-27T00:00:00Z,40735713910.790855
2022-03-26T00:00:00Z,40735713910.790855
2022-03-25T00:00:00Z,40735713910.790855
2022-03-24T00:00:00Z,40735713910.790855
2022-03-23T00:00:00Z,40735713910.790855
2022-03-22T00:00:00Z,39736774292.63355
2022-03-21T00:00:00Z,39736774292.63355
2022-03-20T00:00:00Z,39736774292.63355
2022-03-19T00:00:00Z,39736774292.63355
2022-03-18T00:00:00Z,39736774292.63355
2022-03-17T00:00:00Z,39736774292.63355
2022-03-16T00:00:00Z,39736774292.63355
2022-03-15T00:00:00Z,39736774292.63355
2022-03-14T00:00:00Z,39736774292.63355
2022-03-13T00:00:00Z,39736774292.63355
2022-03-12T00:00:00Z,39736774292.63355
2022-03-11T00:00:00Z,39736774292.63355
2022-03-10T00:00:00Z,39736774292.63355
2022-03-09T00:00:00Z,39738784730.72049
2022-03-08T00:00:00Z,39738784730.72049
2022-03-07T00:00:00Z,39738784730.72049
2022-03-06T00:00:00Z,38738784730.72049
2022-03-05T00:00:00Z,38738784730.72049
2022-03-04T00:00:00Z,38738784730.72049
2022-03-03T00:00:00Z,38738784730.72049
2022-03-02T00:00:00Z,38738784730.72049
2022-03-01T00:00:00Z,38738784730.72049
2022-02-28T00:00:00Z,38738784730.72049
2022-02-27T00:00:00Z,38738784730.72049
2022-02-26T00:00:00Z,38738784730.72049
2022-02-25T00:00:00Z,38738784730.72049
2022-02-24T00:00:00Z,38738784730.72049
2022-02-23T00:00:00Z,38738784730.72049
2022-02-22T00:00:00Z,38738784730.72049
2022-02-21T00:00:00Z,38738784730.72049
2022-02-20T00:00:00Z,37738784730.72049
2022-02-19T00:00:00Z,37738784730.72049
2022-02-18T00:00:00Z,37738784730.72049
2022-02-17T00:00:00Z,37738784730.72049
2022-02-16T00:00:00Z,37738784730.72049
2022-02-15T00:00:00Z,37738784730.72049
2022-02-14T00:00:00Z,37738784730.72049
2022-02-13T00:00:00Z,37738784730.72049
2022-02-12T00:00:00Z,37738784730.72049
2022-02-11T00:00:00Z,37738784730.72049
2022-02-10T00:00:00Z,37738784730.72049
2022-02-09T00:00:00Z,36738784730.72049
2022-02-08T00:00:00Z,36738784730.72049
2022-02-07T00:00:00Z,36738784730.72049
2022-02-06T00:00:00Z,36738784730.72049
2022-02-05T00:00:00Z,36738784730.72049
2022-02-04T00:00:00Z,36738784730.72049
2022-02-03T00:00:00Z,36738784730.72049
2022-02-02T00:00:00Z,36738784730.72049
2022-02-01T00:00:00Z,36738784730.72049
2022-01-31T00:00:00Z,36738784730.72049
2022-01-30T00:00:00Z,36738784730.72049
2022-01-29T00:00:00Z,36738784730.72049
2022-01-28T00:00:00Z,36738784730.72049
2022-01-27T00:00:00Z,36738784730.72049
2022-01-26T00:00:00Z,36738784730.72049
2022-01-25T00:00:00Z,36738784730.72049
2022-01-24T00:00:00Z,36738784730.72049
2022-01-23T00:00:00Z,36738784730.72049
2022-01-22T00:00:00Z,36738784730.72049
2022-01-21T00:00:00Z,38738784730.72049
2022-01-20T00:00:00Z,38742473246.559074
2022-01-19T00:00:00Z,38742473246.559074
2022-01-18T00:00:00Z,38742473246.559074
2022-01-17T00:00:00Z,38742473246.559074
2022-01-16T00:00:00Z,38742473246.559074
2022-01-15T00:00:00Z,38742473246.559074
2022-01-14T00:00:00Z,38742473246.559074
2022-01-13T00:00:00Z,38742473246.559074
2022-01-12T00:00:00Z,38742473246.559074
2022-01-11T00:00:00Z,38742473246.559074
2022-01-10T00:00:00Z,38742473246.559074
2022-01-09T00:00:00Z,38742473246.559074
2022-01-08T00:00:00Z,38742473246.559074
2022-01-07T00:00:00Z,38742473246.559074
2022-01-06T00:00:00Z,39492473246.559074
2022-01-05T00:00:00Z,39492473246.559074
2022-01-04T00:00:00Z,39492473246.559074
2022-01-03T00:00:00Z,39492473246.559074
2022-01-02T00:00:00Z,39492473246.559074
2022-01-01T00:00:00Z,39492473246.559074
2021-12-31T00:00:00Z,39492473246.559074
2021-12-30T00:00:00Z,38492473246.559074
2021-12-29T00:00:00Z,38492473246.559074
2021-12-28T00:00:00Z,38492473246.559074
2021-12-27T00:00:00Z,38492473246.559074
2021-12-26T00:00:00Z,37492473246.559074
2021-12-25T00:00:00Z,37492473246.559074
2021-12-24T00:00:00Z,37492473246.559074
2021-12-23T00:00:00Z,37492473246.559074
2021-12-22T00:00:00Z,38992473246.559074
2021-12-21T00:00:00Z,38992473246.559074
2021-12-20T00:00:00Z,38992473246.559074
2021-12-19T00:00:00Z,38992473246.559074
2021-12-18T00:00:00Z,38992473246.559074
2021-12-17T00:00:00Z,38992473246.559074
2021-12-16T00:00:00Z,38992473246.559074
2021-12-15T00:00:00Z,38992473246.559074
2021-12-14T00:00:00Z,37992473246.559074
2021-12-13T00:00:00Z,37992473246.559074
2021-12-12T00:00:00Z,37992473246.559074
2021-12-11T00:00:00Z,37992473246.559074
2021-12-10T00:00:00Z,37992473246.559074
2021-12-09T00:00:00Z,37992473246.559074
2021-12-08T00:00:00Z,39992473246.559074
2021-12-07T00:00:00Z,39992473246.559074
2021-12-06T00:00:00Z,38992473246.559074
2021-12-05T00:00:00Z,38992473246.559074
2021-12-04T00:00:00Z,37992473246.559074
2021-12-03T00:00:00Z,36992473246.559074
2021-12-02T00:00:00Z,36992473246.559074
2021-12-01T00:00:00Z,36992473246.559074
2021-11-30T00:00:00Z,36992473246.559074
2021-11-29T00:00:00Z,37992473246.559074
2021-11-28T00:00:00Z,37992473246.559074
2021-11-27T00:00:00Z,37992473246.559074
2021-11-26T00:00:00Z,37992473246.559074
2021-11-25T00:00:00Z,36992473246.559074
2021-11-24T00:00:00Z,36992473246.559074
2021-11-23T00:00:00Z,36992473246.559074
2021-11-22T00:00:00Z,36992473246.559074
2021-11-21T00:00:00Z,36992473246.559074
2021-11-20T00:00:00Z,36992473246.559074
2021-11-19T00:00:00Z,36992473246.559074
2021-11-18T00:00:00Z,36992473246.559074
2021-11-17T00:00:00Z,36992473246.559074
2021-11-16T00:00:00Z,36992473246.559074
2021-11-15T00:00:00Z,36992473246.559074
2021-11-14T00:00:00Z,36992473246.559074
2021-11-13T00:00:00Z,36992473246.559074
2021-11-12T00:00:00Z,36992473246.559074
2021-11-11T00:00:00Z,36992473246.559074
2021-11-10T00:00:00Z,36992473246.559074
2021-11-09T00:00:00Z,36992473246.559074
2021-11-08T00:00:00Z,38993266846.70701
2021-11-07T00:00:00Z,37993266846.70701
2021-11-06T00:00:00Z,37993266846.70701
2021-11-05T00:00:00Z,36993266846.70701
2021-11-04T00:00:00Z,36993266846.70701
2021-11-03T00:00:00Z,36993266846.70701
2021-11-02T00:00:00Z,36993266846.70701
2021-11-01T00:00:00Z,35993266846.70701
2021-10-31T00:00:00Z,35993266846.70701
2021-10-30T00:00:00Z,35993266846.70701
2021-10-29T00:00:00Z,35993266846.70701
2021-10-28T00:00:00Z,35993266846.70701
2021-10-27T00:00:00Z,35993266846.70701
2021-10-26T00:00:00Z,35993266846.70701
2021-10-25T00:00:00Z,35993266846.70701
2021-10-24T00:00:00Z,35993266846.70701
2021-10-23T00:00:00Z,35993266846.70701
2021-10-22T00:00:00Z,35993266846.70701
2021-10-21T00:00:00Z,35993266846.70701
2021-10-20T00:00:00Z,35993266846.70701
2021-10-19T00:00:00Z,35993266846.70701
2021-10-18T00:00:00Z,35993266846.70701
2021-10-17T00:00:00Z,35993266846.70701
2021-10-16T00:00:00Z,35993266846.70701
2021-10-15T00:00:00Z,35993266846.70701
2021-10-14T00:00:00Z,35993266846.70701
2021-10-13T00:00:00Z,35993266846.70701
2021-10-12T00:00:00Z,35993266846.70701
2021-10-11T00:00:00Z,35993266846.70701
2021-10-10T00:00:00Z,35993266846.70701
2021-10-09T00:00:00Z,35993266846.70701
2021-10-08T00:00:00Z,35993266846.70701
2021-10-07T00:00:00Z,35993266846.70701
2021-10-06T00:00:00Z,35993266846.70701
2021-10-05T00:00:00Z,35993266846.70701
2021-10-04T00:00:00Z,35993266846.70701
2021-10-03T00:00:00Z,35993266846.70701
2021-10-02T00:00:00Z,35993266846.70701
2021-10-01T00:00:00Z,35993266846.70701
2021-09-30T00:00:00Z,35993266846.70701
2021-09-29T00:00:00Z,35993266846.70701
2021-09-28T00:00:00Z,35993266846.70701
2021-09-27T00:00:00Z,35993266846.70701
2021-09-26T00:00:00Z,35993266846.70701
2021-09-25T00:00:00Z,35993266846.70701
2021-09-24T00:00:00Z,35993266846.70701
2021-09-23T00:00:00Z,35993266846.70701
2021-09-22T00:00:00Z,35993266846.70701
2021-09-21T00:00:00Z,35993266846.70701
2021-09-20T00:00:00Z,35993266846.70701
2021-09-19T00:00:00Z,35993266846.70701
2021-09-18T00:00:00Z,35993266846.70701
2021-09-17T00:00:00Z,35993266846.70701
2021-09-16T00:00:00Z,35993266846.70701
2021-09-15T00:00:00Z,35993266846.70701
2021-09-14T00:00:00Z,35993266846.70701
2021-09-13T00:00:00Z,35993266846.70701
2021-09-12T00:00:00Z,35993266846.70701
2021-09-11T00:00:00Z,35993266846.70701
2021-09-10T00:00:00Z,35993266846.70701
2021-09-09T00:00:00Z,35993266846.70701
2021-09-08T00:00:00Z,35993266846.70701
2021-09-07T00:00:00Z,35993266846.70701
2021-09-06T00:00:00Z,33993266846.707012
2021-09-05T00:00:00Z,32993266846.707012
2021-09-04T00:00:00Z,32993266846.707012
2021-09-03T00:00:00Z,32993266846.707012
2021-09-02T00:00:00Z,31993266846.707012
2021-09-01T00:00:00Z,31993266846.707012
2021-08-31T00:00:00Z,31993266846.707012
2021-08-30T00:00:00Z,31993266846.707012
2021-08-29T00:00:00Z,31993266846.707012
2021-08-28T00:00:00Z,31993266846.707012
2021-08-27T00:00:00Z,31993266846.707012
2021-08-26T00:00:00Z,31993266846.707012
2021-08-25T00:00:00Z,31993266846.707012
2021-08-24T00:00:00Z,31993266846.707012
2021-08-23T00:00:00Z,33993266846.707012
2021-08-22T00:00:00Z,32993266846.707012
2021-08-21T00:00:00Z,32993266846.707012
2021-08-20T00:00:00Z,32993266846.707012
2021-08-19T00:00:00Z,32993266846.707012
2021-08-18T00:00:00Z,32993266846.707012
2021-08-17T00:00:00Z,32993266846.707012
2021-08-16T00:00:00Z,32993266846.707012
2021-08-15T00:00:00Z,32993266846.707012
2021-08-14T00:00:00Z,31993266846.707012
2021-08-13T00:00:00Z,31993266846.707012
2021-08-12T00:00:00Z,31993266846.707012
2021-08-11T00:00:00Z,31993266846.707012
2021-08-10T00:00:00Z,31993266846.707012
2021-08-09T00:00:00Z,31993266846.707012
2021-08-08T00:00:00Z,31993266846.707012
2021-08-07T00:00:00Z,30993266846.707012
2021-08-06T00:00:00Z,30993266846.707012
2021-08-05T00:00:00Z,30993266846.707012
2021-08-04T00:00:00Z,31993553636.556393
2021-08-03T00:00:00Z,31993553636.556393
2021-08-02T00:00:00Z,31993553636.556393
2021-08-01T00:00:00Z,31993553636.556393
2021-07-31T00:00:00Z,31993553636.556393
2021-07-30T00:00:00Z,31993553636.556393
2021-07-29T00:00:00Z,31993553636.556393
2021-07-28T00:00:00Z,31993553636.556393
2021-07-27T00:00:00Z,31993553636.556393
2021-07-26T00:00:00Z,31993553636.556393
2021-07-25T00:00:00Z,31993553636.556393
2021-07-24T00:00:00Z,31993553636.556393
2021-07-23T00:00:00Z,31993553636.556393
2021-07-22T00:00:00Z,31993553636.556393
2021-07-21T00:00:00Z,31993553636.556393
2021-07-20T00:00:00Z,31993553636.556393
2021-07-19T00:00:00Z,31993553636.556393
2021-07-18T00:00:00Z,31993553636.556393
2021-07-17T00:00:00Z,31993553636.556393
2021-07-16T00:00:00Z,31993553636.556393
2021-07-15T00:00:00Z,31993553636.556393
2021-07-14T00:00:00Z,31993553636.556393
2021-07-13T00:00:00Z,31993553636.556393
2021-07-12T00:00:00Z,31993553636.556393
2021-07-11T00:00:00Z,31993553636.556393
2021-07-10T00:00:00Z,31993553636.556393
2021-07-09T00:00:00Z,31993553636.556393
2021-07-08T00:00:00Z,31993553636.556393
2021-07-07T00:00:00Z,31993553636.556393
2021-07-06T00:00:00Z,31993553636.556393
2021-07-05T00:00:00Z,31993553636.556393
2021-07-04T00:00:00Z,31993553636.556393
2021-07-03T00:00:00Z,31993553636.556393
2021-07-02T00:00:00Z,31993553636.556393
2021-07-01T00:00:00Z,31993553636.556393
2021-06-30T00:00:00Z,31993553636.556393
2021-06-29T00:00:00Z,31993553636.556393
2021-06-28T00:00:00Z,31993553636.556393
2021-06-27T00:00:00Z,31993553636.556393
2021-06-26T00:00:00Z,31993553636.556393
2021-06-25T00:00:00Z,31993553636.556393
2021-06-24T00:00:00Z,31993553636.556393
2021-06-23T00:00:00Z,31993553636.556393
2021-06-22T00:00:00Z,31993553636.556393
2021-06-21T00:00:00Z,31993553636.556393
2021-06-20T00:00:00Z,31993553636.556393
2021-06-19T00:00:00Z,31993553636.556393
2021-06-18T00:00:00Z,31993553636.556393
2021-06-17T00:00:00Z,31993553636.556393
2021-06-16T00:00:00Z,31993553636.556393
2021-06-15T00:00:00Z,31993553636.556393
2021-06-14T00:00:00Z,31993553636.556393
2021-06-13T00:00:00Z,31993553636.556393
2021-06-12T00:00:00Z,31993553636.556393
2021-06-11T00:00:00Z,31993553636.556393
2021-06-10T00:00:00Z,31993553636.556393
2021-06-09T00:00:00Z,31993553636.556393
2021-06-08T00:00:00Z,31993553636.556393
2021-06-07T00:00:00Z,31993553636.556393
2021-06-06T00:00:00Z,31994331936.065674
2021-06-05T00:00:00Z,31994331936.065674
2021-06-04T00:00:00Z,31994331936.065674
2021-06-03T00:00:00Z,31994331936.065674
2021-06-02T00:00:00Z,31994331936.065674
2021-06-01T00:00:00Z,31994331936.065674
2021-05-31T00:00:00Z,31994331936.065674
2021-05-30T00:00:00Z,33994331936.065674
2021-05-29T00:00:00Z,33994331936.065674
2021-05-28T00:00:00Z,33994331936.065674
2021-05-27T00:00:00Z,32994331936.065674
2021-05-26T00:00:00Z,32994331936.065674
2021-05-25T00:00:00Z,32994331936.065674
2021-05-24T00:00:00Z,32994331936.065674
2021-05-23T00:00:00Z,31994331936.065674
2021-05-22T00:00:00Z,31994331936.065674
2021-05-21T00:00:00Z,30994331936.065674
2021-05-20T00:00:00Z,30994331936.065674
2021-05-19T00:00:00Z,30994331936.065674
2021-05-18T00:00:00Z,30994331936.065674
2021-05-17T00:00:00Z,30994331936.065674
2021-05-16T00:00:00Z,30994331936.065674
2021-05-15T00:00:00Z,30994331936.065674
2021-05-14T00:00:00Z,30994331936.065674
2021-05-13T00:00:00Z,30994331936.065674
2021-05-12T00:00:00Z,30994331936.065674
2021-05-11T00:00:00Z,29994331936.065674
2021-05-10T00:00:00Z,29994331936.065674
2021-05-09T00:00:00Z,28994331936.065674
2021-05-08T00:00:00Z,28994331936.065674
2021-05-07T00:00:00Z,28994331936.065674
2021-05-06T00:00:00Z,28994331936.065674
2021-05-05T00:00:00Z,28994331936.065674
2021-05-04T00:00:00Z,26994331936.065674
2021-05-03T00:00:00Z,26994331936.065674
2021-05-02T00:00:00Z,25994331936.065674
2021-05-01T00:00:00Z,25994331936.065674
2021-04-30T00:00:00Z,25994331936.065674
2021-04-29T00:00:00Z,25994331936.065674
2021-04-28T00:00:00Z,25994331936.065674
2021-04-27T00:00:00Z,25994331936.065674
2021-04-26T00:00:00Z,25994331936.065674
2021-04-25T00:00:00Z,25994331936.065674
2021-04-24T00:00:00Z,25994331936.065674
2021-04-23T00:00:00Z,25994331936.065674
2021-04-22T00:00:00Z,25994331936.065674
2021-04-21T00:00:00Z,25994331936.065674
2021-04-20T00:00:00Z,25994331935.065674
2021-04-19T00:00:00Z,25994331935.065674
2021-04-18T00:00:00Z,23994331935.065674
2021-04-17T00:00:00Z,23994331935.065674
2021-04-16T00:00:00Z,23994331935.065674
2021-04-15T00:00:00Z,23994331935.065674
2021-04-14T00:00:00Z,23994331935.065674
2021-04-13T00:00:00Z,21994331935.065674
2021-04-12T00:00:00Z,21994331935.065674
2021-04-11T00:00:00Z,20994331935.065674
2021-04-10T00:00:00Z,20994331935.065674
2021-04-09T00:00:00Z,20994331935.065674
2021-04-08T00:00:00Z,20994331935.065674
2021-04-07T00:00:00Z,20994331935.065674
2021-04-06T00:00:00Z,20994331935.065674
2021-04-05T00:00:00Z,19794331935.065674
2021-04-04T00:00:00Z,19794331935.065674
2021-04-03T00:00:00Z,19794331935.065674
2021-04-02T00:00:00Z,19794331935.065674
2021-04-01T00:00:00Z,19794331935.065674
2021-03-31T00:00:00Z,18594331935.065674
2021-03-30T00:00:00Z,18594331935.065674
2021-03-29T00:00:00Z,18594331935.065674
2021-03-28T00:00:00Z,18594331935.065674
2021-03-27T00:00:00Z,18594331935.065674
2021-03-26T00:00:00Z,17794331935.065674
2021-03-25T00:00:00Z,17794331935.065674
2021-03-24T00:00:00Z,17794331935.065674
2021-03-23T00:00:00Z,17794331935.065674
2021-03-22T00:00:00Z,17794331935.065674
2021-03-21T00:00:00Z,17794331935.065674
2021-03-20T00:00:00Z,17794331935.065674
2021-03-19T00:00:00Z,17794331935.065674
2021-03-18T00:00:00Z,17794377690.728
2021-03-17T00:00:00Z,17794377690.728
2021-03-16T00:00:00Z,17794377690.728
2021-03-15T00:00:00Z,17794377690.728
2021-03-14T00:00:00Z,16794377690.728004
2021-03-13T00:00:00Z,16794377690.728004
2021-03-12T00:00:00Z,16794377690.728004
2021-03-11T00:00:00Z,16794377690.728004
2021-03-10T00:00:00Z,16794377690.728004
2021-03-09T00:00:00Z,15794377690.728004
2021-03-08T00:00:00Z,15794377690.728004
2021-03-07T00:00:00Z,15794377690.728004
2021-03-06T00:00:00Z,15794377690.728004
2021-03-05T00:00:00Z,15794377690.728004
2021-03-04T00:00:00Z,15794377690.728004
2021-03-03T00:00:00Z,15794377690.728004
2021-03-02T00:00:00Z,15044377690.728004
2021-03-01T00:00:00Z,15044377690.728004
2021-02-28T00:00:00Z,14294377690.728004
2021-02-27T00:00:00Z,14294377690.728004
2021-02-26T00:00:00Z,14294377690.728004
2021-02-25T00:00:00Z,14294377690.728004
2021-02-24T00:00:00Z,14294377690.728004
2021-02-23T00:00:00Z,14294377690.728004
2021-02-22T00:00:00Z,14294377690.728004
2021-02-21T00:00:00Z,14294377690.728004
2021-02-20T00:00:00Z,14294377690.728004
2021-02-19T00:00:00Z,13494377690.728004
2021-02-18T00:00:00Z,13494377690.728004
2021-02-17T00:00:00Z,13494377690.728004
2021-02-16T00:00:00Z,12494377690.728004
2021-02-15T00:00:00Z,12494377690.728004
2021-02-14T00:00:00Z,12494377690.728004
2021-02-13T00:00:00Z,12494377690.728004
2021-02-12T00:00:00Z,11494377690.728004
2021-02-11T00:00:00Z,11494377690.728004
2021-02-10T00:00:00Z,11494377690.728004
2021-02-09T00:00:00Z,10494377690.728004
2021-02-08T00:00:00Z,10494377690.728004
2021-02-07T00:00:00Z,9494377690.728004
2021-02-06T00:00:00Z,9494377690.728004
2021-02-05T00:00:00Z,8994377690.728004
2021-02-04T00:00:00Z,8644377690.728004
2021-02-03T00:00:00Z,8644377690.728004
2021-02-02T00:00:00Z,10644377690.728004
2021-02-01T00:00:00Z,10644377690.728004
2021-01-31T00:00:00Z,10294464753.567598
2021-01-30T00:00:00Z,10294464753.567598
2021-01-29T00:00:00Z,10294464753.567598
2021-01-28T00:00:00Z,9794464753.567598
2021-01-27T00:00:00Z,9394464753.567598
2021-01-26T00:00:00Z,9394464753.567598
2021-01-25T00:00:00Z,9394464753.567598
2021-01-24T00:00:00Z,9394464753.567598
2021-01-23T00:00:00Z,9394464753.567598
2021-01-22T00:00:00Z,9394464753.567598
2021-01-21T00:00:00Z,9395464753.567598
2021-01-20T00:00:00Z,9395464753.567598
2021-01-19T00:00:00Z,9395464753.567598
2021-01-18T00:00:00Z,8995464753.567598
2021-01-17T00:00:00Z,8995464753.567598
2021-01-16T00:00:00Z,8995464753.567598
2021-01-15T00:00:00Z,8995464753.567598
2021-01-14T00:00:00Z,8995464753.567598
2021-01-13T00:00:00Z,8995464753.567598
2021-01-12T00:00:00Z,8995464753.567598
2021-01-11T00:00:00Z,8995464753.567598
2021-01-10T00:00:00Z,8995498393.655445
2021-01-09T00:00:00Z,8995498393.655445
2021-01-08T00:00:00Z,8595498393.655445
2021-01-07T00:00:00Z,8595498393.655445
2021-01-06T00:00:00Z,8195498393.655445
2021-01-05T00:00:00Z,7795498393.655445
2021-01-04T00:00:00Z,7795498393.655445
2021-01-03T00:00:00Z,7795498393.655445
2021-01-02T00:00:00Z,6995498393.655445
2021-01-01T00:00:00Z,6795498393.655445
2020-12-31T00:00:00Z,6795498393.655445
2020-12-30T00:00:00Z,6795498393.655445
2020-12-29T00:00:00Z,6795498393.655445
2020-12-28T00:00:00Z,6795498393.655445
2020-12-27T00:00:00Z,6795498393.655445
2020-12-26T00:00:00Z,6795498393.655445
2020-12-25T00:00:00Z,6795498393.655445
2020-12-24T00:00:00Z,6795498393.655445
2020-12-23T00:00:00Z,6795498393.655445
2020-12-22T00:00:00Z,6795498393.655445
2020-12-21T00:00:00Z,6645498393.655445
2020-12-20T00:00:00Z,6645498393.655445
2020-12-19T00:00:00Z,6645498393.655445
2020-12-18T00:00:00Z,6445498393.655445
2020-12-17T00:00:00Z,6445498393.655445
2020-12-16T00:00:00Z,6445498393.655445
2020-12-15T00:00:00Z,6445498393.655445
2020-12-14T00:00:00Z,6445498393.655445
2020-12-13T00:00:00Z,6445498393.655445
2020-12-12T00:00:00Z,6445498393.655445
2020-12-11T00:00:00Z,6445498393.655445
2020-12-10T00:00:00Z,6295511427.267511
2020-12-09T00:00:00Z,6295511427.267511
2020-12-08T00:00:00Z,6295511427.267511
2020-12-07T00:00:00Z,6295511427.267511
2020-12-06T00:00:00Z,6295511427.267511
2020-12-05T00:00:00Z,6295511427.267511
2020-12-04T00:00:00Z,6145511427.267511
2020-12-03T00:00:00Z,6145511427.267511
2020-12-02T00:00:00Z,6145511427.267511
2020-12-01T00:00:00Z,6145511427.267511
2020-11-30T00:00:00Z,5945511427.267511
2020-11-29T00:00:00Z,5945511427.267511
2020-11-28T00:00:00Z,5945511427.267511
2020-11-27T00:00:00Z,5945511427.267511
2020-11-26T00:00:00Z,5945511427.267511
2020-11-25T00:00:00Z,5945511427.267511
2020-11-24T00:00:00Z,5945511427.267511
2020-11-23T00:00:00Z,5945511427.267511
2020-11-22T00:00:00Z,5945511427.267511
2020-11-21T00:00:00Z,5945511427.267511
2020-11-20T00:00:00Z,5695511427.267511
2020-11-19T00:00:00Z,5495511427.267511
2020-11-18T00:00:00Z,5495511427.267511
2020-11-17T00:00:00Z,5495511427.267511
2020-11-16T00:00:00Z,5495511427.267511
2020-11-15T00:00:00Z,5495511427.267511
2020-11-14T00:00:00Z,5495511427.267511
2020-11-13T00:00:00Z,5495511427.267511
2020-11-12T00:00:00Z,5295511427.267511
2020-11-11T00:00:00Z,5295511427.267511
2020-11-10T00:00:00Z,5145511427.267511
2020-11-09T00:00:00Z,5145511427.267511
2020-11-08T00:00:00Z,5145511427.267511
2020-11-07T00:00:00Z,5145511427.267511
2020-11-06T00:00:00Z,5145511427.267511
2020-11-05T00:00:00Z,4845520938.616234
2020-11-04T00:00:00Z,4845520938.616234
2020-11-03T00:00:00Z,4845520938.616234
2020-11-02T00:00:00Z,4845520938.616234
2020-11-01T00:00:00Z,4845520938.616234
2020-10-31T00:00:00Z,4845520938.616234
2020-10-30T00:00:00Z,4845520938.616234
2020-10-29T00:00:00Z,4845520938.616234
2020-10-28T00:00:00Z,4845520938.616234
2020-10-27T00:00:00Z,4845520938.616234
2020-10-26T00:00:00Z,4845520938.616234
2020-10-25T00:00:00Z,4845520938.616234
2020-10-24T00:00:00Z,4845520938.616234
2020-10-23T00:00:00Z,4845520938.616234
2020-10-22T00:00:00Z,4845520938.616234
2020-10-21T00:00:00Z,4845520938.616234
2020-10-20T00:00:00Z,4545520938.616234
2020-10-19T00:00:00Z,4395520938.616234
2020-10-18T00:00:00Z,4395520938.616234
2020-10-17T00:00:00Z,4395520938.616234
2020-10-16T00:00:00Z,4395520938.616234
2020-10-15T00:00:00Z,4395520938.616234
2020-10-14T00:00:00Z,4395520938.616234
2020-10-13T00:00:00Z,4395520938.616234
2020-10-12T00:00:00Z,4395520938.616234
2020-10-11T00:00:00Z,4395520938.616234
2020-10-10T00:00:00Z,4395520938.616234
2020-10-09T00:00:00Z,4395520938.616234
2020-10-08T00:00:00Z,4245520938.616233
2020-10-07T00:00:00Z,4245520938.616233
2020-10-06T00:00:00Z,4245520938.616233
2020-10-05T00:00:00Z,4245520938.616233
2020-10-04T00:00:00Z,4245520938.616233
2020-10-03T00:00:00Z,4245520938.616233
2020-10-02T00:00:00Z,4245584534.900374
2020-10-01T00:00:00Z,4245584534.900374
2020-09-30T00:00:00Z,4245584534.900374
2020-09-29T00:00:00Z,4245584534.900374
2020-09-28T00:00:00Z,4245584534.900374
2020-09-27T00:00:00Z,4245584534.900374
2020-09-26T00:00:00Z,4245584534.900374
2020-09-25T00:00:00Z,4245584534.900374
2020-09-24T00:00:00Z,4245584534.900374
2020-09-23T00:00:00Z,4245584534.900374
2020-09-22T00:00:00Z,4245584534.900374
2020-09-21T00:00:00Z,4245584534.900374
2020-09-20T00:00:00Z,4245592660.128986
2020-09-19T00:00:00Z,4245592660.128986
2020-09-18T00:00:00Z,4245592660.128986
2020-09-17T00:00:00Z,4245592660.128986
2020-09-16T00:00:00Z,3995592660.128986
2020-09-15T00:00:00Z,3995592660.128986
2020-09-14T00:00:00Z,5002589844.506638
2020-09-13T00:00:00Z,4752589844.506638
2020-09-12T00:00:00Z,4752589844.506638
2020-09-11T00:00:00Z,4752589844.506638
2020-09-10T00:00:00Z,4752681150.367907
2020-09-09T00:00:00Z,4502681150.367907
2020-09-08T00:00:00Z,4502681150.367907
2020-09-07T00:00:00Z,4252709126.406446
2020-09-06T00:00:00Z,4252709126.406446
2020-09-05T00:00:00Z,4252709126.406446
2020-09-04T00:00:00Z,4252709126.406446
2020-09-03T00:00:00Z,4252709126.406446
2020-09-02T00:00:00Z,4002709126.406446
2020-09-01T00:00:00Z,4002709126.406446
2020-08-31T00:00:00Z,3752709126.406446
2020-08-30T00:00:00Z,3752709126.406446
2020-08-29T00:00:00Z,3752709126.406446
2020-08-28T00:00:00Z,3752709126.406446
2020-08-27T00:00:00Z,3502709126.406446
2020-08-26T00:00:00Z,3502712942.493118
2020-08-25T00:00:00Z,3302712942.493118
2020-08-24T00:00:00Z,3302712942.493118
2020-08-23T00:00:00Z,3302712942.493118
2020-08-22T00:00:00Z,3302712942.493118
2020-08-21T00:00:00Z,3302712942.493118
2020-08-20T00:00:00Z,3302712942.493118
2020-08-19T00:00:00Z,4302712942.493118
2020-08-18T00:00:00Z,4302712942.493118
2020-08-17T00:00:00Z,4102712942.493118
2020-08-16T00:00:00Z,3902712942.493118
2020-08-15T00:00:00Z,3902712942.493118
2020-08-14T00:00:00Z,3902712942.493118
2020-08-13T00:00:00Z,3902712942.493118
2020-08-12T00:00:00Z,3902712942.493118
2020-08-11T00:00:00Z,3902712942.493118
2020-08-10T00:00:00Z,3902712942.493118
2020-08-09T00:00:00Z,3902712942.493118
2020-08-08T00:00:00Z,3902712942.493118
2020-08-07T00:00:00Z,3902712942.493118
2020-08-06T00:00:00Z,3902712942.493118
2020-08-05T00:00:00Z,3702712942.493118
2020-08-04T00:00:00Z,3702712942.493118
2020-08-03T00:00:00Z,3702712942.493118
2020-08-02T00:00:00Z,3702712942.493118
2020-08-01T00:00:00Z,3702712942.493118
2020-07-31T00:00:00Z,3452712942.493118
2020-07-30T00:00:00Z,3452712942.493118
2020-07-29T00:00:00Z,3452712942.493118
2020-07-28T00:00:00Z,3152712942.493118
2020-07-27T00:00:00Z,3152712942.493118
2020-07-26T00:00:00Z,3152712942.493118
2020-07-25T00:00:00Z,3152712942.493118
2020-07-24T00:00:00Z,3002712942.493118
2020-07-23T00:00:00Z,3002712942.493118
2020-07-22T00:00:00Z,2882712942.493118
2020-07-21T00:00:00Z,2882712942.493118
2020-07-20T00:00:00Z,2882712942.493118
2020-07-19T00:00:00Z,2882712942.493118
2020-07-18T00:00:00Z,2882712942.493118
2020-07-17T00:00:00Z,2882712942.493118
2020-07-16T00:00:00Z,2882712942.493118
2020-07-15T00:00:00Z,2882712942.493118
2020-07-14T00:00:00Z,2882712942.493118
2020-07-13T00:00:00Z,2882712942.493118
2020-07-12T00:00:00Z,2882712942.493118
2020-07-11T00:00:00Z,2882712942.493118
2020-07-10T00:00:00Z,2882712942.493118
2020-07-09T00:00:00Z,2882712942.493118
2020-07-08T00:00:00Z,2882712942.493118
2020-07-07T00:00:00Z,2882712942.493118
2020-07-06T00:00:00Z,2882712942.493118
2020-07-05T00:00:00Z,2882712942.493118
2020-07-04T00:00:00Z,2882712942.493118
2020-07-03T00:00:00Z,2882712942.493118
2020-07-02T00:00:00Z,2882712942.493118
2020-07-01T00:00:00Z,2882712942.493118
2020-06-30T00:00:00Z,2882712942.493118
2020-06-29T00:00:00Z,2882712942.493118
2020-06-28T00:00:00Z,2882712942.493118
2020-06-27T00:00:00Z,2882712942.493118
2020-06-26T00:00:00Z,2882712942.493118
2020-06-25T00:00:00Z,2883395020.121
2020-06-24T00:00:00Z,2883395020.121
2020-06-23T00:00:00Z,2883395020.121
2020-06-22T00:00:00Z,2883395020.121
2020-06-21T00:00:00Z,2883395020.121
2020-06-20T00:00:00Z,2883395020.121
2020-06-19T00:00:00Z,2883395020.121
2020-06-18T00:00:00Z,2883395020.121
2020-06-17T00:00:00Z,2883395020.121
2020-06-16T00:00:00Z,2783395020.121
2020-06-15T00:00:00Z,2783395020.121
2020-06-14T00:00:00Z,2783395020.121
2020-06-13T00:00:00Z,2783395020.121
2020-06-12T00:00:00Z,2683395020.121
2020-06-11T00:00:00Z,2683395020.121
2020-06-10T00:00:00Z,2683395020.121
2020-06-09T00:00:00Z,2583395020.121
2020-06-08T00:00:00Z,2583395020.121
2020-06-07T00:00:00Z,2583395020.121
2020-06-06T00:00:00Z,2583395020.121
2020-06-05T00:00:00Z,2583395020.121
2020-06-04T00:00:00Z,2583395020.121
2020-06-03T00:00:00Z,2583395020.121
2020-06-02T00:00:00Z,2583395020.121
2020-06-01T00:00:00Z,2383395020.121
2020-05-31T00:00:00Z,2383395020.121
2020-05-30T00:00:00Z,2283395020.121
2020-05-29T00:00:00Z,2283395020.121
2020-05-28T00:00:00Z,2283395020.121
2020-05-27T00:00:00Z,2283395020.121
2020-05-26T00:00:00Z,2283395020.121
2020-05-25T00:00:00Z,2283395020.121
2020-05-24T00:00:00Z,2283395020.121
2020-05-23T00:00:00Z,2283395020.121
2020-05-22T00:00:00Z,2183395020.121
2020-05-21T00:00:00Z,2183395020.121
2020-05-20T00:00:00Z,2183395020.121
2020-05-19T00:00:00Z,2183395020.121
2020-05-18T00:00:00Z,2183395020.121
2020-05-17T00:00:00Z,2183395020.121
2020-05-16T00:00:00Z,2183395020.121
2020-05-15T00:00:00Z,2183395020.121
2020-05-14T00:00:00Z,2183395020.121
2020-05-13T00:00:00Z,1983395020.1209998
2020-05-12T00:00:00Z,1883395020.1209998
2020-05-11T00:00:00Z,1783395020.1209998
2020-05-10T00:00:00Z,1683395020.1209998
2020-05-09T00:00:00Z,1603395020.1209998
2020-05-08T00:00:00Z,1503395020.1209998
2020-05-07T00:00:00Z,1403395020.1209998
2020-05-06T00:00:00Z,1303395020.1209998
2020-05-05T00:00:00Z,1223395020.1209998
2020-05-04T00:00:00Z,1223395020.1209998
2020-05-03T00:00:00Z,1143395020.121
2020-05-02T00:00:00Z,1143395020.121
2020-05-01T00:00:00Z,1143395020.121
2020-04-30T00:00:00Z,1143395020.121
2020-04-29T00:00:00Z,1063395020.121
2020-04-28T00:00:00Z,903395020.121
2020-04-27T00:00:00Z,853395020.121
2020-04-26T00:00:00Z,786395020.121
2020-04-25T00:00:00Z,786395020.121
2020-04-24T00:00:00Z,786395020.121
2020-04-23T00:00:00Z,768395020.121
2020-04-22T00:00:00Z,762395020.121
2020-04-21T00:00:00Z,762395020.121
2020-04-20T00:00:00Z,762395020.121
2020-04-19T00:00:00Z,762395020.121
2020-04-18T00:00:00Z,762395020.121
2020-04-17T00:00:00Z,762395020.121
2020-04-16T00:00:00Z,762395020.121
2020-04-15T00:00:00Z,762395020.121
2020-04-14T00:00:00Z,762395020.121
2020-04-13T00:00:00Z,762395020.121
2020-04-12T00:00:00Z,762395020.121
2020-04-11T00:00:00Z,762395020.121
2020-04-10T00:00:00Z,762395020.121
2020-04-09T00:00:00Z,762395020.121
2020-04-08T00:00:00Z,762395020.121
2020-04-07T00:00:00Z,762395020.121
2020-04-06T00:00:00Z,762395020.121
2020-04-05T00:00:00Z,762395020.121
2020-04-04T00:00:00Z,762395020.121
2020-04-03T00:00:00Z,762395020.121
2020-04-02T00:00:00Z,762395020.121
2020-04-01T00:00:00Z,762395020.121
2020-03-31T00:00:00Z,762395020.121
2020-03-30T00:00:00Z,762395020.121
2020-03-29T00:00:00Z,762395020.121
2020-03-28T00:00:00Z,762395020.121
2020-03-27T00:00:00Z,762395020.121
2020-03-26T00:00:00Z,762395020.121
2020-03-25T00:00:00Z,762395020.121
2020-03-24T00:00:00Z,762395020.121
2020-03-23T00:00:00Z,762395020.121
2020-03-22T00:00:00Z,762395020.121
2020-03-21T00:00:00Z,762395020.121
2020-03-20T00:00:00Z,762395020.121
2020-03-19T00:00:00Z,762395020.121
2020-03-18T00:00:00Z,762395020.121
2020-03-17T00:00:00Z,759395020.121
2020-03-16T00:00:00Z,709395020.121
2020-03-15T00:00:00Z,659395020.121
2020-03-14T00:00:00Z,659395020.121
2020-03-13T00:00:00Z,659395020.121
2020-03-12T00:00:00Z,604395020.121
2020-03-11T00:00:00Z,598395020.121
2020-03-10T00:00:00Z,598395020.121
2020-03-09T00:00:00Z,598395020.121
2020-03-08T00:00:00Z,598395020.121
2020-03-07T00:00:00Z,598395020.121
2020-03-06T00:00:00Z,598395020.121
2020-03-05T00:00:00Z,598395020.121
2020-03-04T00:00:00Z,598395020.121
2020-03-03T00:00:00Z,598395020.121
2020-03-02T00:00:00Z,598395020.121
2020-03-01T00:00:00Z,598395020.121
2020-02-29T00:00:00Z,598395020.121
2020-02-28T00:00:00Z,598395020.121
2020-02-27T00:00:00Z,598395020.121
2020-02-26T00:00:00Z,583395020.121
2020-02-25T00:00:00Z,583395020.121
2020-02-24T00:00:00Z,583395020.121
2020-02-23T00:00:00Z,583395020.121
2020-02-22T00:00:00Z,583395020.121
2020-02-21T00:00:00Z,563395020.121
2020-02-20T00:00:00Z,563395020.121
2020-02-19T00:00:00Z,863395020.121
2020-02-18T00:00:00Z,863395020.121
2020-02-17T00:00:00Z,859395020.121
2020-02-16T00:00:00Z,859395020.121
2020-02-15T00:00:00Z,859395020.121
2020-02-14T00:00:00Z,839395020.121
2020-02-13T00:00:00Z,839395020.121
2020-02-12T00:00:00Z,839395020.121
2020-02-11T00:00:00Z,839395020.121
2020-02-10T00:00:00Z,839395020.121
2020-02-09T00:00:00Z,814395020.121
2020-02-08T00:00:00Z,814395020.121
2020-02-07T00:00:00Z,814395020.121
2020-02-06T00:00:00Z,814395020.121
2020-02-05T00:00:00Z,814395020.121
2020-02-04T00:00:00Z,916550610.6010001
2020-02-03T00:00:00Z,916550610.6010001
2020-02-02T00:00:00Z,916550610.6010001
2020-02-01T00:00:00Z,916550610.6010001
2020-01-31T00:00:00Z,916550610.6010001
2020-01-30T00:00:00Z,916550610.6010001
2020-01-29T00:00:00Z,916550610.6010001
2020-01-28T00:00:00Z,916550610.6010001
2020-01-27T00:00:00Z,916550610.6010001
2020-01-26T00:00:00Z,916550610.6010001
2020-01-25T00:00:00Z,916550610.6010001
2020-01-24T00:00:00Z,916550610.6010001
2020-01-23T00:00:00Z,916550610.6010001
2020-01-22T00:00:00Z,916550610.6010001
2020-01-21T00:00:00Z,916550610.6010001
2020-01-20T00:00:00Z,916550610.6010001
2020-01-19T00:00:00Z,916550610.6010001
2020-01-18T00:00:00Z,916550610.6010001
2020-01-17T00:00:00Z,916550610.6010001
2020-01-16T00:00:00Z,916550610.6010001
2020-01-15T00:00:00Z,916550610.6010001
2020-01-14T00:00:00Z,916550610.6010001
2020-01-13T00:00:00Z,916550610.6010001
2020-01-12T00:00:00Z,916550610.6010001
2020-01-11T00:00:00Z,916550610.6010001
2020-01-10T00:00:00Z,916550610.6010001
2020-01-09T00:00:00Z,916550610.6010001
2020-01-08T00:00:00Z,916550610.6010001
2020-01-07T00:00:00Z,916550610.6010001
2020-01-06T00:00:00Z,916550610.6010001
2020-01-05T00:00:00Z,916550610.6010001
2020-01-04T00:00:00Z,916550610.6010001
2020-01-03T00:00:00Z,916550610.6010001
2020-01-02T00:00:00Z,916550610.6010001
2020-01-01T00:00:00Z,916550610.6010001
2019-12-31T00:00:00Z,916550610.6010001
2019-12-30T00:00:00Z,916550610.6010001
2019-12-29T00:00:00Z,916550610.6010001
2019-12-28T00:00:00Z,916550610.6010001
2019-12-27T00:00:00Z,916550610.6010001
2019-12-26T00:00:00Z,916550610.6010001
2019-12-25T00:00:00Z,916550610.6010001
2019-12-24T00:00:00Z,916550610.6010001
2019-12-23T00:00:00Z,916550610.6010001
2019-12-22T00:00:00Z,916550610.6010001
2019-12-21T00:00:00Z,916550610.6010001
2019-12-20T00:00:00Z,916550610.6010001
2019-12-19T00:00:00Z,916550610.6010001
2019-12-18T00:00:00Z,916550610.6010001
2019-12-17T00:00:00Z,916550610.6010001
2019-12-16T00:00:00Z,916550610.6010001
2019-12-15T00:00:00Z,916550610.6010001
2019-12-14T00:00:00Z,916550610.6010001
2019-12-13T00:00:00Z,916550610.6010001
2019-12-12T00:00:00Z,916550610.6010001
2019-12-11T00:00:00Z,916550610.6010001
2019-12-10T00:00:00Z,876550610.6
2019-12-09T00:00:00Z,876550610.6
2019-12-08T00:00:00Z,876550610.6
2019-12-07T00:00:00Z,876550610.6
2019-12-06T00:00:00Z,876550610.6
2019-12-05T00:00:00Z,876550610.6
2019-12-04T00:00:00Z,876550610.6
2019-12-03T00:00:00Z,876550610.6
2019-12-02T00:00:00Z,876550610.6
2019-12-01T00:00:00Z,876550610.6
2019-11-30T00:00:00Z,876550610.6
2019-11-29T00:00:00Z,876550610.6
2019-11-28T00:00:00Z,876550610.6
2019-11-27T00:00:00Z,874550610.6
2019-11-26T00:00:00Z,874550610.6
2019-11-25T00:00:00Z,874550610.6
2019-11-24T00:00:00Z,874550610.6
2019-11-23T00:00:00Z,874550610.6
2019-11-22T00:00:00Z,844550610.6
2019-11-21T00:00:00Z,844550610.6
2019-11-20T00:00:00Z,844550610.6
2019-11-19T00:00:00Z,844550610.6
2019-11-18T00:00:00Z,844550610.6
2019-11-17T00:00:00Z,844550610.6
2019-11-16T00:00:00Z,844550610.6
2019-11-15T00:00:00Z,844550610.6
2019-11-14T00:00:00Z,844550610.6
2019-11-13T00:00:00Z,844550610.6
2019-11-12T00:00:00Z,844550610.6
2019-11-11T00:00:00Z,844550610.6
2019-11-10T00:00:00Z,844550610.6
2019-11-09T00:00:00Z,844550610.6
2019-11-08T00:00:00Z,844550610.6
2019-11-07T00:00:00Z,844550610.6
2019-11-06T00:00:00Z,844550610.6
2019-11-05T00:00:00Z,844550610.6
2019-11-04T00:00:00Z,844550610.6
2019-11-03T00:00:00Z,836050610.6
2019-11-02T00:00:00Z,836050610.6
2019-11-01T00:00:00Z,832053610.6
2019-10-31T00:00:00Z,832053610.6
2019-10-30T00:00:00Z,817053610.6
2019-10-29T00:00:00Z,817053610.6
2019-10-28T00:00:00Z,817053610.6
2019-10-27T00:00:00Z,773067610.6
2019-10-26T00:00:00Z,712083610.6
2019-10-25T00:00:00Z,631089610.6
2019-10-24T00:00:00Z,450589610.6
2019-10-23T00:00:00Z,334589610.6
2019-10-22T00:00:00Z,304589610.6
2019-10-21T00:00:00Z,279589610.6
2019-10-20T00:00:00Z,254589610.6
2019-10-19T00:00:00Z,246589610.6
2019-10-18T00:00:00Z,216589610.6
2019-10-17T00:00:00Z,196589610.6
2019-10-16T00:00:00Z,196589610.6
2019-10-15T00:00:00Z,196589610.6
2019-10-14T00:00:00Z,196589610.6
2019-10-13T00:00:00Z,194089610.6
2019-10-12T00:00:00Z,194089610.6
2019-10-11T00:00:00Z,186589610.6
2019-10-10T00:00:00Z,170889610.6
2019-10-09T00:00:00Z,165389610.6
2019-10-08T00:00:00Z,162389610.6
2019-10-07T00:00:00Z,160889610.6
2019-10-06T00:00:00Z,139502010.6
2019-10-05T00:00:00Z,138002010.6
2019-10-04T00:00:00Z,134002010.6
2019-10-03T00:00:00Z,121402010.6
2019-10-02T00:00:00Z,119402010.6
2019-10-01T00:00:00Z,113402010.6
2019-09-30T00:00:00Z,108402010.6
2019-09-29T00:00:00Z,102402010.6
2019-09-28T00:00:00Z,102402010.6
2019-09-27T00:00:00Z,102402010.6
2019-09-26T00:00:00Z,102402010.6
2019-09-25T00:00:00Z,112402010.6
2019-09-24T00:00:00Z,112402010.6
2019-09-23T00:00:00Z,112402010.6
2019-09-22T00:00:00Z,112402010.6
2019-09-21T00:00:00Z,112402010.6
2019-09-20T00:00:00Z,112402010.6
2019-09-19T00:00:00Z,112402010.6
2019-09-18T00:00:00Z,112402010.6
2019-09-17T00:00:00Z,112402010.6
2019-09-16T00:00:00Z,112402010.6
2019-09-15T00:00:00Z,112402010.6
2019-09-14T00:00:00Z,112402010.6
2019-09-13T00:00:00Z,112402010.6
2019-09-12T00:00:00Z,112402010.6
2019-09-11T00:00:00Z,112402010.6
2019-09-10T00:00:00Z,112402010.6
2019-09-09T00:00:00Z,112402010.6
2019-09-08T00:00:00Z,112402010.6
2019-09-07T00:00:00Z,112402010.6
2019-09-06T00:00:00Z,112402010.6
2019-09-05T00:00:00Z,112402010.6
2019-09-04T00:00:00Z,112402010.6
2019-09-03T00:00:00Z,112402010.6
2019-09-02T00:00:00Z,112402010.6
2019-09-01T00:00:00Z,112402010.6
2019-08-31T00:00:00Z,112402010.6
2019-08-30T00:00:00Z,112402010.6
2019-08-29T00:00:00Z,112402010.6
2019-08-28T00:00:00Z,112402010.6
2019-08-27T00:00:00Z,112402010.6
2019-08-26T00:00:00Z,112402010.6
2019-08-25T00:00:00Z,112402010.6
2019-08-24T00:00:00Z,112402010.6
2019-08-23T00:00:00Z,112402010.6
2019-08-22T00:00:00Z,112402010.6
2019-08-21T00:00:00Z,112402010.6
2019-08-20T00:00:00Z,112402010.6
2019-08-19T00:00:00Z,112402010.6
2019-08-18T00:00:00Z,112402010.6
2019-08-17T00:00:00Z,112402010.6
2019-08-16T00:00:00Z,112402010.6
2019-08-15T00:00:00Z,112402010.6
2019-08-14T00:00:00Z,112402010.6
2019-08-13T00:00:00Z,112402010.6
2019-08-12T00:00:00Z,112402010.6
2019-08-11T00:00:00Z,112402010.6
2019-08-10T00:00:00Z,112402010.6
2019-08-09T00:00:00Z,112402010.6
2019-08-08T00:00:00Z,112402010.6
2019-08-07T00:00:00Z,107402010.6
2019-08-06T00:00:00Z,107402010.6
2019-08-05T00:00:00Z,107402010.6
2019-08-04T00:00:00Z,107402010.6
2019-08-03T00:00:00Z,107402010.6
2019-08-02T00:00:00Z,107402010.6
2019-08-01T00:00:00Z,107402010.6
2019-07-31T00:00:00Z,107402010.6
2019-07-30T00:00:00Z,99902010.6
2019-07-29T00:00:00Z,99902010.6
2019-07-28T00:00:00Z,99902010.6
2019-07-27T00:00:00Z,99902010.6
2019-07-26T00:00:00Z,99902010.6
2019-07-25T00:00:00Z,99902010.6
2019-07-24T00:00:00Z,99902010.6
2019-07-23T00:00:00Z,99902010.6
2019-07-22T00:00:00Z,99902010.6
2019-07-21T00:00:00Z,99902010.6
2019-07-20T00:00:00Z,99902010.6
2019-07-19T00:00:00Z,99902010.6
2019-07-18T00:00:00Z,87902010.6
2019-07-17T00:00:00Z,87902010.6
2019-07-16T00:00:00Z,87902010.6
2019-07-15T00:00:00Z,87902010.6
2019-07-14T00:00:00Z,87902010.6
2019-07-13T00:00:00Z,87902010.6
2019-07-12T00:00:00Z,87902010.6
2019-07-11T00:00:00Z,87902010.6
2019-07-10T00:00:00Z,87902010.6
2019-07-09T00:00:00Z,87902010.6
2019-07-08T00:00:00Z,87902010.6
2019-07-07T00:00:00Z,87902010.6
2019-07-06T00:00:00Z,87902010.6
2019-07-05T00:00:00Z,87902010.6
2019-07-04T00:00:00Z,87902010.6
2019-07-03T00:00:00Z,87902010.6
2019-07-02T00:00:00Z,87902010.6
2019-07-01T00:00:00Z,87902010.6
