Datetime,Reserve
2026-05-14T00:00:00Z,5626276156.669686
2026-05-13T00:00:00Z,5645388719.3034
2026-05-12T00:00:00Z,5539265979.261312
2026-05-11T00:00:00Z,5734191358.878926
2026-05-10T00:00:00Z,5739496650.183644
2026-05-09T00:00:00Z,5786923473.982009
2026-05-08T00:00:00Z,5737380096.931445
2026-05-07T00:00:00Z,5233635330.085786
2026-05-06T00:00:00Z,5322902019.577864
2026-05-05T00:00:00Z,5419982698.498229
2026-05-04T00:00:00Z,5556393456.160541
2026-05-03T00:00:00Z,5434904874.3716
2026-05-02T00:00:00Z,5473871031.457265
2026-05-01T00:00:00Z,5377149628.241581
2026-04-30T00:00:00Z,4979674158.196593
2026-04-29T00:00:00Z,3823624471.796313
2026-04-28T00:00:00Z,3792085434.026685
2026-04-27T00:00:00Z,4078902485.381197
2026-04-26T00:00:00Z,4208991617.6627846
2026-04-25T00:00:00Z,4200659709.385036
2026-04-24T00:00:00Z,4160171960.681186
2026-04-23T00:00:00Z,4159661243.77001
2026-04-22T00:00:00Z,4235466783.3861103
2026-04-21T00:00:00Z,4354179501.142252
2026-04-20T00:00:00Z,4665024656.6215925
2026-04-19T00:00:00Z,4540103423.583066
2026-04-18T00:00:00Z,4656354631.342281
2026-04-17T00:00:00Z,4706455712.183196
2026-04-16T00:00:00Z,4724177677.348335
2026-04-15T00:00:00Z,4848562264.553945
2026-04-14T00:00:00Z,4438329285.423472
2026-04-13T00:00:00Z,4656773719.110833
2026-04-12T00:00:00Z,4811942267.940621
2026-04-11T00:00:00Z,4876087466.171326
2026-04-10T00:00:00Z,4912750501.813936
2026-04-09T00:00:00Z,4935568278.134085
2026-04-08T00:00:00Z,5084613481.51351
2026-04-07T00:00:00Z,5342198365.260905
2026-04-06T00:00:00Z,5993751638.599602
2026-04-05T00:00:00Z,6288687771.653971
2026-04-04T00:00:00Z,6331620285.633126
2026-04-03T00:00:00Z,6335236344.506766
2026-04-02T00:00:00Z,6557696644.023978
2026-04-01T00:00:00Z,6530499427.163305
2026-03-31T00:00:00Z,6732114158.889558
2026-03-30T00:00:00Z,6820379328.734411
2026-03-29T00:00:00Z,6989341793.751243
2026-03-28T00:00:00Z,6975989102.665129
2026-03-27T00:00:00Z,6990634868.24768
2026-03-26T00:00:00Z,6889655325.934573
2026-03-25T00:00:00Z,7033899329.102839
2026-03-24T00:00:00Z,7185229207.2466
2026-03-23T00:00:00Z,7467602706.408756
2026-03-22T00:00:00Z,7529721427.720837
2026-03-21T00:00:00Z,7613385043.745302
2026-03-20T00:00:00Z,7603976788.664149
2026-03-19T00:00:00Z,7431822271.534716
2026-03-18T00:00:00Z,7365275359.349496
2026-03-17T00:00:00Z,6455883230.801008
2026-03-16T00:00:00Z,8033761463.491178
2026-03-15T00:00:00Z,8243374001.301438
2026-03-14T00:00:00Z,8231169330.058861
2026-03-13T00:00:00Z,8277014308.849875
2026-03-12T00:00:00Z,8452962649.993923
2026-03-11T00:00:00Z,8457128430.717663
2026-03-10T00:00:00Z,8627472648.540522
2026-03-09T00:00:00Z,8784200170.275703
2026-03-08T00:00:00Z,9075652437.46511
2026-03-07T00:00:00Z,9063295972.966152
2026-03-06T00:00:00Z,8976183050.822645
2026-03-05T00:00:00Z,8955400454.779123
2026-03-04T00:00:00Z,8536404364.685323
2026-03-03T00:00:00Z,8500754200.759558
2026-03-02T00:00:00Z,8607809616.493301
2026-03-01T00:00:00Z,8654980635.227427
2026-02-28T00:00:00Z,8640988594.558128
2026-02-27T00:00:00Z,8466770754.844151
2026-02-26T00:00:00Z,8425084614.826821
2026-02-25T00:00:00Z,8341448493.596561
2026-02-24T00:00:00Z,8500275251.737512
2026-02-23T00:00:00Z,8713864458.371315
2026-02-22T00:00:00Z,8464480718.359189
2026-02-21T00:00:00Z,8569303458.122283
2026-02-20T00:00:00Z,8715160673.83049
2026-02-19T00:00:00Z,7778442020.100901
2026-02-18T00:00:00Z,8134757021.428737
2026-02-17T00:00:00Z,8235386362.8234005
2026-02-16T00:00:00Z,8549742433.569564
2026-02-15T00:00:00Z,8675524080.129005
2026-02-14T00:00:00Z,8620892109.240137
2026-02-13T00:00:00Z,8680748953.035858
2026-02-12T00:00:00Z,8958905706.931822
2026-02-11T00:00:00Z,9701709298.93893
2026-02-10T00:00:00Z,9738497587.629177
2026-02-09T00:00:00Z,9600059629.870382
2026-02-08T00:00:00Z,9803870701.644331
2026-02-07T00:00:00Z,9715700169.943794
2026-02-06T00:00:00Z,9452041140.571037
2026-02-05T00:00:00Z,7785757142.591648
2026-02-04T00:00:00Z,7329457750.035178
2026-02-03T00:00:00Z,7141288621.267211
2026-02-02T00:00:00Z,6280740302.3713875
2026-02-01T00:00:00Z,6155181892.255725
2026-01-31T00:00:00Z,5973644687.260848
2026-01-30T00:00:00Z,5774192834.78682
2026-01-29T00:00:00Z,5537647589.3878765
2026-01-28T00:00:00Z,5358644170.6742935
2026-01-27T00:00:00Z,5461582663.910092
2026-01-26T00:00:00Z,5655002180.666219
2026-01-25T00:00:00Z,5607878288.571486
2026-01-24T00:00:00Z,5648619900.659004
2026-01-23T00:00:00Z,5652518273.552712
2026-01-22T00:00:00Z,5693856902.1607
2026-01-21T00:00:00Z,5734073107.638358
2026-01-20T00:00:00Z,5909443915.829381
2026-01-19T00:00:00Z,4499159136.480361
2026-01-18T00:00:00Z,4550620266.777215
2026-01-17T00:00:00Z,4521872242.474801
2026-01-16T00:00:00Z,4647670529.752554
2026-01-15T00:00:00Z,4736259393.597228
2026-01-14T00:00:00Z,4293714617.631559
2026-01-13T00:00:00Z,4397896076.046017
2026-01-12T00:00:00Z,4477835488.888854
2026-01-11T00:00:00Z,4605213204.197922
2026-01-10T00:00:00Z,4633806962.768405
2026-01-09T00:00:00Z,4794770517.185166
2026-01-08T00:00:00Z,4314113247.025188
2026-01-07T00:00:00Z,3551544553.7581115
2026-01-06T00:00:00Z,3515528530.272571
2026-01-05T00:00:00Z,3432958622.624783
2026-01-04T00:00:00Z,3481353340.3013325
2026-01-03T00:00:00Z,3575022097.7168145
2026-01-02T00:00:00Z,3904893602.570971
2026-01-01T00:00:00Z,4144095148.5477333
2025-12-31T00:00:00Z,4215125415.190877
2025-12-30T00:00:00Z,4302116656.332035
2025-12-29T00:00:00Z,3050671893.119266
2025-12-28T00:00:00Z,3163082793.4681306
2025-12-27T00:00:00Z,3194243541.5379624
2025-12-26T00:00:00Z,3208318348.9451094
2025-12-25T00:00:00Z,3417377869.8304358
2025-12-24T00:00:00Z,3467810564.1630216
2025-12-23T00:00:00Z,3721948925.019203
2025-12-22T00:00:00Z,3894052992.2128806
2025-12-21T00:00:00Z,3987938609.4662995
2025-12-20T00:00:00Z,4121277895.5890026
2025-12-19T00:00:00Z,4328551470.121282
2025-12-18T00:00:00Z,4723934154.982627
2025-12-17T00:00:00Z,4614993585.598894
2025-12-16T00:00:00Z,4835877115.9269905
2025-12-15T00:00:00Z,4737400711.4761305
2025-12-14T00:00:00Z,4688134595.201177
2025-12-13T00:00:00Z,4864985330.900833
2025-12-12T00:00:00Z,4902910123.457545
2025-12-11T00:00:00Z,4901478092.184472
2025-12-10T00:00:00Z,4947525316.439011
2025-12-09T00:00:00Z,4873688317.297247
2025-12-08T00:00:00Z,5071217359.030356
2025-12-07T00:00:00Z,4065509360.44542
2025-12-06T00:00:00Z,4014864550.7125597
2025-12-05T00:00:00Z,3645431723.8944387
2025-12-04T00:00:00Z,3705196961.932169
2025-12-03T00:00:00Z,3956729327.679358
2025-12-02T00:00:00Z,4229385003.528952
2025-12-01T00:00:00Z,3571256929.9058228
2025-11-30T00:00:00Z,3753006436.1097097
2025-11-29T00:00:00Z,3845537762.464625
2025-11-28T00:00:00Z,3847994283.430982
2025-11-27T00:00:00Z,3215724871.696371
2025-11-26T00:00:00Z,3342546170.065583
2025-11-25T00:00:00Z,4006669290.757433
2025-11-24T00:00:00Z,4157274799.409834
2025-11-23T00:00:00Z,4221143035.1232343
2025-11-22T00:00:00Z,4089986692.288118
2025-11-21T00:00:00Z,4205354002.55528
2025-11-20T00:00:00Z,4155209032.7521033
2025-11-19T00:00:00Z,4259613445.8726673
2025-11-18T00:00:00Z,4385866187.10882
2025-11-17T00:00:00Z,4696398107.824019
2025-11-16T00:00:00Z,4903245079.47242
2025-11-15T00:00:00Z,3381484573.26712
2025-11-14T00:00:00Z,3279171596.9240446
2025-11-13T00:00:00Z,3153786899.4091587
2025-11-12T00:00:00Z,3389374903.7442718
2025-11-11T00:00:00Z,3399499163.1551356
2025-11-10T00:00:00Z,3557929670.788091
2025-11-09T00:00:00Z,3933569702.505182
2025-11-08T00:00:00Z,4031287600.8665423
2025-11-07T00:00:00Z,4126477135.2766056
2025-11-06T00:00:00Z,4475831800.406843
2025-11-05T00:00:00Z,4550512710.17197
2025-11-04T00:00:00Z,4532235445.081638
2025-11-03T00:00:00Z,4298100898.658472
2025-11-02T00:00:00Z,4111395665.705296
2025-11-01T00:00:00Z,4191635944.111671
2025-10-31T00:00:00Z,4231584706.0147266
2025-10-30T00:00:00Z,4537752993.016294
2025-10-29T00:00:00Z,4303387857.647467
2025-10-28T00:00:00Z,4406149161.274387
2025-10-27T00:00:00Z,4571326456.194573
2025-10-26T00:00:00Z,5103373448.140444
2025-10-25T00:00:00Z,5256372598.442943
2025-10-24T00:00:00Z,5318286774.400499
2025-10-23T00:00:00Z,5684283611.203055
2025-10-22T00:00:00Z,5994050821.080364
2025-10-21T00:00:00Z,4878157961.811449
2025-10-20T00:00:00Z,5206141502.874903
2025-10-19T00:00:00Z,5419681146.639527
2025-10-18T00:00:00Z,5618849074.033961
2025-10-17T00:00:00Z,5645448101.711382
2025-10-16T00:00:00Z,5523704949.795848
2025-10-15T00:00:00Z,5672647930.619609
2025-10-14T00:00:00Z,5796523480.625707
2025-10-13T00:00:00Z,5651355256.467973
2025-10-12T00:00:00Z,5943409800.539683
2025-10-11T00:00:00Z,5885296857.116644
2025-10-10T00:00:00Z,5221839803.487803
2025-10-09T00:00:00Z,4560221088.972146
2025-10-08T00:00:00Z,3400744413.751228
2025-10-07T00:00:00Z,3342041701.7121525
2025-10-06T00:00:00Z,3382083827.7698956
2025-10-05T00:00:00Z,3569389242.60726
2025-10-04T00:00:00Z,3598521047.9125056
2025-10-03T00:00:00Z,3624305137.032923
2025-10-02T00:00:00Z,3705091865.1724434
2025-10-01T00:00:00Z,3785727079.8829613
2025-09-30T00:00:00Z,4161048373.664796
2025-09-29T00:00:00Z,4350937775.583731
2025-09-28T00:00:00Z,4597502693.720379
2025-09-27T00:00:00Z,4543060127.140804
2025-09-26T00:00:00Z,4652406039.875892
2025-09-25T00:00:00Z,4615808110.70427
2025-09-24T00:00:00Z,4499838650.1416445
2025-09-23T00:00:00Z,4583500381.254451
2025-09-22T00:00:00Z,4615564891.432562
2025-09-21T00:00:00Z,4283664864.834753
2025-09-20T00:00:00Z,4226555269.0618234
2025-09-19T00:00:00Z,4388751044.934215
2025-09-18T00:00:00Z,4696559232.932953
2025-09-17T00:00:00Z,4895382237.879732
2025-09-16T00:00:00Z,5054997349.499996
2025-09-15T00:00:00Z,6223459914.317275
2025-09-14T00:00:00Z,6131753578.845121
2025-09-13T00:00:00Z,6171072432.108248
2025-09-12T00:00:00Z,6545112243.972018
2025-09-11T00:00:00Z,6750892902.045962
2025-09-10T00:00:00Z,7103410604.080509
2025-09-09T00:00:00Z,7376656227.375794
2025-09-08T00:00:00Z,7438187669.352753
2025-09-07T00:00:00Z,7724721091.362556
2025-09-06T00:00:00Z,7860970788.689384
2025-09-05T00:00:00Z,7944473148.423996
2025-09-04T00:00:00Z,8175215972.945238
2025-09-03T00:00:00Z,10331333059.06815
2025-09-02T00:00:00Z,10602675327.747324
2025-09-01T00:00:00Z,9522368555.64309
2025-08-31T00:00:00Z,9493145650.969461
2025-08-30T00:00:00Z,9588345555.933958
2025-08-29T00:00:00Z,9630565639.939466
2025-08-28T00:00:00Z,9842595938.122849
2025-08-27T00:00:00Z,11083236379.858866
2025-08-26T00:00:00Z,11379105724.834879
2025-08-25T00:00:00Z,11428324653.905396
2025-08-24T00:00:00Z,11410028168.492477
2025-08-23T00:00:00Z,11475688820.539059
2025-08-22T00:00:00Z,11596084480.620699
2025-08-21T00:00:00Z,11608872404.644606
2025-08-20T00:00:00Z,11819416106.953732
2025-08-19T00:00:00Z,11873635314.916971
2025-08-18T00:00:00Z,11945479965.032753
2025-08-17T00:00:00Z,11730399318.755081
2025-08-16T00:00:00Z,11704161549.582567
2025-08-15T00:00:00Z,11503054986.205862
2025-08-14T00:00:00Z,10998427664.692827
2025-08-13T00:00:00Z,10930101310.900492
2025-08-12T00:00:00Z,11045584954.876074
2025-08-11T00:00:00Z,11239121933.475456
2025-08-10T00:00:00Z,11584478128.982092
2025-08-09T00:00:00Z,11708067908.41862
2025-08-08T00:00:00Z,11933795269.285198
2025-08-07T00:00:00Z,12132011153.46734
2025-08-06T00:00:00Z,12249313066.865301
2025-08-05T00:00:00Z,12466179583.568926
2025-08-04T00:00:00Z,12354270324.847338
2025-08-03T00:00:00Z,12441648187.675001
2025-08-02T00:00:00Z,12477081084.505823
2025-08-01T00:00:00Z,12438054475.988592
2025-07-31T00:00:00Z,12285908283.933483
2025-07-30T00:00:00Z,12237596602.929184
2025-07-29T00:00:00Z,12082577950.692003
2025-07-28T00:00:00Z,12112259698.359936
2025-07-27T00:00:00Z,11974678904.182087
2025-07-26T00:00:00Z,11995886008.946167
2025-07-25T00:00:00Z,11924871608.520561
2025-07-24T00:00:00Z,11742405129.060839
2025-07-23T00:00:00Z,11682929107.144417
2025-07-22T00:00:00Z,11328768301.18689
2025-07-21T00:00:00Z,11468228693.96951
2025-07-20T00:00:00Z,11443997156.361649
2025-07-19T00:00:00Z,11632397100.298584
2025-07-18T00:00:00Z,11740621971.030022
2025-07-17T00:00:00Z,11262876295.639406
2025-07-16T00:00:00Z,11730783264.553959
2025-07-15T00:00:00Z,12589641641.383398
2025-07-14T00:00:00Z,12278622113.17175
2025-07-13T00:00:00Z,12301165182.363262
2025-07-12T00:00:00Z,12257727045.347666
2025-07-11T00:00:00Z,12190084103.287985
2025-07-10T00:00:00Z,12453624130.775478
2025-07-09T00:00:00Z,12664960346.801868
2025-07-08T00:00:00Z,12781800682.636019
2025-07-07T00:00:00Z,12868687624.083326
2025-07-06T00:00:00Z,12900290884.122044
2025-07-05T00:00:00Z,12924084878.235376
2025-07-04T00:00:00Z,12911197332.265154
2025-07-03T00:00:00Z,12815626376.51238
2025-07-02T00:00:00Z,12928875448.122437
2025-07-01T00:00:00Z,13104138270.043814
2025-06-30T00:00:00Z,13187565196.805145
2025-06-29T00:00:00Z,13659489709.783768
2025-06-28T00:00:00Z,13724428473.724457
2025-06-27T00:00:00Z,13768576396.39798
2025-06-26T00:00:00Z,13885118745.831964
2025-06-25T00:00:00Z,13631081085.28535
2025-06-24T00:00:00Z,13647558273.021294
2025-06-23T00:00:00Z,13930732095.881073
2025-06-22T00:00:00Z,12729506621.239351
2025-06-21T00:00:00Z,11912831184.190704
2025-06-20T00:00:00Z,11825146075.013533
2025-06-19T00:00:00Z,11737488218.982748
2025-06-18T00:00:00Z,11917688275.555185
2025-06-17T00:00:00Z,11954930110.129543
2025-06-16T00:00:00Z,12087213737.29569
2025-06-15T00:00:00Z,12251957711.275644
2025-06-14T00:00:00Z,12263901641.003998
2025-06-13T00:00:00Z,12312596640.046696
2025-06-12T00:00:00Z,12053757496.714382
2025-06-11T00:00:00Z,12149788639.662628
2025-06-10T00:00:00Z,12269298174.719978
2025-06-09T00:00:00Z,12384083611.657843
2025-06-08T00:00:00Z,11636642377.084827
2025-06-07T00:00:00Z,11700091656.355396
2025-06-06T00:00:00Z,11510750818.58886
2025-06-05T00:00:00Z,11346036065.38869
2025-06-04T00:00:00Z,11090085675.244291
2025-06-03T00:00:00Z,11154407826.704958
2025-06-02T00:00:00Z,11201848624.825256
2025-06-01T00:00:00Z,11529475986.746893
2025-05-31T00:00:00Z,11408496803.485662
2025-05-30T00:00:00Z,11228137695.849272
2025-05-29T00:00:00Z,11379855671.670662
2025-05-28T00:00:00Z,11438714488.507565
2025-05-27T00:00:00Z,11430381361.118406
2025-05-26T00:00:00Z,11594400465.403427
2025-05-25T00:00:00Z,11623969761.065657
2025-05-24T00:00:00Z,11575518961.180586
2025-05-23T00:00:00Z,11632518781.045406
2025-05-22T00:00:00Z,11375668313.189991
2025-05-21T00:00:00Z,11861026692.915617
2025-05-20T00:00:00Z,11550277565.978676
2025-05-19T00:00:00Z,11645707067.468729
2025-05-18T00:00:00Z,11347426019.039799
2025-05-17T00:00:00Z,11384519577.665375
2025-05-16T00:00:00Z,11505441708.684868
2025-05-15T00:00:00Z,11453873507.376585
2025-05-14T00:00:00Z,10006560666.00676
2025-05-13T00:00:00Z,9891437777.90252
2025-05-12T00:00:00Z,9606652185.902176
2025-05-11T00:00:00Z,9780643297.448595
2025-05-10T00:00:00Z,9833526703.826935
2025-05-09T00:00:00Z,10039008006.65091
2025-05-08T00:00:00Z,10089549322.470274
2025-05-07T00:00:00Z,10304620020.112484
2025-05-06T00:00:00Z,9496335166.132689
2025-05-05T00:00:00Z,9568601449.665617
2025-05-04T00:00:00Z,9524323456.827824
2025-05-03T00:00:00Z,9408191998.545547
2025-05-02T00:00:00Z,9265121864.954185
2025-05-01T00:00:00Z,9172214406.064959
2025-04-30T00:00:00Z,9342080115.545849
2025-04-29T00:00:00Z,9134724827.40872
2025-04-28T00:00:00Z,9189502116.229061
2025-04-27T00:00:00Z,9362075454.634563
2025-04-26T00:00:00Z,9323654358.296125
2025-04-25T00:00:00Z,9304941654.419355
2025-04-24T00:00:00Z,9390804306.96572
2025-04-23T00:00:00Z,9359761292.37758
2025-04-22T00:00:00Z,9382425445.300602
2025-04-21T00:00:00Z,9329402917.740648
2025-04-20T00:00:00Z,8440752706.148659
2025-04-19T00:00:00Z,8506235972.715944
2025-04-18T00:00:00Z,8613840536.592527
2025-04-17T00:00:00Z,8536140083.383827
2025-04-16T00:00:00Z,8826540169.428768
2025-04-15T00:00:00Z,8901087432.58065
2025-04-14T00:00:00Z,8979970536.067963
2025-04-13T00:00:00Z,8918769669.72572
2025-04-12T00:00:00Z,8949920688.013624
2025-04-11T00:00:00Z,8349068980.249216
2025-04-10T00:00:00Z,8477213442.674675
2025-04-09T00:00:00Z,8706994291.895891
2025-04-08T00:00:00Z,8555520806.362191
2025-04-07T00:00:00Z,8371252091.810789
2025-04-06T00:00:00Z,7847972082.773627
2025-04-05T00:00:00Z,7559663437.166357
2025-04-04T00:00:00Z,7396709957.319633
2025-04-03T00:00:00Z,7527344365.541601
2025-04-02T00:00:00Z,7245323888.049035
2025-04-01T00:00:00Z,7024308476.683592
2025-03-31T00:00:00Z,6807237078.320363
2025-03-30T00:00:00Z,7240999106.72435
2025-03-29T00:00:00Z,6259139277.714671
2025-03-28T00:00:00Z,6176557868.266284
2025-03-27T00:00:00Z,6036302034.096879
2025-03-26T00:00:00Z,6158692896.942423
2025-03-25T00:00:00Z,5862520562.669749
2025-03-24T00:00:00Z,5937099799.868585
2025-03-23T00:00:00Z,6124021191.455127
2025-03-22T00:00:00Z,6162257512.573772
2025-03-21T00:00:00Z,6222583074.554063
2025-03-20T00:00:00Z,6250687306.141023
2025-03-19T00:00:00Z,6205176595.094902
2025-03-18T00:00:00Z,5443102974.785371
2025-03-17T00:00:00Z,5451391329.0917015
2025-03-16T00:00:00Z,5652562274.651307
2025-03-15T00:00:00Z,5586936009.456703
2025-03-14T00:00:00Z,5471880941.020656
2025-03-13T00:00:00Z,5733887441.8316145
2025-03-12T00:00:00Z,5921116174.509624
2025-03-11T00:00:00Z,6246933938.542826
2025-03-10T00:00:00Z,6492929079.414735
2025-03-09T00:00:00Z,6392736435.454593
2025-03-08T00:00:00Z,6288210038.571828
2025-03-07T00:00:00Z,6422482664.276724
2025-03-06T00:00:00Z,6497237180.665801
2025-03-05T00:00:00Z,6915767681.360114
2025-03-04T00:00:00Z,7139668860.370572
2025-03-03T00:00:00Z,7016643195.514443
2025-03-02T00:00:00Z,7006657589.962633
2025-03-01T00:00:00Z,7092322661.944182
2025-02-28T00:00:00Z,7073921944.742079
2025-02-27T00:00:00Z,6802003592.16459
2025-02-26T00:00:00Z,6650593900.068777
2025-02-25T00:00:00Z,6447560651.074077
2025-02-24T00:00:00Z,5958351106.934628
2025-02-23T00:00:00Z,6148886450.496593
2025-02-22T00:00:00Z,6322441757.790462
2025-02-21T00:00:00Z,6192184282.906983
2025-02-20T00:00:00Z,6306006584.637713
2025-02-19T00:00:00Z,6538716372.084017
2025-02-18T00:00:00Z,6779227018.172292
2025-02-17T00:00:00Z,6584464268.610403
2025-02-16T00:00:00Z,6433586746.068722
2025-02-15T00:00:00Z,6418383135.934735
2025-02-14T00:00:00Z,6510646928.601034
2025-02-13T00:00:00Z,6562115247.930225
2025-02-12T00:00:00Z,6515325830.109104
2025-02-11T00:00:00Z,6703738243.217767
2025-02-10T00:00:00Z,6770030609.791298
2025-02-09T00:00:00Z,6873819187.351597
2025-02-08T00:00:00Z,7040799520.7132845
2025-02-07T00:00:00Z,6939174287.301287
2025-02-06T00:00:00Z,7055188847.595975
2025-02-05T00:00:00Z,7073788989.887488
2025-02-04T00:00:00Z,7226899840.278881
2025-02-03T00:00:00Z,6844388130.008885
2025-02-02T00:00:00Z,5498957916.433566
2025-02-01T00:00:00Z,5040041164.184051
2025-01-31T00:00:00Z,4968286145.764607
2025-01-30T00:00:00Z,5098106696.617663
2025-01-29T00:00:00Z,5410223710.036277
2025-01-28T00:00:00Z,5507086003.977929
2025-01-27T00:00:00Z,5563869910.147129
2025-01-26T00:00:00Z,4729525716.879019
2025-01-25T00:00:00Z,4965645667.852061
2025-01-24T00:00:00Z,5004186326.54801
2025-01-23T00:00:00Z,4966295792.061554
2025-01-22T00:00:00Z,4738320375.4337635
2025-01-21T00:00:00Z,4958459752.933195
2025-01-20T00:00:00Z,5027287387.4576235
2025-01-19T00:00:00Z,4819464162.152389
2025-01-18T00:00:00Z,4422390358.16621
2025-01-17T00:00:00Z,4268241531.7876973
2025-01-16T00:00:00Z,3998076927.858287
2025-01-15T00:00:00Z,4004755635.6838923
2025-01-14T00:00:00Z,4236864887.1739297
2025-01-13T00:00:00Z,4462919579.852231
2025-01-12T00:00:00Z,4274991973.461626
2025-01-11T00:00:00Z,4335963664.858905
2025-01-10T00:00:00Z,4223385970.497928
2025-01-09T00:00:00Z,4147167207.281394
2025-01-08T00:00:00Z,4156401809.2347283
2025-01-07T00:00:00Z,3847879302.8528824
2025-01-06T00:00:00Z,3436895632.844162
2025-01-05T00:00:00Z,2842738329.6263123
2025-01-04T00:00:00Z,3077022732.5404687
2025-01-03T00:00:00Z,3054187123.957457
2025-01-02T00:00:00Z,3108430793.7994475
2025-01-01T00:00:00Z,3210930326.9328227
2024-12-31T00:00:00Z,3074816214.723812
2024-12-30T00:00:00Z,3087896230.2044363
2024-12-29T00:00:00Z,4404887644.251951
2024-12-28T00:00:00Z,4419905249.646231
2024-12-27T00:00:00Z,4552587040.885538
2024-12-26T00:00:00Z,4959113306.423381
2024-12-25T00:00:00Z,4885066988.352303
2024-12-24T00:00:00Z,4981855799.198885
2024-12-23T00:00:00Z,5169699249.18985
2024-12-22T00:00:00Z,5184342573.635975
2024-12-21T00:00:00Z,5147673582.978994
2024-12-20T00:00:00Z,5091768949.503523
2024-12-19T00:00:00Z,5079127241.897439
2024-12-18T00:00:00Z,4798745106.707361
2024-12-17T00:00:00Z,4490233195.063225
2024-12-16T00:00:00Z,4370457584.464417
2024-12-15T00:00:00Z,4730687257.2570915
2024-12-14T00:00:00Z,4893414575.886166
2024-12-13T00:00:00Z,4987623020.246442
2024-12-12T00:00:00Z,5296793055.268447
2024-12-11T00:00:00Z,5163746313.789103
2024-12-10T00:00:00Z,5514148162.798136
2024-12-09T00:00:00Z,4992807578.708589
2024-12-08T00:00:00Z,4758820501.160141
2024-12-07T00:00:00Z,4771195240.385926
2024-12-06T00:00:00Z,5072363615.531678
2024-12-05T00:00:00Z,5082845089.89378
2024-12-04T00:00:00Z,5001727911.300333
2024-12-03T00:00:00Z,5277173049.778704
2024-12-02T00:00:00Z,3253174237.693127
2024-12-01T00:00:00Z,3300931164.2749677
2024-11-30T00:00:00Z,3447588542.8254256
2024-11-29T00:00:00Z,3346715712.4056263
2024-11-28T00:00:00Z,3803606312.778198
2024-11-27T00:00:00Z,4522650477.360389
2024-11-26T00:00:00Z,4572484239.985189
2024-11-25T00:00:00Z,4583871716.378147
2024-11-24T00:00:00Z,4733267125.86233
2024-11-23T00:00:00Z,4814461347.594707
2024-11-22T00:00:00Z,4979794578.488498
2024-11-21T00:00:00Z,5257991579.415295
2024-11-20T00:00:00Z,5366171674.7275505
2024-11-19T00:00:00Z,5383702184.217248
2024-11-18T00:00:00Z,5234659465.085268
2024-11-17T00:00:00Z,6703276134.441033
2024-11-16T00:00:00Z,6776710648.540886
2024-11-15T00:00:00Z,6885716437.832926
2024-11-14T00:00:00Z,6916399779.487797
2024-11-13T00:00:00Z,6752949007.26734
2024-11-12T00:00:00Z,6604358779.689149
2024-11-11T00:00:00Z,6165001714.77263
2024-11-10T00:00:00Z,7028317854.2023115
2024-11-09T00:00:00Z,7123799383.363897
2024-11-08T00:00:00Z,7368544236.690089
2024-11-07T00:00:00Z,7253617729.728981
2024-11-06T00:00:00Z,7294697880.979306
2024-11-05T00:00:00Z,8456309390.619736
2024-11-04T00:00:00Z,8508751966.008627
2024-11-03T00:00:00Z,8654610102.368536
2024-11-02T00:00:00Z,8622124803.57931
2024-11-01T00:00:00Z,8650575412.93893
2024-10-31T00:00:00Z,8592242843.423203
2024-10-30T00:00:00Z,8615902200.76045
2024-10-29T00:00:00Z,8562375427.144736
2024-10-28T00:00:00Z,8632854974.352602
2024-10-27T00:00:00Z,8942945771.338799
2024-10-26T00:00:00Z,9000242103.583532
2024-10-25T00:00:00Z,8915417626.541138
2024-10-24T00:00:00Z,8909354430.762287
2024-10-23T00:00:00Z,8917620272.100117
2024-10-22T00:00:00Z,8991938061.935982
2024-10-21T00:00:00Z,8829049244.323645
2024-10-20T00:00:00Z,8772901497.469315
2024-10-19T00:00:00Z,8836002555.013334
2024-10-18T00:00:00Z,8897841424.593891
2024-10-17T00:00:00Z,9181982842.22723
2024-10-16T00:00:00Z,9168559090.704506
2024-10-15T00:00:00Z,9221460108.425121
2024-10-14T00:00:00Z,9133722039.993061
2024-10-13T00:00:00Z,9359627646.463272
2024-10-12T00:00:00Z,9400549453.124207
2024-10-11T00:00:00Z,9526824213.3513
2024-10-10T00:00:00Z,9668542677.542051
2024-10-09T00:00:00Z,9439929438.899881
2024-10-08T00:00:00Z,9432085151.019953
2024-10-07T00:00:00Z,9400779127.462559
2024-10-06T00:00:00Z,9327707616.54927
2024-10-05T00:00:00Z,9373979142.131853
2024-10-04T00:00:00Z,9445853618.06767
2024-10-03T00:00:00Z,9427434299.043293
2024-10-02T00:00:00Z,9386395472.910326
2024-10-01T00:00:00Z,9251758733.050428
2024-09-30T00:00:00Z,9101616891.215271
2024-09-29T00:00:00Z,9243917582.20973
2024-09-28T00:00:00Z,9285560612.501707
2024-09-27T00:00:00Z,9410608696.977484
2024-09-26T00:00:00Z,9578544928.054653
2024-09-25T00:00:00Z,9658813493.705427
2024-09-24T00:00:00Z,9768972496.00689
2024-09-23T00:00:00Z,9913279589.420507
2024-09-22T00:00:00Z,9971022871.40356
2024-09-21T00:00:00Z,10001264794.843287
2024-09-20T00:00:00Z,10145959945.966228
2024-09-19T00:00:00Z,10228941783.117626
2024-09-18T00:00:00Z,10295916971.731163
2024-09-17T00:00:00Z,10375128606.515495
2024-09-16T00:00:00Z,10646976996.470457
2024-09-15T00:00:00Z,10623103152.62861
2024-09-14T00:00:00Z,10670138022.605927
2024-09-13T00:00:00Z,10713850815.766712
2024-09-12T00:00:00Z,10843653644.116026
2024-09-11T00:00:00Z,10990312412.5113
2024-09-10T00:00:00Z,11012772117.506596
2024-09-09T00:00:00Z,11059002364.168633
2024-09-08T00:00:00Z,11026901744.128092
2024-09-07T00:00:00Z,11068050143.184994
2024-09-06T00:00:00Z,11066683362.500925
2024-09-05T00:00:00Z,10948771883.023092
2024-09-04T00:00:00Z,10929813572.394926
2024-09-03T00:00:00Z,11035025482.162092
2024-09-02T00:00:00Z,11023624009.749363
2024-09-01T00:00:00Z,11230181309.978765
2024-08-31T00:00:00Z,11224885361.307413
2024-08-30T00:00:00Z,11393604436.961437
2024-08-29T00:00:00Z,11330787113.072575
2024-08-28T00:00:00Z,11393626260.634447
2024-08-27T00:00:00Z,11364695685.64862
2024-08-26T00:00:00Z,11368541408.34349
2024-08-25T00:00:00Z,11537844039.743586
2024-08-24T00:00:00Z,11703572295.405981
2024-08-23T00:00:00Z,11845158658.338013
2024-08-22T00:00:00Z,11992049567.866455
2024-08-21T00:00:00Z,12197333441.732119
2024-08-20T00:00:00Z,12355832904.059849
2024-08-19T00:00:00Z,12656651579.6362
2024-08-18T00:00:00Z,12946644666.059986
2024-08-17T00:00:00Z,13025020233.06608
2024-08-16T00:00:00Z,13143242723.62941
2024-08-15T00:00:00Z,13260124141.67746
2024-08-14T00:00:00Z,13239571024.03111
2024-08-13T00:00:00Z,13365559243.698013
2024-08-12T00:00:00Z,13643373983.206928
2024-08-11T00:00:00Z,13840191210.274801
2024-08-10T00:00:00Z,13869566386.300146
2024-08-09T00:00:00Z,13942333278.753658
2024-08-08T00:00:00Z,14054717719.070177
2024-08-07T00:00:00Z,14182221552.866049
2024-08-06T00:00:00Z,14261884067.770313
2024-08-05T00:00:00Z,14137601299.676523
2024-08-04T00:00:00Z,13666012551.142199
2024-08-03T00:00:00Z,13510578183.53895
2024-08-02T00:00:00Z,13376584382.938751
2024-08-01T00:00:00Z,13299022481.703974
2024-07-31T00:00:00Z,13280022300.516827
2024-07-30T00:00:00Z,13283108825.172882
2024-07-29T00:00:00Z,13356324468.00379
2024-07-28T00:00:00Z,13454482136.049404
2024-07-27T00:00:00Z,13496458979.320723
2024-07-26T00:00:00Z,13646659455.734875
2024-07-25T00:00:00Z,13731691167.765348
2024-07-24T00:00:00Z,13766895843.177431
2024-07-23T00:00:00Z,13883908247.018147
2024-07-22T00:00:00Z,13885687837.888498
2024-07-21T00:00:00Z,13968282892.820196
2024-07-20T00:00:00Z,14036588290.347124
2024-07-19T00:00:00Z,14152263734.39538
2024-07-18T00:00:00Z,14151505398.965868
2024-07-17T00:00:00Z,14264854135.501625
2024-07-16T00:00:00Z,14381396532.439394
2024-07-15T00:00:00Z,14409836819.344631
2024-07-14T00:00:00Z,14403257399.076126
2024-07-13T00:00:00Z,14380292747.830715
2024-07-12T00:00:00Z,14473378175.910954
2024-07-11T00:00:00Z,14513547312.421139
2024-07-10T00:00:00Z,14609696260.41721
2024-07-09T00:00:00Z,14603991433.013422
2024-07-08T00:00:00Z,14647264771.121775
2024-07-07T00:00:00Z,14788059608.166454
2024-07-06T00:00:00Z,14817954926.55611
2024-07-05T00:00:00Z,14840604571.337719
2024-07-04T00:00:00Z,14686974441.504124
2024-07-03T00:00:00Z,14583155205.081697
2024-07-02T00:00:00Z,14671902488.084951
2024-07-01T00:00:00Z,14758908779.887413
2024-06-30T00:00:00Z,14867256395.77306
2024-06-29T00:00:00Z,14835537287.449999
2024-06-28T00:00:00Z,14953730141.49286
2024-06-27T00:00:00Z,14835896055.989594
2024-06-26T00:00:00Z,14898156567.355738
2024-06-25T00:00:00Z,15012590522.999262
2024-06-24T00:00:00Z,15229969911.680243
2024-06-23T00:00:00Z,15215976209.025402
2024-06-22T00:00:00Z,15257470771.593887
2024-06-21T00:00:00Z,15290817764.857912
2024-06-20T00:00:00Z,15269232411.576445
2024-06-19T00:00:00Z,15133921316.322618
2024-06-18T00:00:00Z,15193011202.668892
2024-06-17T00:00:00Z,15162007483.802818
2024-06-16T00:00:00Z,15072339884.054867
2024-06-15T00:00:00Z,15125667829.735016
2024-06-14T00:00:00Z,15060660164.725603
2024-06-13T00:00:00Z,15042934123.82279
2024-06-12T00:00:00Z,14928920379.738123
2024-06-11T00:00:00Z,14855868277.068357
2024-06-10T00:00:00Z,14700377446.192629
2024-06-09T00:00:00Z,14767118003.10637
2024-06-08T00:00:00Z,14753897103.838066
2024-06-07T00:00:00Z,14758998567.990477
2024-06-06T00:00:00Z,14613230578.398535
2024-06-05T00:00:00Z,14680703183.4676
2024-06-04T00:00:00Z,14711823863.451323
2024-06-03T00:00:00Z,14794737219.720722
2024-06-02T00:00:00Z,14746726334.308598
2024-06-01T00:00:00Z,14825803329.825445
2024-05-31T00:00:00Z,14797649177.553547
2024-05-30T00:00:00Z,14743074551.103731
2024-05-29T00:00:00Z,14961485619.206444
2024-05-28T00:00:00Z,15023556786.65054
2024-05-27T00:00:00Z,14999059146.742153
2024-05-26T00:00:00Z,15074557513.453735
2024-05-25T00:00:00Z,15154432507.599577
2024-05-24T00:00:00Z,15190447686.79408
2024-05-23T00:00:00Z,15199130619.227913
2024-05-22T00:00:00Z,15056020018.798548
2024-05-21T00:00:00Z,15242340550.432167
2024-05-20T00:00:00Z,15265170482.678982
2024-05-19T00:00:00Z,15529315001.967607
2024-05-18T00:00:00Z,15571930505.470339
2024-05-17T00:00:00Z,15640162516.396011
2024-05-16T00:00:00Z,15815742024.757563
2024-05-15T00:00:00Z,16012344688.716806
2024-05-14T00:00:00Z,16157982342.49515
2024-05-13T00:00:00Z,16257048202.163519
2024-05-12T00:00:00Z,16381587979.757494
2024-05-11T00:00:00Z,16410554790.901823
2024-05-10T00:00:00Z,16418444871.592798
2024-05-09T00:00:00Z,16224326369.172754
2024-05-08T00:00:00Z,16031236467.626787
2024-05-07T00:00:00Z,16211838036.996923
2024-05-06T00:00:00Z,16302705890.042213
2024-05-05T00:00:00Z,16437394255.402979
2024-05-04T00:00:00Z,16427806050.668106
2024-05-03T00:00:00Z,16492736179.664293
2024-05-02T00:00:00Z,16521640055.870749
2024-05-01T00:00:00Z,16636759559.747984
2024-04-30T00:00:00Z,16573532850.683733
2024-04-29T00:00:00Z,16662246440.427607
2024-04-28T00:00:00Z,16775022483.624283
2024-04-27T00:00:00Z,16881399389.830458
2024-04-26T00:00:00Z,16907773061.458235
2024-04-25T00:00:00Z,16710937547.497005
2024-04-24T00:00:00Z,16782550192.353935
2024-04-23T00:00:00Z,16809429611.591661
2024-04-22T00:00:00Z,16958722211.394653
2024-04-21T00:00:00Z,17223688334.84944
2024-04-20T00:00:00Z,17220642963.430862
2024-04-19T00:00:00Z,17135867917.040972
2024-04-18T00:00:00Z,17398204304.960632
2024-04-17T00:00:00Z,17473010283.007153
2024-04-16T00:00:00Z,17475633695.66959
2024-04-15T00:00:00Z,17240436260.524273
2024-04-14T00:00:00Z,17139719817.840393
2024-04-13T00:00:00Z,16973620378.235113
2024-04-12T00:00:00Z,16564468101.067451
2024-04-11T00:00:00Z,16292243976.058407
2024-04-10T00:00:00Z,16238648981.540735
2024-04-09T00:00:00Z,16202335512.37155
2024-04-08T00:00:00Z,16028756621.707626
2024-04-07T00:00:00Z,16106603618.88503
2024-04-06T00:00:00Z,16157102824.262953
2024-04-05T00:00:00Z,16098084487.578547
2024-04-04T00:00:00Z,16298612034.290115
2024-04-03T00:00:00Z,16045149385.235691
2024-04-02T00:00:00Z,15835481646.966354
2024-04-01T00:00:00Z,15295763488.720543
2024-03-31T00:00:00Z,15081258047.715168
2024-03-30T00:00:00Z,15062283926.157063
2024-03-29T00:00:00Z,15111692871.168427
2024-03-28T00:00:00Z,15177572761.031488
2024-03-27T00:00:00Z,15338922466.043983
2024-03-26T00:00:00Z,15388291543.866781
2024-03-25T00:00:00Z,15688567119.605442
2024-03-24T00:00:00Z,15922889558.517193
2024-03-23T00:00:00Z,15978451313.216103
2024-03-22T00:00:00Z,15962544893.125193
2024-03-21T00:00:00Z,16087502573.052023
2024-03-20T00:00:00Z,16170202326.048393
2024-03-19T00:00:00Z,16237401477.589483
2024-03-18T00:00:00Z,15923770118.595228
2024-03-17T00:00:00Z,15761366376.745958
2024-03-16T00:00:00Z,15754490121.7685
2024-03-15T00:00:00Z,15507092559.431906
2024-03-14T00:00:00Z,15288668420.620413
2024-03-13T00:00:00Z,15149172063.528162
2024-03-12T00:00:00Z,15148536461.910948
2024-03-11T00:00:00Z,15000150432.715157
2024-03-10T00:00:00Z,15072531803.661005
2024-03-09T00:00:00Z,14984970811.651407
2024-03-08T00:00:00Z,15051059151.406504
2024-03-07T00:00:00Z,14969796678.511349
2024-03-06T00:00:00Z,15034960723.80066
2024-03-05T00:00:00Z,14932057984.890182
2024-03-04T00:00:00Z,14699313279.63802
2024-03-03T00:00:00Z,14498829028.753222
2024-03-02T00:00:00Z,14515092644.71393
2024-03-01T00:00:00Z,14490992041.975769
2024-02-29T00:00:00Z,14579880034.677452
2024-02-28T00:00:00Z,14176604460.672737
2024-02-27T00:00:00Z,14137150591.156158
2024-02-26T00:00:00Z,14072843247.514172
2024-02-25T00:00:00Z,14128956682.404453
2024-02-24T00:00:00Z,14226359473.209759
2024-02-23T00:00:00Z,14303709125.66855
2024-02-22T00:00:00Z,14227623464.976255
2024-02-21T00:00:00Z,14186889469.543291
2024-02-20T00:00:00Z,13972251773.192396
2024-02-19T00:00:00Z,13980288543.290508
2024-02-18T00:00:00Z,13930610769.043411
2024-02-17T00:00:00Z,13783499036.990414
2024-02-16T00:00:00Z,13897060661.060633
2024-02-15T00:00:00Z,13782803351.851048
2024-02-14T00:00:00Z,13827527646.269855
2024-02-13T00:00:00Z,13874311731.7443
2024-02-12T00:00:00Z,13820909134.218822
2024-02-11T00:00:00Z,13686685377.063028
2024-02-10T00:00:00Z,13670987081.228115
2024-02-09T00:00:00Z,13640466860.660883
2024-02-08T00:00:00Z,13662078253.157558
2024-02-07T00:00:00Z,13689891822.074837
2024-02-06T00:00:00Z,13795514413.839636
2024-02-05T00:00:00Z,13879161348.033941
2024-02-04T00:00:00Z,13833671219.16679
2024-02-03T00:00:00Z,13913581423.946396
2024-02-02T00:00:00Z,13945055948.739801
2024-02-01T00:00:00Z,13734502832.125822
2024-01-31T00:00:00Z,13978320125.661886
2024-01-30T00:00:00Z,13977265560.265503
2024-01-29T00:00:00Z,14066263925.782515
2024-01-28T00:00:00Z,14027342913.787128
2024-01-27T00:00:00Z,14058444691.879307
2024-01-26T00:00:00Z,14141416555.015099
2024-01-25T00:00:00Z,14157180294.668512
2024-01-24T00:00:00Z,14258191699.340258
2024-01-23T00:00:00Z,14252065186.363781
2024-01-22T00:00:00Z,14159061294.484858
2024-01-21T00:00:00Z,14150504133.042162
2024-01-20T00:00:00Z,14164955644.261856
2024-01-19T00:00:00Z,14248027894.835962
2024-01-18T00:00:00Z,14215948826.933252
2024-01-17T00:00:00Z,14097285762.835327
2024-01-16T00:00:00Z,14126230849.011795
2024-01-15T00:00:00Z,14046229639.737011
2024-01-14T00:00:00Z,14003436349.40321
2024-01-13T00:00:00Z,13978781429.292128
2024-01-12T00:00:00Z,13953760350.51013
2024-01-11T00:00:00Z,13969548650.701166
2024-01-10T00:00:00Z,13860643747.804901
2024-01-09T00:00:00Z,13652638505.890472
2024-01-08T00:00:00Z,13556214665.405691
2024-01-07T00:00:00Z,13466361881.181465
2024-01-06T00:00:00Z,13500077260.09189
2024-01-05T00:00:00Z,13450494191.061417
2024-01-04T00:00:00Z,13382314281.796944
2024-01-03T00:00:00Z,13348198514.862211
2024-01-02T00:00:00Z,13205480908.51741
2024-01-01T00:00:00Z,13214278166.909994
2023-12-31T00:00:00Z,13211929056.328068
2023-12-30T00:00:00Z,13300857418.890228
2023-12-29T00:00:00Z,13314098209.116732
2023-12-28T00:00:00Z,13313828711.382189
2023-12-27T00:00:00Z,13425104310.571182
2023-12-26T00:00:00Z,13494734664.94763
2023-12-25T00:00:00Z,13487663353.401934
2023-12-24T00:00:00Z,13495991938.7149
2023-12-23T00:00:00Z,13427084066.813856
2023-12-22T00:00:00Z,13486571081.275932
2023-12-21T00:00:00Z,13532075045.973522
2023-12-20T00:00:00Z,13561086167.295988
2023-12-19T00:00:00Z,13523498933.493963
2023-12-18T00:00:00Z,13567393753.579771
2023-12-17T00:00:00Z,13418609481.656733
2023-12-16T00:00:00Z,13366158869.620691
2023-12-15T00:00:00Z,13323211114.223392
2023-12-14T00:00:00Z,13288557883.357721
2023-12-13T00:00:00Z,13200771741.126873
2023-12-12T00:00:00Z,13117071250.340176
2023-12-11T00:00:00Z,13107242683.621857
2023-12-10T00:00:00Z,13091922092.783915
2023-12-09T00:00:00Z,13112932722.12584
2023-12-08T00:00:00Z,13134398563.572462
2023-12-07T00:00:00Z,13106229780.961641
2023-12-06T00:00:00Z,13048328938.4474
2023-12-05T00:00:00Z,13019992772.488735
2023-12-04T00:00:00Z,12943380289.859072
2023-12-03T00:00:00Z,12807438328.542423
2023-12-02T00:00:00Z,12875294691.525076
2023-12-01T00:00:00Z,12928412810.838501
2023-11-30T00:00:00Z,12922897001.594076
2023-11-29T00:00:00Z,12902802888.246279
2023-11-28T00:00:00Z,12892097227.98177
2023-11-27T00:00:00Z,12990966102.024975
2023-11-26T00:00:00Z,12988543514.214613
2023-11-25T00:00:00Z,13054836411.019533
2023-11-24T00:00:00Z,13093197553.594088
2023-11-23T00:00:00Z,13130210207.225962
2023-11-22T00:00:00Z,13248249763.83535
2023-11-21T00:00:00Z,13300197500.553381
2023-11-20T00:00:00Z,12960098820.358309
2023-11-19T00:00:00Z,13392593680.6725
2023-11-18T00:00:00Z,13453659781.049585
2023-11-17T00:00:00Z,13482885565.53917
2023-11-16T00:00:00Z,13454530976.811098
2023-11-15T00:00:00Z,13405406245.597734
2023-11-14T00:00:00Z,13304883114.395058
2023-11-13T00:00:00Z,13174261859.903463
2023-11-12T00:00:00Z,13026099071.882416
2023-11-11T00:00:00Z,12990053546.52818
2023-11-10T00:00:00Z,13030621686.15064
2023-11-09T00:00:00Z,12904994669.226055
2023-11-08T00:00:00Z,12773257738.23381
2023-11-07T00:00:00Z,12705642375.277649
2023-11-06T00:00:00Z,12520550111.864157
2023-11-05T00:00:00Z,12415516521.51612
2023-11-04T00:00:00Z,12492620393.11825
2023-11-03T00:00:00Z,12496775757.833326
2023-11-02T00:00:00Z,12564942913.566963
2023-11-01T00:00:00Z,12415342341.059776
2023-10-31T00:00:00Z,12093779745.088737
2023-10-30T00:00:00Z,12192045897.627182
2023-10-29T00:00:00Z,12096356664.347826
2023-10-28T00:00:00Z,12256226611.379292
2023-10-27T00:00:00Z,11482424437.28585
2023-10-26T00:00:00Z,11922036159.06568
2023-10-25T00:00:00Z,11753013869.065107
2023-10-24T00:00:00Z,12257862654.102385
2023-10-23T00:00:00Z,12203834655.051146
2023-10-22T00:00:00Z,12273084531.29057
2023-10-21T00:00:00Z,12399950469.666243
2023-10-20T00:00:00Z,12466358165.899847
2023-10-19T00:00:00Z,12284885056.671177
2023-10-18T00:00:00Z,12158396045.23906
2023-10-17T00:00:00Z,12414700948.777464
2023-10-16T00:00:00Z,12346624833.11016
2023-10-15T00:00:00Z,12378244372.766579
2023-10-14T00:00:00Z,12457218561.067253
2023-10-13T00:00:00Z,12491647146.05763
2023-10-12T00:00:00Z,12536754300.188896
2023-10-11T00:00:00Z,12540325512.80067
2023-10-10T00:00:00Z,12501313979.405268
2023-10-09T00:00:00Z,12471470272.287834
2023-10-08T00:00:00Z,12486037257.168734
2023-10-07T00:00:00Z,12570764486.536854
2023-10-06T00:00:00Z,12639698881.662846
2023-10-05T00:00:00Z,12647707967.401182
2023-10-04T00:00:00Z,12718363862.512186
2023-10-03T00:00:00Z,12777152778.595652
2023-10-02T00:00:00Z,12802855037.631426
2023-10-01T00:00:00Z,12712551021.683657
2023-09-30T00:00:00Z,12803914549.108192
2023-09-29T00:00:00Z,12918870163.979443
2023-09-28T00:00:00Z,13027465198.569359
2023-09-27T00:00:00Z,13125024326.052662
2023-09-26T00:00:00Z,13157661178.10026
2023-09-25T00:00:00Z,13224565338.640257
2023-09-24T00:00:00Z,13186596783.25242
2023-09-23T00:00:00Z,13189521286.872536
2023-09-22T00:00:00Z,13281050425.964964
2023-09-21T00:00:00Z,13339887993.165787
2023-09-20T00:00:00Z,13388797286.339773
2023-09-19T00:00:00Z,13389665488.672857
2023-09-18T00:00:00Z,13280481056.260897
2023-09-17T00:00:00Z,13263327907.675459
2023-09-16T00:00:00Z,13289703139.879187
2023-09-15T00:00:00Z,13328405779.383049
2023-09-14T00:00:00Z,13333968039.0771
2023-09-13T00:00:00Z,13370167199.420422
2023-09-12T00:00:00Z,13394505706.182571
2023-09-11T00:00:00Z,13363522238.555378
2023-09-10T00:00:00Z,13366115111.78304
2023-09-09T00:00:00Z,13389866036.05076
2023-09-08T00:00:00Z,13449388983.290766
2023-09-07T00:00:00Z,13502215320.095049
2023-09-06T00:00:00Z,13597724187.290182
2023-09-05T00:00:00Z,13559081587.5947
2023-09-04T00:00:00Z,13525258891.926224
2023-09-03T00:00:00Z,13550913041.14389
2023-09-02T00:00:00Z,13602346331.693441
2023-09-01T00:00:00Z,13654291285.168625
2023-08-31T00:00:00Z,13609306521.394337
2023-08-30T00:00:00Z,13713626773.955887
2023-08-29T00:00:00Z,13721244185.668531
2023-08-28T00:00:00Z,13793058176.61322
2023-08-27T00:00:00Z,13857640315.848389
2023-08-26T00:00:00Z,13874810194.121002
2023-08-25T00:00:00Z,13970317470.6723
2023-08-24T00:00:00Z,13981899779.006466
2023-08-23T00:00:00Z,14009286178.431734
2023-08-22T00:00:00Z,14054535535.822119
2023-08-21T00:00:00Z,14104193483.886065
2023-08-20T00:00:00Z,14005148232.222038
2023-08-19T00:00:00Z,14004446899.399153
2023-08-18T00:00:00Z,14013480741.676477
2023-08-17T00:00:00Z,13791676029.254663
2023-08-16T00:00:00Z,13657639010.77913
2023-08-15T00:00:00Z,13638851009.091211
2023-08-14T00:00:00Z,13822370122.55992
2023-08-13T00:00:00Z,13790244975.653048
2023-08-12T00:00:00Z,13812289705.196243
2023-08-11T00:00:00Z,13861409640.331463
2023-08-10T00:00:00Z,13718692726.833769
2023-08-09T00:00:00Z,13779506942.467085
2023-08-08T00:00:00Z,12907431895.07226
2023-08-07T00:00:00Z,13002814986.708908
2023-08-06T00:00:00Z,13602069122.33311
2023-08-05T00:00:00Z,13623382392.471605
2023-08-04T00:00:00Z,13452702528.822878
2023-08-03T00:00:00Z,13567546210.846506
2023-08-02T00:00:00Z,13654486610.67845
2023-08-01T00:00:00Z,13767796856.595638
2023-07-31T00:00:00Z,13881734346.81564
2023-07-30T00:00:00Z,13832532347.164143
2023-07-29T00:00:00Z,13897890332.063017
2023-07-28T00:00:00Z,13965599774.613499
2023-07-27T00:00:00Z,14059929311.068642
2023-07-26T00:00:00Z,14080452769.365168
2023-07-25T00:00:00Z,14127191113.96577
2023-07-24T00:00:00Z,14028713678.077017
2023-07-23T00:00:00Z,14055924381.300894
2023-07-22T00:00:00Z,14103364048.743666
2023-07-21T00:00:00Z,13738454660.438347
2023-07-20T00:00:00Z,13971574920.295866
2023-07-19T00:00:00Z,14213657851.809866
2023-07-18T00:00:00Z,14102735156.915293
2023-07-17T00:00:00Z,14096511970.102774
2023-07-16T00:00:00Z,14009171098.179928
2023-07-15T00:00:00Z,13426818673.45715
2023-07-14T00:00:00Z,13265493997.259539
2023-07-13T00:00:00Z,13083067064.806696
2023-07-12T00:00:00Z,13130193096.442587
2023-07-11T00:00:00Z,13150575896.316122
2023-07-10T00:00:00Z,13191348216.746563
2023-07-09T00:00:00Z,13205361715.332373
2023-07-08T00:00:00Z,13089423415.58492
2023-07-07T00:00:00Z,13136462837.328598
2023-07-06T00:00:00Z,13289963321.228783
2023-07-05T00:00:00Z,13244863609.04529
2023-07-04T00:00:00Z,13245652730.341686
2023-07-03T00:00:00Z,13223274020.942028
2023-07-02T00:00:00Z,13295141503.152319
2023-07-01T00:00:00Z,13329658456.85517
2023-06-30T00:00:00Z,13425961268.1444
2023-06-29T00:00:00Z,13493080454.269356
2023-06-28T00:00:00Z,13523789984.913643
2023-06-27T00:00:00Z,13455692180.723978
2023-06-26T00:00:00Z,13434988830.230713
2023-06-25T00:00:00Z,13381571859.669092
2023-06-24T00:00:00Z,13472542300.404526
2023-06-23T00:00:00Z,13499362021.062832
2023-06-22T00:00:00Z,13403171997.948784
2023-06-21T00:00:00Z,13505873670.376518
2023-06-20T00:00:00Z,13590200068.303144
2023-06-19T00:00:00Z,13671075983.62213
2023-06-18T00:00:00Z,13892277714.18087
2023-06-17T00:00:00Z,13930451852.206825
2023-06-16T00:00:00Z,14405424889.274765
2023-06-15T00:00:00Z,15735056819.981483
2023-06-14T00:00:00Z,15777221301.620996
2023-06-13T00:00:00Z,15879594616.557356
2023-06-12T00:00:00Z,16044798943.750546
2023-06-11T00:00:00Z,16875060789.322453
2023-06-10T00:00:00Z,16840590483.941635
2023-06-09T00:00:00Z,16662402153.134418
2023-06-08T00:00:00Z,16803886770.76304
2023-06-07T00:00:00Z,16781206117.317083
2023-06-06T00:00:00Z,16767803298.622107
2023-06-05T00:00:00Z,16906724216.128765
2023-06-04T00:00:00Z,16899763853.951336
2023-06-03T00:00:00Z,16960496596.015768
2023-06-02T00:00:00Z,17097212178.928173
2023-06-01T00:00:00Z,17261215520.701824
2023-05-31T00:00:00Z,17266151347.464348
2023-05-30T00:00:00Z,17317954162.613304
2023-05-29T00:00:00Z,17218745281.58529
2023-05-28T00:00:00Z,17319491929.638096
2023-05-27T00:00:00Z,17428934588.223206
2023-05-26T00:00:00Z,17490119850.300186
2023-05-25T00:00:00Z,17512732984.428078
2023-05-24T00:00:00Z,17748085631.2088
2023-05-23T00:00:00Z,17842680321.60427
2023-05-22T00:00:00Z,17953229343.11711
2023-05-21T00:00:00Z,18183545714.89865
2023-05-20T00:00:00Z,18272913542.984035
2023-05-19T00:00:00Z,18333041557.480576
2023-05-18T00:00:00Z,18392035355.857273
2023-05-17T00:00:00Z,18302352689.646976
2023-05-16T00:00:00Z,18348083490.10602
2023-05-15T00:00:00Z,18373818274.100315
2023-05-14T00:00:00Z,18439676966.306057
2023-05-13T00:00:00Z,18509820662.14977
2023-05-12T00:00:00Z,18509183747.565422
2023-05-11T00:00:00Z,18455543640.344707
2023-05-10T00:00:00Z,18404256982.573208
2023-05-09T00:00:00Z,18355268932.658382
2023-05-08T00:00:00Z,18132158080.40926
2023-05-07T00:00:00Z,18354263589.550884
2023-05-06T00:00:00Z,18344659604.89858
2023-05-05T00:00:00Z,18312275114.148964
2023-05-04T00:00:00Z,18529990487.537395
2023-05-03T00:00:00Z,18662854056.399235
2023-05-02T00:00:00Z,18722239580.773403
2023-05-01T00:00:00Z,18679967891.39325
2023-04-30T00:00:00Z,18667371986.071465
2023-04-29T00:00:00Z,18740967782.8406
2023-04-28T00:00:00Z,18822389971.410187
2023-04-27T00:00:00Z,18892407617.35406
2023-04-26T00:00:00Z,19151666176.021725
2023-04-25T00:00:00Z,19253285222.340206
2023-04-24T00:00:00Z,19227310834.01686
2023-04-23T00:00:00Z,19244833709.392014
2023-04-22T00:00:00Z,19219942751.189655
2023-04-21T00:00:00Z,19208305728.28062
2023-04-20T00:00:00Z,19110726883.582954
2023-04-19T00:00:00Z,19140820961.659855
2023-04-18T00:00:00Z,19017556540.84766
2023-04-17T00:00:00Z,19061346155.907116
2023-04-16T00:00:00Z,18926338133.214325
2023-04-15T00:00:00Z,18971551255.191467
2023-04-14T00:00:00Z,18948187319.878124
2023-04-13T00:00:00Z,18921417050.807964
2023-04-12T00:00:00Z,18894537824.20943
2023-04-11T00:00:00Z,18912799983.410816
2023-04-10T00:00:00Z,19030167869.32083
2023-04-09T00:00:00Z,19101944512.852985
2023-04-08T00:00:00Z,19110728292.97384
2023-04-07T00:00:00Z,19246422545.235466
2023-04-06T00:00:00Z,19373527522.80958
2023-04-05T00:00:00Z,19365577346.20901
2023-04-04T00:00:00Z,19429016836.952774
2023-04-03T00:00:00Z,19649318163.00914
2023-04-02T00:00:00Z,19556962303.920494
2023-04-01T00:00:00Z,19505131969.83779
2023-03-31T00:00:00Z,19581944133.51994
2023-03-30T00:00:00Z,19748397841.93784
2023-03-29T00:00:00Z,19570738524.484398
2023-03-28T00:00:00Z,19859255461.194077
2023-03-27T00:00:00Z,19758013005.77086
2023-03-26T00:00:00Z,19771878557.454975
2023-03-25T00:00:00Z,19803478782.454784
2023-03-24T00:00:00Z,19767611972.487667
2023-03-23T00:00:00Z,19628345223.92501
2023-03-22T00:00:00Z,19229273162.61403
2023-03-21T00:00:00Z,19053388813.729485
2023-03-20T00:00:00Z,18716108194.566696
2023-03-19T00:00:00Z,18152612354.06957
2023-03-18T00:00:00Z,18288029217.62317
2023-03-17T00:00:00Z,18309326687.719875
2023-03-16T00:00:00Z,17426751555.11685
2023-03-15T00:00:00Z,17146805121.162374
2023-03-14T00:00:00Z,16639777939.526821
2023-03-13T00:00:00Z,16729857970.922392
2023-03-12T00:00:00Z,16760718772.543194
2023-03-11T00:00:00Z,16616216743.560156
2023-03-10T00:00:00Z,16439552664.418283
2023-03-09T00:00:00Z,16054288287.425234
2023-03-08T00:00:00Z,16030124625.921276
2023-03-07T00:00:00Z,15997428568.922958
2023-03-06T00:00:00Z,15865971478.603214
2023-03-05T00:00:00Z,15757893668.007074
2023-03-04T00:00:00Z,15665384297.441124
2023-03-03T00:00:00Z,17241523669.109074
2023-03-02T00:00:00Z,17392163584.49513
2023-03-01T00:00:00Z,17396836794.19494
2023-02-28T00:00:00Z,17436440786.060795
2023-02-27T00:00:00Z,17417585783.824112
2023-02-26T00:00:00Z,17373153101.69676
2023-02-25T00:00:00Z,17402708735.555874
2023-02-24T00:00:00Z,17323538803.343147
2023-02-23T00:00:00Z,17169658609.864374
2023-02-22T00:00:00Z,17123282157.840975
2023-02-21T00:00:00Z,16984092724.275837
2023-02-20T00:00:00Z,16941377347.709196
2023-02-19T00:00:00Z,16919927530.582363
2023-02-18T00:00:00Z,16916637040.050747
2023-02-17T00:00:00Z,16897594074.580597
2023-02-16T00:00:00Z,16745453107.16237
2023-02-15T00:00:00Z,16584116646.748951
2023-02-14T00:00:00Z,16141281436.915525
2023-02-13T00:00:00Z,16285788087.455128
2023-02-12T00:00:00Z,15620779723.532398
2023-02-11T00:00:00Z,15556480359.714771
2023-02-10T00:00:00Z,15558346737.452078
2023-02-09T00:00:00Z,15371445033.184397
2023-02-08T00:00:00Z,14908920480.329174
2023-02-07T00:00:00Z,14995996847.014809
2023-02-06T00:00:00Z,15048921665.046936
2023-02-05T00:00:00Z,14738116548.08002
2023-02-04T00:00:00Z,14686618724.361874
2023-02-03T00:00:00Z,14709942187.928322
2023-02-02T00:00:00Z,14753521953.512798
2023-02-01T00:00:00Z,14656511025.036057
2023-01-31T00:00:00Z,14610878472.701435
2023-01-30T00:00:00Z,14556134556.09931
2023-01-29T00:00:00Z,14476674351.683529
2023-01-28T00:00:00Z,14345556502.269606
2023-01-27T00:00:00Z,14293716149.786228
2023-01-26T00:00:00Z,14171801756.605555
2023-01-25T00:00:00Z,14038445764.831068
2023-01-24T00:00:00Z,13724992990.024643
2023-01-23T00:00:00Z,13691127706.75065
2023-01-22T00:00:00Z,13514307332.351925
2023-01-21T00:00:00Z,13173067374.48515
2023-01-20T00:00:00Z,13191539855.966728
2023-01-19T00:00:00Z,13220695795.96589
2023-01-18T00:00:00Z,13071550576.343143
2023-01-17T00:00:00Z,12990803156.329823
2023-01-16T00:00:00Z,12843220739.814915
2023-01-15T00:00:00Z,12330882075.170301
2023-01-14T00:00:00Z,12531710727.699244
2023-01-13T00:00:00Z,12352818556.138021
2023-01-12T00:00:00Z,11714669151.372267
2023-01-11T00:00:00Z,11422501446.84934
2023-01-10T00:00:00Z,11097461128.035004
2023-01-09T00:00:00Z,10805350076.087973
2023-01-08T00:00:00Z,10663199225.50285
2023-01-07T00:00:00Z,10691599382.900133
2023-01-06T00:00:00Z,10716399461.555162
2023-01-05T00:00:00Z,10698327829.717424
2023-01-04T00:00:00Z,10683671052.028112
2023-01-03T00:00:00Z,10683120449.474058
2023-01-02T00:00:00Z,10631248716.547995
2023-01-01T00:00:00Z,10665868233.694319
2022-12-31T00:00:00Z,10665591058.977915
2022-12-30T00:00:00Z,10790610249.438848
2022-12-29T00:00:00Z,10829794405.842407
2022-12-28T00:00:00Z,10843805314.368267
2022-12-27T00:00:00Z,10713117938.754301
2022-12-26T00:00:00Z,10718129683.525934
2022-12-25T00:00:00Z,10782932111.44876
2022-12-24T00:00:00Z,10643143215.843813
2022-12-23T00:00:00Z,10697308260.852728
2022-12-22T00:00:00Z,10783940768.213768
2022-12-21T00:00:00Z,10821784600.730244
2022-12-20T00:00:00Z,10892949587.837845
2022-12-19T00:00:00Z,10915651671.266968
2022-12-18T00:00:00Z,10864830782.445692
2022-12-17T00:00:00Z,10926506521.015072
2022-12-16T00:00:00Z,10787915856.704899
2022-12-15T00:00:00Z,10803930605.816391
2022-12-14T00:00:00Z,10735474716.436306
2022-12-13T00:00:00Z,10479438824.151796
2022-12-12T00:00:00Z,13825236611.403118
2022-12-11T00:00:00Z,13848207384.444544
2022-12-10T00:00:00Z,13858213828.109997
2022-12-09T00:00:00Z,13028293222.934412
2022-12-08T00:00:00Z,13237825377.25812
2022-12-07T00:00:00Z,12947667755.482214
2022-12-06T00:00:00Z,12954919550.85559
2022-12-05T00:00:00Z,14461494620.456997
2022-12-04T00:00:00Z,14284410215.115547
2022-12-03T00:00:00Z,14348675852.276903
2022-12-02T00:00:00Z,14443470107.130527
2022-12-01T00:00:00Z,14553829541.456038
2022-11-30T00:00:00Z,14616360493.113867
2022-11-29T00:00:00Z,14716996439.092327
2022-11-28T00:00:00Z,14110787837.1872
2022-11-27T00:00:00Z,14100981740.742258
2022-11-26T00:00:00Z,14040796681.255411
2022-11-25T00:00:00Z,14003397954.515108
2022-11-24T00:00:00Z,14065472692.017715
2022-11-23T00:00:00Z,13950719599.392427
2022-11-22T00:00:00Z,13911546193.680199
2022-11-21T00:00:00Z,14141580985.614426
2022-11-20T00:00:00Z,14434938874.670042
2022-11-19T00:00:00Z,14332322551.135193
2022-11-18T00:00:00Z,14456196954.703465
2022-11-17T00:00:00Z,14537642108.246958
2022-11-16T00:00:00Z,14267271282.328392
2022-11-15T00:00:00Z,14126670687.2511
2022-11-14T00:00:00Z,14178240624.362072
2022-11-13T00:00:00Z,14636285213.527893
2022-11-12T00:00:00Z,14510919564.430593
2022-11-11T00:00:00Z,14757799263.36846
2022-11-10T00:00:00Z,15365644345.453386
2022-11-09T00:00:00Z,16199678302.011316
2022-11-08T00:00:00Z,16061403371.012217
2022-11-07T00:00:00Z,15654415487.87644
2022-11-06T00:00:00Z,15627429543.58649
2022-11-05T00:00:00Z,15586976697.678736
2022-11-04T00:00:00Z,15388452702.580563
2022-11-03T00:00:00Z,15296475347.048698
2022-11-02T00:00:00Z,15277591850.731625
2022-11-01T00:00:00Z,15369623738.819258
2022-10-31T00:00:00Z,15224325207.722956
2022-10-30T00:00:00Z,15039875712.876705
2022-10-29T00:00:00Z,14696051943.398722
2022-10-28T00:00:00Z,14782714452.681242
2022-10-27T00:00:00Z,14650103513.805931
2022-10-26T00:00:00Z,14438390061.56855
2022-10-25T00:00:00Z,14554916834.39655
2022-10-24T00:00:00Z,14690105454.279034
2022-10-23T00:00:00Z,14558523248.053577
2022-10-22T00:00:00Z,14559175878.61827
2022-10-21T00:00:00Z,14663069073.827545
2022-10-20T00:00:00Z,14750799543.997751
2022-10-19T00:00:00Z,14933340214.591553
2022-10-18T00:00:00Z,15041688916.582218
2022-10-17T00:00:00Z,15269776913.377312
2022-10-16T00:00:00Z,15338416082.596874
2022-10-15T00:00:00Z,15255832664.758383
2022-10-14T00:00:00Z,15367337642.661598
2022-10-13T00:00:00Z,15483497149.374683
2022-10-12T00:00:00Z,15245131378.457228
2022-10-11T00:00:00Z,15429106723.679533
2022-10-10T00:00:00Z,15477749714.036531
2022-10-09T00:00:00Z,15513215719.415977
2022-10-08T00:00:00Z,15588382846.562258
2022-10-07T00:00:00Z,15513067189.12976
2022-10-06T00:00:00Z,15665899901.571545
2022-10-05T00:00:00Z,15928382892.113058
2022-10-04T00:00:00Z,15710376923.262358
2022-10-03T00:00:00Z,15942279478.270752
2022-10-02T00:00:00Z,15887953704.126802
2022-10-01T00:00:00Z,16003825626.81129
2022-09-30T00:00:00Z,16009508685.271889
2022-09-29T00:00:00Z,16095372429.085768
2022-09-28T00:00:00Z,16446878096.806648
2022-09-27T00:00:00Z,16226358841.730387
2022-09-26T00:00:00Z,16239136055.06348
2022-09-25T00:00:00Z,16261135713.444328
2022-09-24T00:00:00Z,16327793320.32557
2022-09-23T00:00:00Z,16131084666.67126
2022-09-22T00:00:00Z,16334378378.97841
2022-09-21T00:00:00Z,16300180666.447172
2022-09-20T00:00:00Z,16148824384.222828
2022-09-19T00:00:00Z,16177371797.000685
2022-09-18T00:00:00Z,16135510298.541466
2022-09-17T00:00:00Z,16063379262.392248
2022-09-16T00:00:00Z,16102918046.220757
2022-09-15T00:00:00Z,12669923062.821898
2022-09-14T00:00:00Z,13379322452.143082
2022-09-13T00:00:00Z,13990012669.791655
2022-09-12T00:00:00Z,14624408385.813572
2022-09-11T00:00:00Z,15134747301.970129
2022-09-10T00:00:00Z,15424962897.304104
2022-09-09T00:00:00Z,15787267210.601814
2022-09-08T00:00:00Z,16210638473.341444
2022-09-07T00:00:00Z,16278739138.33509
2022-09-06T00:00:00Z,16220340793.667877
2022-09-05T00:00:00Z,16280058408.52367
2022-09-04T00:00:00Z,16158242930.882732
2022-09-03T00:00:00Z,16315185387.35583
2022-09-02T00:00:00Z,16304083261.251518
2022-09-01T00:00:00Z,16454956006.811066
2022-08-31T00:00:00Z,16395427485.26572
2022-08-30T00:00:00Z,16388127506.141867
2022-08-29T00:00:00Z,16553570699.262657
2022-08-28T00:00:00Z,16555768298.563099
2022-08-27T00:00:00Z,16431082804.548756
2022-08-26T00:00:00Z,16468893784.208792
2022-08-25T00:00:00Z,16528691423.896246
2022-08-24T00:00:00Z,16572537495.044538
2022-08-23T00:00:00Z,16455984117.910933
2022-08-22T00:00:00Z,16584207843.326532
2022-08-21T00:00:00Z,16364942888.527533
2022-08-20T00:00:00Z,16431494527.399809
2022-08-19T00:00:00Z,16450540163.842592
2022-08-18T00:00:00Z,16493266006.519518
2022-08-17T00:00:00Z,16630674110.121431
2022-08-16T00:00:00Z,13751760297.54165
2022-08-15T00:00:00Z,13906947312.076677
2022-08-14T00:00:00Z,14019618399.656172
2022-08-13T00:00:00Z,13635637425.88086
2022-08-12T00:00:00Z,13643855690.454851
2022-08-11T00:00:00Z,13447633455.460123
2022-08-10T00:00:00Z,13587162069.95424
2022-08-09T00:00:00Z,13394403839.69112
2022-08-08T00:00:00Z,13534656552.706001
2022-08-07T00:00:00Z,13700252960.033678
2022-08-06T00:00:00Z,13563543652.782955
2022-08-05T00:00:00Z,13685293687.056831
2022-08-04T00:00:00Z,13504921452.164093
2022-08-03T00:00:00Z,13733513243.489286
2022-08-02T00:00:00Z,13701650827.474699
2022-08-01T00:00:00Z,13785361890.805563
2022-07-31T00:00:00Z,13541379532.606226
2022-07-30T00:00:00Z,13374543487.966974
2022-07-29T00:00:00Z,13486114385.337337
2022-07-28T00:00:00Z,13475320152.031258
2022-07-27T00:00:00Z,13602740444.060127
2022-07-26T00:00:00Z,13780391187.632206
2022-07-25T00:00:00Z,13732068562.116312
2022-07-24T00:00:00Z,13650967881.67224
2022-07-23T00:00:00Z,13657518140.344881
2022-07-22T00:00:00Z,13336416666.66394
2022-07-21T00:00:00Z,13464057041.684498
2022-07-20T00:00:00Z,13514358372.662828
2022-07-19T00:00:00Z,13602080219.25305
2022-07-18T00:00:00Z,13554655757.595253
2022-07-17T00:00:00Z,13543611022.764912
2022-07-16T00:00:00Z,13696424872.168215
2022-07-15T00:00:00Z,13783408108.64119
2022-07-14T00:00:00Z,13773439495.040764
2022-07-13T00:00:00Z,13991018497.514212
2022-07-12T00:00:00Z,13925267872.7859
2022-07-11T00:00:00Z,13960767243.478636
2022-07-10T00:00:00Z,13891543515.55758
2022-07-09T00:00:00Z,13805469769.457651
2022-07-08T00:00:00Z,13874171788.206444
2022-07-07T00:00:00Z,14017297353.703686
2022-07-06T00:00:00Z,14059664318.768269
2022-07-05T00:00:00Z,14067451186.3801
2022-07-04T00:00:00Z,14306894038.343693
2022-07-03T00:00:00Z,14280275607.016115
2022-07-02T00:00:00Z,14455823261.902323
2022-07-01T00:00:00Z,14371852839.284056
2022-06-30T00:00:00Z,14528618329.087599
2022-06-29T00:00:00Z,14617481957.974457
2022-06-28T00:00:00Z,14879564462.646494
2022-06-27T00:00:00Z,14852731229.62904
2022-06-26T00:00:00Z,14838376402.205242
2022-06-25T00:00:00Z,14650372663.37164
2022-06-24T00:00:00Z,14524855064.091248
2022-06-23T00:00:00Z,14445339257.844925
2022-06-22T00:00:00Z,14349867770.282478
2022-06-21T00:00:00Z,14163771703.13118
2022-06-20T00:00:00Z,14699026894.921392
2022-06-19T00:00:00Z,15296719081.644125
2022-06-18T00:00:00Z,14745710710.096931
2022-06-17T00:00:00Z,14624251650.48378
2022-06-16T00:00:00Z,15135768095.69623
2022-06-15T00:00:00Z,15825482832.618916
2022-06-14T00:00:00Z,16237279359.813185
2022-06-13T00:00:00Z,16619433078.3879
2022-06-12T00:00:00Z,16823132148.202017
2022-06-11T00:00:00Z,16745661483.367962
2022-06-10T00:00:00Z,16546707917.159927
2022-06-09T00:00:00Z,16714549585.525095
2022-06-08T00:00:00Z,16963274399.110134
2022-06-07T00:00:00Z,17195011492.994778
2022-06-06T00:00:00Z,17223526076.89693
2022-06-05T00:00:00Z,17530990861.838055
2022-06-04T00:00:00Z,17309857184.969757
2022-06-03T00:00:00Z,17330029273.099426
2022-06-02T00:00:00Z,17178636447.827698
2022-06-01T00:00:00Z,17072611653.69335
2022-05-31T00:00:00Z,17164142765.353191
2022-05-30T00:00:00Z,17483435699.746677
2022-05-29T00:00:00Z,17679421103.20562
2022-05-28T00:00:00Z,17516216946.29766
2022-05-27T00:00:00Z,17617841864.40973
2022-05-26T00:00:00Z,17309964492.237286
2022-05-25T00:00:00Z,17457194504.183716
2022-05-24T00:00:00Z,17561656194.262527
2022-05-23T00:00:00Z,17697007079.97142
2022-05-22T00:00:00Z,17792889433.177574
2022-05-21T00:00:00Z,17844163001.546436
2022-05-20T00:00:00Z,17612292807.85249
2022-05-19T00:00:00Z,18223272817.1303
2022-05-18T00:00:00Z,18351366691.971516
2022-05-17T00:00:00Z,18371748215.182358
2022-05-16T00:00:00Z,18911487315.574062
2022-05-15T00:00:00Z,18722249751.169487
2022-05-14T00:00:00Z,17828633317.176025
2022-05-13T00:00:00Z,18025405640.68863
2022-05-12T00:00:00Z,18964058013.8276
2022-05-11T00:00:00Z,22426110903.128384
2022-05-10T00:00:00Z,22700417143.03831
2022-05-09T00:00:00Z,22629300776.505035
2022-05-08T00:00:00Z,22413251572.662388
2022-05-07T00:00:00Z,22456120250.07687
2022-05-06T00:00:00Z,21631364431.475433
2022-05-05T00:00:00Z,21811919066.583153
2022-05-04T00:00:00Z,21800871479.11841
2022-05-03T00:00:00Z,21621370139.017998
2022-05-02T00:00:00Z,21837677075.231327
2022-05-01T00:00:00Z,21914517239.145103
2022-04-30T00:00:00Z,21862830366.40894
2022-04-29T00:00:00Z,21872870952.792015
2022-04-28T00:00:00Z,21896974159.90514
2022-04-27T00:00:00Z,21805837295.133736
2022-04-26T00:00:00Z,21907559533.80189
2022-04-25T00:00:00Z,21895240210.623104
2022-04-24T00:00:00Z,21927520811.333214
2022-04-23T00:00:00Z,21846634724.439552
2022-04-22T00:00:00Z,21867000149.996628
2022-04-21T00:00:00Z,21750994464.28822
2022-04-20T00:00:00Z,21403905795.903988
2022-04-19T00:00:00Z,19224169505.253147
2022-04-18T00:00:00Z,18632570466.139423
2022-04-17T00:00:00Z,18199661954.042793
2022-04-16T00:00:00Z,18251019321.56246
2022-04-15T00:00:00Z,17899142826.146473
2022-04-14T00:00:00Z,16688953154.48973
2022-04-13T00:00:00Z,15946138923.559805
2022-04-12T00:00:00Z,14654405007.25508
2022-04-11T00:00:00Z,14752914330.039194
2022-04-10T00:00:00Z,14756553113.034372
2022-04-09T00:00:00Z,14854623785.076101
2022-04-08T00:00:00Z,14816187350.921293
2022-04-07T00:00:00Z,15269719397.973433
2022-04-06T00:00:00Z,15436831887.819027
2022-04-05T00:00:00Z,15645642624.74701
2022-04-04T00:00:00Z,15584577204.823702
2022-04-03T00:00:00Z,15155298332.56759
2022-04-02T00:00:00Z,15128907662.438894
2022-04-01T00:00:00Z,15274752636.03313
2022-03-31T00:00:00Z,14961759595.141756
2022-03-30T00:00:00Z,15049963272.060825
2022-03-29T00:00:00Z,15264125741.94929
2022-03-28T00:00:00Z,15239438097.562296
2022-03-27T00:00:00Z,15589477214.35327
2022-03-26T00:00:00Z,15751036779.624582
2022-03-25T00:00:00Z,15694936750.87672
2022-03-24T00:00:00Z,15744074109.163036
2022-03-23T00:00:00Z,15255670662.369905
2022-03-22T00:00:00Z,15391728205.712858
2022-03-21T00:00:00Z,15690160358.806837
2022-03-20T00:00:00Z,15760810637.254335
2022-03-19T00:00:00Z,15909430515.5741
2022-03-18T00:00:00Z,16101163254.40765
2022-03-17T00:00:00Z,16239017431.387371
2022-03-16T00:00:00Z,16366973535.854855
2022-03-15T00:00:00Z,16746750748.549072
2022-03-14T00:00:00Z,16921293498.331875
2022-03-13T00:00:00Z,17378178860.779438
2022-03-12T00:00:00Z,17422506097.98773
2022-03-11T00:00:00Z,17574778735.620014
2022-03-10T00:00:00Z,17744829873.91067
2022-03-09T00:00:00Z,17805479586.22732
2022-03-08T00:00:00Z,17941302589.537285
2022-03-07T00:00:00Z,18245792256.289143
2022-03-06T00:00:00Z,18273089026.844044
2022-03-05T00:00:00Z,18141086360.873795
2022-03-04T00:00:00Z,17941917348.379017
2022-03-03T00:00:00Z,18270394507.599056
2022-03-02T00:00:00Z,18275830244.471085
2022-03-01T00:00:00Z,18418085339.557903
2022-02-28T00:00:00Z,18636280660.80371
2022-02-27T00:00:00Z,18929072670.497456
2022-02-26T00:00:00Z,19006235961.326366
2022-02-25T00:00:00Z,19117414050.94342
2022-02-24T00:00:00Z,19354009644.728558
2022-02-23T00:00:00Z,19301121542.19553
2022-02-22T00:00:00Z,19420089402.07775
2022-02-21T00:00:00Z,18952104004.053947
2022-02-20T00:00:00Z,18968014587.6893
2022-02-19T00:00:00Z,18902264404.77943
2022-02-18T00:00:00Z,18794338470.329536
2022-02-17T00:00:00Z,18829559943.529037
2022-02-16T00:00:00Z,18707792736.146725
2022-02-15T00:00:00Z,18983748529.16262
2022-02-14T00:00:00Z,19326419654.001255
2022-02-13T00:00:00Z,19432675927.11474
2022-02-12T00:00:00Z,19485546000.568844
2022-02-11T00:00:00Z,19465178434.51153
2022-02-10T00:00:00Z,19582160259.54296
2022-02-09T00:00:00Z,19501242599.153545
2022-02-08T00:00:00Z,19275387464.697582
2022-02-07T00:00:00Z,19426394417.501686
2022-02-06T00:00:00Z,19676374138.416245
2022-02-05T00:00:00Z,19821317866.511402
2022-02-04T00:00:00Z,19894734580.929268
2022-02-03T00:00:00Z,20118515725.918312
2022-02-02T00:00:00Z,20219443184.056217
2022-02-01T00:00:00Z,20338158653.137783
2022-01-31T00:00:00Z,20317928685.790634
2022-01-30T00:00:00Z,20444657559.359924
2022-01-29T00:00:00Z,20579274750.62639
2022-01-28T00:00:00Z,20716720387.695473
2022-01-27T00:00:00Z,20780961042.10384
2022-01-26T00:00:00Z,20914341156.70313
2022-01-25T00:00:00Z,20843581387.074623
2022-01-24T00:00:00Z,19535619713.780533
2022-01-23T00:00:00Z,19766294445.20006
2022-01-22T00:00:00Z,19943616473.577774
2022-01-21T00:00:00Z,22179202539.68401
2022-01-20T00:00:00Z,22404697126.260323
2022-01-19T00:00:00Z,22400669898.878098
2022-01-18T00:00:00Z,22350041240.51762
2022-01-17T00:00:00Z,22228949828.415512
2022-01-16T00:00:00Z,22287955800.364933
2022-01-15T00:00:00Z,22385386169.65953
2022-01-14T00:00:00Z,22028263194.652122
2022-01-13T00:00:00Z,22305146290.556007
2022-01-12T00:00:00Z,22470439197.57552
2022-01-11T00:00:00Z,22420945110.55196
2022-01-10T00:00:00Z,22297916281.250446
2022-01-09T00:00:00Z,22343024944.113503
2022-01-08T00:00:00Z,22442547006.158546
2022-01-07T00:00:00Z,22484743412.2045
2022-01-06T00:00:00Z,23009644009.15171
2022-01-05T00:00:00Z,23061335663.62259
2022-01-04T00:00:00Z,22706079492.745647
2022-01-03T00:00:00Z,23273062999.901386
2022-01-02T00:00:00Z,23266100679.93008
2022-01-01T00:00:00Z,23280350563.379753
2021-12-31T00:00:00Z,23362685821.54237
2021-12-30T00:00:00Z,23401167544.80009
2021-12-29T00:00:00Z,21738637499.041992
2021-12-28T00:00:00Z,21917297647.358295
2021-12-27T00:00:00Z,22161334453.163994
2021-12-26T00:00:00Z,22543918808.258247
2021-12-25T00:00:00Z,22796540528.298267
2021-12-24T00:00:00Z,22714106114.660076
2021-12-23T00:00:00Z,17381583197.640064
2021-12-22T00:00:00Z,18943005790.819504
2021-12-21T00:00:00Z,19172593428.941185
2021-12-20T00:00:00Z,19478110053.46075
2021-12-19T00:00:00Z,18611194901.6851
2021-12-18T00:00:00Z,18867577774.77729
2021-12-17T00:00:00Z,19090632856.3618
2021-12-16T00:00:00Z,19296427061.0816
2021-12-15T00:00:00Z,19342224665.571262
2021-12-14T00:00:00Z,18737320827.661064
2021-12-13T00:00:00Z,19398719121.066856
2021-12-12T00:00:00Z,19900858509.849716
2021-12-11T00:00:00Z,19974882863.802498
2021-12-10T00:00:00Z,20188137080.534504
2021-12-09T00:00:00Z,19710298416.956676
2021-12-08T00:00:00Z,22197147703.773346
2021-12-07T00:00:00Z,20425196713.300167
2021-12-06T00:00:00Z,20810700641.648476
2021-12-05T00:00:00Z,18086990997.348095
2021-12-04T00:00:00Z,17814643352.493515
2021-12-03T00:00:00Z,17995468687.785942
2021-12-02T00:00:00Z,17355430656.96982
2021-12-01T00:00:00Z,17832344964.911316
2021-11-30T00:00:00Z,17839149089.019325
2021-11-29T00:00:00Z,13409924249.595316
2021-11-28T00:00:00Z,14370504823.548714
2021-11-27T00:00:00Z,14577416206.839783
2021-11-26T00:00:00Z,14706675471.76824
2021-11-25T00:00:00Z,15131369070.45472
2021-11-24T00:00:00Z,15912514246.283058
2021-11-23T00:00:00Z,16586958935.717741
2021-11-22T00:00:00Z,17588464989.171196
2021-11-21T00:00:00Z,18255708010.461254
2021-11-20T00:00:00Z,18475367533.69637
2021-11-19T00:00:00Z,19017663242.660767
2021-11-18T00:00:00Z,19719919800.561916
2021-11-17T00:00:00Z,20517766932.99842
2021-11-16T00:00:00Z,20356495080.18249
2021-11-15T00:00:00Z,21189984251.366558
2021-11-14T00:00:00Z,21325886486.665905
2021-11-13T00:00:00Z,21552385871.811317
2021-11-12T00:00:00Z,21698760788.581078
2021-11-11T00:00:00Z,21559783283.92296
2021-11-10T00:00:00Z,21320805918.640392
2021-11-09T00:00:00Z,21683256378.048588
2021-11-08T00:00:00Z,23292855524.8715
2021-11-07T00:00:00Z,22824122349.103172
2021-11-06T00:00:00Z,22656427523.86471
2021-11-05T00:00:00Z,22380281919.210052
2021-11-04T00:00:00Z,22379252748.89052
2021-11-03T00:00:00Z,22956151230.633224
2021-11-02T00:00:00Z,22540263030.38566
2021-11-01T00:00:00Z,22252301358.936604
2021-10-31T00:00:00Z,22214176024.28955
2021-10-30T00:00:00Z,22231667421.540462
2021-10-29T00:00:00Z,22388301327.86517
2021-10-28T00:00:00Z,22489943175.655693
2021-10-27T00:00:00Z,22570133492.39631
2021-10-26T00:00:00Z,22092484394.353165
2021-10-25T00:00:00Z,21634295927.203342
2021-10-24T00:00:00Z,21729026670.866882
2021-10-23T00:00:00Z,21882341204.46904
2021-10-22T00:00:00Z,22097433755.306953
2021-10-21T00:00:00Z,22323541954.71251
2021-10-20T00:00:00Z,22376977715.397373
2021-10-19T00:00:00Z,22428619018.869045
2021-10-18T00:00:00Z,22520915720.58529
2021-10-17T00:00:00Z,16128989168.728878
2021-10-16T00:00:00Z,16155944800.088697
2021-10-15T00:00:00Z,16178334273.3079
2021-10-14T00:00:00Z,16238781491.648083
2021-10-13T00:00:00Z,16310996371.093061
2021-10-12T00:00:00Z,16384096090.078695
2021-10-11T00:00:00Z,16407319517.900824
2021-10-10T00:00:00Z,16478857633.746433
2021-10-09T00:00:00Z,16548805098.973436
2021-10-08T00:00:00Z,16500455702.684889
2021-10-07T00:00:00Z,16501107835.655762
2021-10-06T00:00:00Z,16355949842.677149
2021-10-05T00:00:00Z,16615382141.521566
2021-10-04T00:00:00Z,16222100680.228464
2021-10-03T00:00:00Z,16548107501.537588
2021-10-02T00:00:00Z,16636116820.947966
2021-10-01T00:00:00Z,16786039168.138138
2021-09-30T00:00:00Z,16954597242.997185
2021-09-29T00:00:00Z,17144556010.528633
2021-09-28T00:00:00Z,17131962277.545427
2021-09-27T00:00:00Z,16460955267.149761
2021-09-26T00:00:00Z,16871153657.749996
2021-09-25T00:00:00Z,17229397268.501186
2021-09-24T00:00:00Z,17316880234.18547
2021-09-23T00:00:00Z,17356431470.942955
2021-09-22T00:00:00Z,17445231315.85645
2021-09-21T00:00:00Z,17418511287.796635
2021-09-20T00:00:00Z,17368979601.15299
2021-09-19T00:00:00Z,16025600141.409029
2021-09-18T00:00:00Z,15835302502.150343
2021-09-17T00:00:00Z,15609607272.25746
2021-09-16T00:00:00Z,15710259611.021648
2021-09-15T00:00:00Z,16179294647.02756
2021-09-14T00:00:00Z,16642859051.363974
2021-09-13T00:00:00Z,16615991013.75198
2021-09-12T00:00:00Z,16578473445.29762
2021-09-11T00:00:00Z,16567701231.830032
2021-09-10T00:00:00Z,16562359827.925392
2021-09-09T00:00:00Z,16757765745.690622
2021-09-08T00:00:00Z,16689804762.136293
2021-09-07T00:00:00Z,16462097332.096203
2021-09-06T00:00:00Z,15867202255.300364
2021-09-05T00:00:00Z,15866796007.814766
2021-09-04T00:00:00Z,15820497194.303942
2021-09-03T00:00:00Z,15751057705.959406
2021-09-02T00:00:00Z,15737650868.239527
2021-09-01T00:00:00Z,15777300654.824419
2021-08-31T00:00:00Z,15859111130.311888
2021-08-30T00:00:00Z,15787375311.4538
2021-08-29T00:00:00Z,15803185202.583796
2021-08-28T00:00:00Z,15686340186.36122
2021-08-27T00:00:00Z,15732549363.107742
2021-08-26T00:00:00Z,15739673445.871923
2021-08-25T00:00:00Z,6301327767.21071
2021-08-24T00:00:00Z,6299710536.897786
2021-08-23T00:00:00Z,6359476824.891456
2021-08-22T00:00:00Z,6188063978.518265
2021-08-21T00:00:00Z,6164153639.49772
2021-08-20T00:00:00Z,6261637387.761553
2021-08-19T00:00:00Z,6224438363.982761
2021-08-18T00:00:00Z,6404534272.41089
2021-08-17T00:00:00Z,6362669796.387434
2021-08-16T00:00:00Z,6571567278.118669
2021-08-15T00:00:00Z,6307337075.138888
2021-08-14T00:00:00Z,6233759206.6413
2021-08-13T00:00:00Z,6188057933.6170845
2021-08-12T00:00:00Z,6236750706.663458
2021-08-11T00:00:00Z,6364989763.851924
2021-08-10T00:00:00Z,6207188523.521423
2021-08-09T00:00:00Z,6286710196.429924
2021-08-08T00:00:00Z,6232851726.488967
2021-08-07T00:00:00Z,6184755628.245839
2021-08-06T00:00:00Z,6193999591.110832
2021-08-05T00:00:00Z,6204373914.111597
2021-08-04T00:00:00Z,6356194318.078271
2021-08-03T00:00:00Z,6425678985.576238
2021-08-02T00:00:00Z,6569995228.589398
2021-08-01T00:00:00Z,6432402043.629816
2021-07-31T00:00:00Z,6413080096.637858
2021-07-30T00:00:00Z,6373562164.193718
2021-07-29T00:00:00Z,6477251955.359463
2021-07-28T00:00:00Z,6692957571.886964
2021-07-27T00:00:00Z,6644618938.227126
2021-07-26T00:00:00Z,6569761756.56801
2021-07-25T00:00:00Z,6472262627.048703
2021-07-24T00:00:00Z,6441238143.011491
2021-07-23T00:00:00Z,6420538021.482977
2021-07-22T00:00:00Z,6422384796.909086
2021-07-21T00:00:00Z,6460192369.3470335
2021-07-20T00:00:00Z,6547137123.611986
2021-07-19T00:00:00Z,6620698781.060026
2021-07-18T00:00:00Z,6724113546.577687
2021-07-17T00:00:00Z,6739609988.698184
2021-07-16T00:00:00Z,6765393718.450878
2021-07-15T00:00:00Z,6852684392.924536
2021-07-14T00:00:00Z,6853994839.855174
2021-07-13T00:00:00Z,6929274402.386356
2021-07-12T00:00:00Z,6985171501.240274
2021-07-11T00:00:00Z,6986521075.2261
2021-07-10T00:00:00Z,7024309514.640189
2021-07-09T00:00:00Z,7017855537.392426
2021-07-08T00:00:00Z,7117693413.156753
2021-07-07T00:00:00Z,7018138164.949404
2021-07-06T00:00:00Z,7135760999.863246
2021-07-05T00:00:00Z,7093367940.267615
2021-07-04T00:00:00Z,7105692844.602575
2021-07-03T00:00:00Z,7158681762.100129
2021-07-02T00:00:00Z,7169316607.057008
2021-07-01T00:00:00Z,7307859187.087847
2021-06-30T00:00:00Z,7411050746.079732
2021-06-29T00:00:00Z,7402921497.83995
2021-06-28T00:00:00Z,7311467066.719738
2021-06-27T00:00:00Z,7369131727.29824
2021-06-26T00:00:00Z,7396369970.503827
2021-06-25T00:00:00Z,7406744517.391545
2021-06-24T00:00:00Z,7259494343.979338
2021-06-23T00:00:00Z,7619808199.457039
2021-06-22T00:00:00Z,7451138812.869251
2021-06-21T00:00:00Z,7500416779.03687
2021-06-20T00:00:00Z,7593532823.80381
2021-06-19T00:00:00Z,7508329666.846393
2021-06-18T00:00:00Z,7432310624.027385
2021-06-17T00:00:00Z,7421827169.759883
2021-06-16T00:00:00Z,7406106871.362814
2021-06-15T00:00:00Z,7450636734.1864
2021-06-14T00:00:00Z,7411472964.105762
2021-06-13T00:00:00Z,7332698985.78803
2021-06-12T00:00:00Z,7301192791.36783
2021-06-11T00:00:00Z,7261819649.755744
2021-06-10T00:00:00Z,7264136447.730501
2021-06-09T00:00:00Z,7447615915.654631
2021-06-08T00:00:00Z,7293458314.499209
2021-06-07T00:00:00Z,7372554947.0761
2021-06-06T00:00:00Z,7566769615.199478
2021-06-05T00:00:00Z,7545617347.524177
2021-06-04T00:00:00Z,7585520559.618297
2021-06-03T00:00:00Z,7962003871.01465
2021-06-02T00:00:00Z,7955452145.587123
2021-06-01T00:00:00Z,7830720210.322008
2021-05-31T00:00:00Z,7759901656.090112
2021-05-30T00:00:00Z,7854568921.624376
2021-05-29T00:00:00Z,7577626949.875919
2021-05-28T00:00:00Z,7695562943.501733
2021-05-27T00:00:00Z,7931464166.336931
2021-05-26T00:00:00Z,7945740588.714347
2021-05-25T00:00:00Z,7743626110.500158
2021-05-24T00:00:00Z,7735623224.149957
2021-05-23T00:00:00Z,7652264269.729475
2021-05-22T00:00:00Z,7831309417.428207
2021-05-21T00:00:00Z,8041404613.991795
2021-05-20T00:00:00Z,8002883043.516686
2021-05-19T00:00:00Z,7731192851.271473
2021-05-18T00:00:00Z,7087716923.655995
2021-05-17T00:00:00Z,6925776278.993736
2021-05-16T00:00:00Z,6818858745.042772
2021-05-15T00:00:00Z,6721472652.729386
2021-05-14T00:00:00Z,6968132564.572944
2021-05-13T00:00:00Z,6850465854.524807
2021-05-12T00:00:00Z,6919434987.803353
2021-05-11T00:00:00Z,6722714065.104849
2021-05-10T00:00:00Z,6697159142.0606365
2021-05-09T00:00:00Z,6589592886.383149
2021-05-08T00:00:00Z,6585118258.363173
2021-05-07T00:00:00Z,6236999515.119745
2021-05-06T00:00:00Z,6135280151.821355
2021-05-05T00:00:00Z,5710758867.893301
2021-05-04T00:00:00Z,5707997973.1488905
2021-05-03T00:00:00Z,6102656351.564204
2021-05-02T00:00:00Z,5901780244.159822
2021-05-01T00:00:00Z,5943939859.397802
2021-04-30T00:00:00Z,5851176434.084154
2021-04-29T00:00:00Z,5868191376.62485
2021-04-28T00:00:00Z,6236355875.581584
2021-04-27T00:00:00Z,6249469328.121123
2021-04-26T00:00:00Z,6087487292.250024
2021-04-25T00:00:00Z,6125924535.872499
2021-04-24T00:00:00Z,6028838692.490245
2021-04-23T00:00:00Z,5964363046.359501
2021-04-22T00:00:00Z,6423667894.978731
2021-04-21T00:00:00Z,6710262395.331878
2021-04-20T00:00:00Z,7081072721.361805
2021-04-19T00:00:00Z,7002080617.901882
2021-04-18T00:00:00Z,7463004145.59401
2021-04-17T00:00:00Z,6746781165.676808
2021-04-16T00:00:00Z,6529497411.721341
2021-04-15T00:00:00Z,6361253261.747719
2021-04-14T00:00:00Z,6247909763.549094
2021-04-13T00:00:00Z,6110942348.70962
2021-04-12T00:00:00Z,5942738978.008925
2021-04-11T00:00:00Z,5201043575.067435
2021-04-10T00:00:00Z,5404137208.515617
2021-04-09T00:00:00Z,5674566285.836042
2021-04-08T00:00:00Z,6204160659.115928
2021-04-07T00:00:00Z,6580771678.104526
2021-04-06T00:00:00Z,6479753731.840409
2021-04-05T00:00:00Z,7546095711.080648
2021-04-04T00:00:00Z,7593072499.597745
2021-04-03T00:00:00Z,7620288578.386454
2021-04-02T00:00:00Z,7684410172.55168
2021-04-01T00:00:00Z,7622766848.7319975
2021-03-31T00:00:00Z,7432319004.074313
2021-03-30T00:00:00Z,7443523393.908009
2021-03-29T00:00:00Z,7394154792.076949
2021-03-28T00:00:00Z,7536884999.6955
2021-03-27T00:00:00Z,7615633202.641668
2021-03-26T00:00:00Z,7585625354.758848
2021-03-25T00:00:00Z,7120193402.27333
2021-03-24T00:00:00Z,7005488130.831208
2021-03-23T00:00:00Z,7004917982.33339
2021-03-22T00:00:00Z,6988017950.421877
2021-03-21T00:00:00Z,6920165781.006091
2021-03-20T00:00:00Z,6749294922.950048
2021-03-19T00:00:00Z,6874222560.894221
2021-03-18T00:00:00Z,6680536950.968314
2021-03-17T00:00:00Z,6028141793.311583
2021-03-16T00:00:00Z,5912860173.02304
2021-03-15T00:00:00Z,5989445558.163001
2021-03-14T00:00:00Z,6088323051.489257
2021-03-13T00:00:00Z,6057071502.173258
2021-03-12T00:00:00Z,5546646295.601162
2021-03-11T00:00:00Z,5570563482.937875
2021-03-10T00:00:00Z,5531359701.880321
2021-03-09T00:00:00Z,5920350765.950586
2021-03-08T00:00:00Z,5946320875.10164
2021-03-07T00:00:00Z,5896380325.737713
2021-03-06T00:00:00Z,5972618213.088145
2021-03-05T00:00:00Z,5910806874.0208845
2021-03-04T00:00:00Z,5884732543.130343
2021-03-03T00:00:00Z,5848017211.223413
2021-03-02T00:00:00Z,5831619455.4941435
2021-03-01T00:00:00Z,5951052080.550502
2021-02-28T00:00:00Z,5804337041.615239
2021-02-27T00:00:00Z,5730689794.624707
2021-02-26T00:00:00Z,5743774666.052918
2021-02-25T00:00:00Z,5761013580.346514
2021-02-24T00:00:00Z,5794265150.529714
2021-02-23T00:00:00Z,5750521489.868089
2021-02-22T00:00:00Z,5722923963.222367
2021-02-21T00:00:00Z,5586099280.807315
2021-02-20T00:00:00Z,5482706944.901568
2021-02-19T00:00:00Z,5308716442.318742
2021-02-18T00:00:00Z,5278858592.561486
2021-02-17T00:00:00Z,5199973678.088887
2021-02-16T00:00:00Z,5620919364.453192
2021-02-15T00:00:00Z,5779062786.179561
2021-02-14T00:00:00Z,5645938609.329821
2021-02-13T00:00:00Z,5685174455.1701975
2021-02-12T00:00:00Z,5671727873.624819
2021-02-11T00:00:00Z,5641222767.852884
2021-02-10T00:00:00Z,5579568699.051767
2021-02-09T00:00:00Z,5514096801.519205
2021-02-08T00:00:00Z,5484012086.236717
2021-02-07T00:00:00Z,5258051291.311464
2021-02-06T00:00:00Z,5433175846.075401
2021-02-05T00:00:00Z,5432989937.918974
2021-02-04T00:00:00Z,5731703031.78665
2021-02-03T00:00:00Z,5956912369.280535
2021-02-02T00:00:00Z,8223844927.403734
2021-02-01T00:00:00Z,8352132793.095853
2021-01-31T00:00:00Z,8289857177.730546
2021-01-30T00:00:00Z,8225425662.123786
2021-01-29T00:00:00Z,8178777987.756455
2021-01-28T00:00:00Z,7262865626.566749
2021-01-27T00:00:00Z,7340319003.649397
2021-01-26T00:00:00Z,7419498756.941968
2021-01-25T00:00:00Z,7498018135.874152
2021-01-24T00:00:00Z,7691037008.352433
2021-01-23T00:00:00Z,7642401818.66439
2021-01-22T00:00:00Z,7697800164.57806
2021-01-21T00:00:00Z,7132160079.343657
2021-01-20T00:00:00Z,7101238567.447957
2021-01-19T00:00:00Z,7002643138.739927
2021-01-18T00:00:00Z,6991085691.499067
2021-01-17T00:00:00Z,7114284043.540941
2021-01-16T00:00:00Z,7093341741.72128
2021-01-15T00:00:00Z,7094715920.062074
2021-01-14T00:00:00Z,7028014708.151317
2021-01-13T00:00:00Z,6735554704.916765
2021-01-12T00:00:00Z,6869999427.95442
2021-01-11T00:00:00Z,7042523792.241706
2021-01-10T00:00:00Z,7023965856.210442
2021-01-09T00:00:00Z,7064626921.834073
2021-01-08T00:00:00Z,6220773466.442918
2021-01-07T00:00:00Z,6193173549.0077095
2021-01-06T00:00:00Z,6030958647.728974
2021-01-05T00:00:00Z,5913389615.734093
2021-01-04T00:00:00Z,5909014838.60418
2021-01-03T00:00:00Z,5380908591.670607
2021-01-02T00:00:00Z,5323027974.556169
2021-01-01T00:00:00Z,5395584759.177241
2020-12-31T00:00:00Z,5541230875.980183
2020-12-30T00:00:00Z,5440546956.902419
2020-12-29T00:00:00Z,5310672833.714794
2020-12-28T00:00:00Z,5478833387.280953
2020-12-27T00:00:00Z,5410915953.515806
2020-12-26T00:00:00Z,5408892545.2684765
2020-12-25T00:00:00Z,5379205410.323805
2020-12-24T00:00:00Z,5454177812.107421
2020-12-23T00:00:00Z,5503821293.950949
2020-12-22T00:00:00Z,5572849585.642173
2020-12-21T00:00:00Z,5451293945.9721985
2020-12-20T00:00:00Z,5390304446.68189
2020-12-19T00:00:00Z,5208711699.231086
2020-12-18T00:00:00Z,5177445803.499705
2020-12-17T00:00:00Z,5201342792.773489
2020-12-16T00:00:00Z,4824081480.072963
2020-12-15T00:00:00Z,4842093151.348494
2020-12-14T00:00:00Z,4943094393.544898
2020-12-13T00:00:00Z,5014876244.886879
2020-12-12T00:00:00Z,5097076584.350993
2020-12-11T00:00:00Z,5127898045.700368
2020-12-10T00:00:00Z,5061238440.022672
2020-12-09T00:00:00Z,5143727856.87559
2020-12-08T00:00:00Z,5073043289.319572
2020-12-07T00:00:00Z,5052678886.278006
2020-12-06T00:00:00Z,5016055721.848061
2020-12-05T00:00:00Z,5009726131.064051
2020-12-04T00:00:00Z,4979414591.205293
2020-12-03T00:00:00Z,3840964722.5077276
2020-12-02T00:00:00Z,3896800384.8062882
2020-12-01T00:00:00Z,3852648806.888912
2020-11-30T00:00:00Z,3939375337.7909565
2020-11-29T00:00:00Z,3821222754.895769
2020-11-28T00:00:00Z,3916009532.0687346
2020-11-27T00:00:00Z,3911374737.605012
2020-11-26T00:00:00Z,3898194022.4227705
2020-11-25T00:00:00Z,4029958674.7656636
2020-11-24T00:00:00Z,4032268585.798463
2020-11-23T00:00:00Z,3705902393.0546412
2020-11-22T00:00:00Z,3743653077.4639926
2020-11-21T00:00:00Z,3830555718.924602
2020-11-20T00:00:00Z,3750285301.9429145
2020-11-19T00:00:00Z,3890146603.0231657
2020-11-18T00:00:00Z,3878666384.5147843
2020-11-17T00:00:00Z,4098115977.8181047
2020-11-16T00:00:00Z,4011213211.928779
2020-11-15T00:00:00Z,4113016141.3663716
2020-11-14T00:00:00Z,4100814470.7185473
2020-11-13T00:00:00Z,4112967284.0822706
2020-11-12T00:00:00Z,2410434119.557608
2020-11-11T00:00:00Z,2425626344.7227664
2020-11-10T00:00:00Z,2581535554.67426
2020-11-09T00:00:00Z,2505695668.059414
2020-11-08T00:00:00Z,2513865878.8481684
2020-11-07T00:00:00Z,2483260132.0170894
2020-11-06T00:00:00Z,2643280685.9358473
2020-11-05T00:00:00Z,2635833674.811238
2020-11-04T00:00:00Z,2707878749.3179655
2020-11-03T00:00:00Z,2636211926.2723446
2020-11-02T00:00:00Z,2046423495.3501408
2020-11-01T00:00:00Z,2198011701.2150464
2020-10-31T00:00:00Z,2197964689.365047
2020-10-30T00:00:00Z,2206188391.482788
2020-10-29T00:00:00Z,2261366375.036951
2020-10-28T00:00:00Z,2247193959.6673827
2020-10-27T00:00:00Z,2322468448.9039197
2020-10-26T00:00:00Z,2393136599.1740727
2020-10-25T00:00:00Z,2530419923.11007
2020-10-24T00:00:00Z,2511679291.6729393
2020-10-23T00:00:00Z,2506743818.655323
2020-10-22T00:00:00Z,2467030259.9219155
2020-10-21T00:00:00Z,2503799803.993263
2020-10-20T00:00:00Z,2419642788.8702006
2020-10-19T00:00:00Z,2396459284.006642
2020-10-18T00:00:00Z,2398330775.429388
2020-10-17T00:00:00Z,2399010422.203529
2020-10-16T00:00:00Z,2410824940.127191
2020-10-15T00:00:00Z,2396987087.5563803
2020-10-14T00:00:00Z,2398110305.192312
2020-10-13T00:00:00Z,2372168028.824519
2020-10-12T00:00:00Z,2403204458.0087934
2020-10-11T00:00:00Z,2388063377.599353
2020-10-10T00:00:00Z,2395759919.578894
2020-10-09T00:00:00Z,2404896520.8706093
2020-10-08T00:00:00Z,2348860308.759382
2020-10-07T00:00:00Z,2336740314.0396357
2020-10-06T00:00:00Z,2317995790.306695
2020-10-05T00:00:00Z,2336643538.4303384
2020-10-04T00:00:00Z,2334429822.8898163
2020-10-03T00:00:00Z,2324586836.5513225
2020-10-02T00:00:00Z,2400756283.829876
2020-10-01T00:00:00Z,2371182366.2110696
2020-09-30T00:00:00Z,2423464000.60126
2020-09-29T00:00:00Z,2431187382.757849
2020-09-28T00:00:00Z,2450081006.3602176
2020-09-27T00:00:00Z,2421541824.411943
2020-09-26T00:00:00Z,2428317608.646585
2020-09-25T00:00:00Z,2397531617.1177263
2020-09-24T00:00:00Z,2391338072.0924973
2020-09-23T00:00:00Z,2397927628.1048236
2020-09-22T00:00:00Z,2414774507.960798
2020-09-21T00:00:00Z,2408981215.401021
2020-09-20T00:00:00Z,2487962952.182125
2020-09-19T00:00:00Z,2566185519.867663
2020-09-18T00:00:00Z,2576990223.778765
2020-09-17T00:00:00Z,2618986911.384638
2020-09-16T00:00:00Z,2731242666.4272103
2020-09-15T00:00:00Z,2722014483.920172
2020-09-14T00:00:00Z,2706012821.5123353
2020-09-13T00:00:00Z,2665316797.5155406
2020-09-12T00:00:00Z,2655627589.498665
2020-09-11T00:00:00Z,2669515056.576022
2020-09-10T00:00:00Z,2588365013.5356917
2020-09-09T00:00:00Z,2494393420.821168
2020-09-08T00:00:00Z,2477053193.4594903
2020-09-07T00:00:00Z,2470625421.1827016
2020-09-06T00:00:00Z,2455329368.2635465
2020-09-05T00:00:00Z,2412126344.7160525
2020-09-04T00:00:00Z,2378962879.2238526
2020-09-03T00:00:00Z,2350462814.791441
2020-09-02T00:00:00Z,2339313931.7125444
2020-09-01T00:00:00Z,2266713277.4920845
2020-08-31T00:00:00Z,2280548348.366722
2020-08-30T00:00:00Z,2249575821.346083
2020-08-29T00:00:00Z,2251573101.8126245
2020-08-28T00:00:00Z,2250061468.7972
2020-08-27T00:00:00Z,2150733053.9807305
2020-08-26T00:00:00Z,1983590413.4423125
2020-08-25T00:00:00Z,1976312687.9536216
2020-08-24T00:00:00Z,1943440305.1086147
2020-08-23T00:00:00Z,2067404356.613093
2020-08-22T00:00:00Z,2097139485.472286
2020-08-21T00:00:00Z,2088191415.752634
2020-08-20T00:00:00Z,2167922529.211635
2020-08-19T00:00:00Z,2134267833.1879466
2020-08-18T00:00:00Z,3165704515.6185913
2020-08-17T00:00:00Z,3121461281.9264183
2020-08-16T00:00:00Z,3079923067.327188
2020-08-15T00:00:00Z,3064667687.795021
2020-08-14T00:00:00Z,3019082507.7123823
2020-08-13T00:00:00Z,2981359199.729576
2020-08-12T00:00:00Z,3053824762.3865123
2020-08-11T00:00:00Z,3027192354.382315
2020-08-10T00:00:00Z,3121645641.594862
2020-08-09T00:00:00Z,3269769076.7098217
2020-08-08T00:00:00Z,3246042230.7016997
2020-08-07T00:00:00Z,3021139791.86065
2020-08-06T00:00:00Z,3011816842.985027
2020-08-05T00:00:00Z,2950892771.3560424
2020-08-04T00:00:00Z,2882396233.5320973
2020-08-03T00:00:00Z,2928466692.152004
2020-08-02T00:00:00Z,2900638050.522255
2020-08-01T00:00:00Z,2702411744.8373976
2020-07-31T00:00:00Z,2692006784.650501
2020-07-30T00:00:00Z,2711990498.1717696
2020-07-29T00:00:00Z,2655180289.4600935
2020-07-28T00:00:00Z,2404304555.4808865
2020-07-27T00:00:00Z,2416533120.9759374
2020-07-26T00:00:00Z,2394394050.0701904
2020-07-25T00:00:00Z,2387582432.4788465
2020-07-24T00:00:00Z,2364327449.5447345
2020-07-23T00:00:00Z,2315366156.2921276
2020-07-22T00:00:00Z,2259554023.0355988
2020-07-21T00:00:00Z,2294390197.8733163
2020-07-20T00:00:00Z,2242955499.7173734
2020-07-19T00:00:00Z,2291556749.7368684
2020-07-18T00:00:00Z,2284316450.811816
2020-07-17T00:00:00Z,2250431951.009724
2020-07-16T00:00:00Z,2243623360.881115
2020-07-15T00:00:00Z,2233249554.091532
2020-07-14T00:00:00Z,2228974472.510653
2020-07-13T00:00:00Z,2275384970.5860763
2020-07-12T00:00:00Z,2255585164.850966
2020-07-11T00:00:00Z,2238082043.15904
2020-07-10T00:00:00Z,2239268797.606193
2020-07-09T00:00:00Z,2214170925.209773
2020-07-08T00:00:00Z,2189676769.146005
2020-07-07T00:00:00Z,2165007454.446939
2020-07-06T00:00:00Z,1295398528.491834
2020-07-05T00:00:00Z,1298810225.70034
2020-07-04T00:00:00Z,1294378337.4125133
2020-07-03T00:00:00Z,1300059874.2563813
2020-07-02T00:00:00Z,1264030345.047099
2020-07-01T00:00:00Z,1257005622.5224273
2020-06-30T00:00:00Z,1252313543.1494803
2020-06-29T00:00:00Z,1250285671.9342735
2020-06-28T00:00:00Z,1245781620.7524736
2020-06-27T00:00:00Z,1242364584.1832025
2020-06-26T00:00:00Z,1238578134.4967406
2020-06-25T00:00:00Z,1238776504.1189215
2020-06-24T00:00:00Z,1231913200.3151317
2020-06-23T00:00:00Z,1185760797.9017918
2020-06-22T00:00:00Z,1173910045.5286088
2020-06-21T00:00:00Z,2161824815.3967137
2020-06-20T00:00:00Z,2165850540.0696516
2020-06-19T00:00:00Z,2165668770.7798185
2020-06-18T00:00:00Z,2164081166.5198636
2020-06-17T00:00:00Z,2164126434.5991206
2020-06-16T00:00:00Z,2158502575.2609305
2020-06-15T00:00:00Z,2161914388.995681
2020-06-14T00:00:00Z,2146377381.8993013
2020-06-13T00:00:00Z,2158004456.4267144
2020-06-12T00:00:00Z,2148831344.6331472
2020-06-11T00:00:00Z,2163903162.3880363
2020-06-10T00:00:00Z,1967748398.7905302
2020-06-09T00:00:00Z,1947412854.956223
2020-06-08T00:00:00Z,1935028496.758404
2020-06-07T00:00:00Z,1919381338.0857718
2020-06-06T00:00:00Z,1925646109.2495298
2020-06-05T00:00:00Z,1903194519.6904778
2020-06-04T00:00:00Z,1900336559.554314
2020-06-03T00:00:00Z,1890910378.3268967
2020-06-02T00:00:00Z,1869593841.3948948
2020-06-01T00:00:00Z,1852947359.8331647
2020-05-31T00:00:00Z,1810708357.9243267
2020-05-30T00:00:00Z,1816711315.2965598
2020-05-29T00:00:00Z,1831453224.4570568
2020-05-28T00:00:00Z,1644598117.8193188
2020-05-27T00:00:00Z,1646684434.595635
2020-05-26T00:00:00Z,1640308240.090327
2020-05-25T00:00:00Z,1637269848.536812
2020-05-24T00:00:00Z,1632248465.334249
2020-05-23T00:00:00Z,1629929634.8340151
2020-05-22T00:00:00Z,1619477876.016843
2020-05-21T00:00:00Z,1647391153.4639032
2020-05-20T00:00:00Z,1642998592.549297
2020-05-19T00:00:00Z,1639365802.1715991
2020-05-18T00:00:00Z,1633736247.466756
2020-05-17T00:00:00Z,1614532840.623631
2020-05-16T00:00:00Z,1612186969.329885
2020-05-15T00:00:00Z,1617216195.772552
2020-05-14T00:00:00Z,1425372675.7467089
2020-05-13T00:00:00Z,1431509676.566298
2020-05-12T00:00:00Z,1239607286.848234
2020-05-11T00:00:00Z,1217221393.73425
2020-05-10T00:00:00Z,1022420821.119881
2020-05-09T00:00:00Z,996293128.1663342
2020-05-08T00:00:00Z,975314311.3379961
2020-05-07T00:00:00Z,925887166.8469101
2020-05-06T00:00:00Z,826882327.8579382
2020-05-05T00:00:00Z,808714048.1827291
2020-05-04T00:00:00Z,712852686.769657
2020-05-03T00:00:00Z,710097237.3277731
2020-05-02T00:00:00Z,723715239.50873
2020-05-01T00:00:00Z,731162125.3462901
2020-04-30T00:00:00Z,722736050.3252891
2020-04-29T00:00:00Z,614350384.3621433
2020-04-28T00:00:00Z,506632315.09757125
2020-04-27T00:00:00Z,503441693.46379626
2020-04-26T00:00:00Z,507253978.00616336
2020-04-25T00:00:00Z,511916743.65831536
2020-04-24T00:00:00Z,522384271.9746073
2020-04-23T00:00:00Z,578768032.9751383
2020-04-22T00:00:00Z,587973220.4734043
2020-04-21T00:00:00Z,577192322.8097324
2020-04-20T00:00:00Z,561041541.7141523
2020-04-19T00:00:00Z,201880090.2834893
2020-04-18T00:00:00Z,194512907.05791622
2020-04-17T00:00:00Z,188477373.38181722
2020-04-16T00:00:00Z,177341970.31646723
2020-04-15T00:00:00Z,187726454.4121843
2020-04-14T00:00:00Z,191030905.9046542
2020-04-13T00:00:00Z,185206280.32705918
2020-04-12T00:00:00Z,178495486.2947092
2020-04-11T00:00:00Z,163355595.51626018
2020-04-10T00:00:00Z,145085074.24930716
2020-04-09T00:00:00Z,118038042.1916071
2020-04-08T00:00:00Z,121957559.36931612
2020-04-07T00:00:00Z,119005349.93528515
2020-04-06T00:00:00Z,121242585.80006416
2020-04-05T00:00:00Z,138254510.7959872
2020-04-04T00:00:00Z,137836647.2889242
2020-04-03T00:00:00Z,148297498.24642217
2020-04-02T00:00:00Z,146869645.68368918
2020-04-01T00:00:00Z,140706354.17695722
2020-03-31T00:00:00Z,149842724.6203352
2020-03-30T00:00:00Z,152460939.9913742
2020-03-29T00:00:00Z,139988800.69633523
2020-03-28T00:00:00Z,138789605.88725823
2020-03-27T00:00:00Z,141515992.76211828
2020-03-26T00:00:00Z,137943647.62788928
2020-03-25T00:00:00Z,129476116.87027828
2020-03-24T00:00:00Z,116336892.54863016
2020-03-23T00:00:00Z,110415294.32182415
2020-03-22T00:00:00Z,119134940.5593782
2020-03-21T00:00:00Z,115848322.2820152
2020-03-20T00:00:00Z,129417456.2215172
2020-03-19T00:00:00Z,118833141.2678552
2020-03-18T00:00:00Z,105663782.1695332
2020-03-17T00:00:00Z,119701274.25789925
2020-03-16T00:00:00Z,114823911.9364013
2020-03-15T00:00:00Z,92180336.2201483
2020-03-14T00:00:00Z,110561725.20766924
2020-03-13T00:00:00Z,120274123.32276826
2020-03-12T00:00:00Z,45704860.38305327
2020-03-11T00:00:00Z,31046223.60558924
2020-03-10T00:00:00Z,36195694.86068625
2020-03-09T00:00:00Z,39214751.00371223
2020-03-08T00:00:00Z,50140570.44298823
2020-03-07T00:00:00Z,38412687.55228422
2020-03-06T00:00:00Z,42901029.29339021
2020-03-05T00:00:00Z,42861765.37662417
2020-03-04T00:00:00Z,52151991.93876915
2020-03-03T00:00:00Z,40180610.38505216
2020-03-02T00:00:00Z,29727332.40216617
2020-03-01T00:00:00Z,32109238.11786418
2020-02-29T00:00:00Z,55987778.0904922
2020-02-28T00:00:00Z,58333667.19338619
2020-02-27T00:00:00Z,41083212.8559102
2020-02-26T00:00:00Z,37061426.51773314
2020-02-25T00:00:00Z,44407403.44891609
2020-02-24T00:00:00Z,53935884.07783608
2020-02-23T00:00:00Z,50016885.77200708
2020-02-22T00:00:00Z,63924723.50681406
2020-02-21T00:00:00Z,48646076.71159406
2020-02-20T00:00:00Z,54721471.36761305
2020-02-19T00:00:00Z,59094405.43967909
2020-02-18T00:00:00Z,54277724.8787021
2020-02-17T00:00:00Z,62676432.36549509
2020-02-16T00:00:00Z,47746164.35223307
2020-02-15T00:00:00Z,46947267.91673806
2020-02-14T00:00:00Z,25112074.65042605
2020-02-13T00:00:00Z,28371536.74435707
2020-02-12T00:00:00Z,34984858.08874604
2020-02-11T00:00:00Z,35443940.67696001
2020-02-10T00:00:00Z,36551088.52772696
2020-02-09T00:00:00Z,12359647.18169092
2020-02-08T00:00:00Z,15766790.26318592
2020-02-07T00:00:00Z,18303088.37618789
2020-02-06T00:00:00Z,25279198.06292489
2020-02-05T00:00:00Z,28970050.99003491
2020-02-04T00:00:00Z,134553893.17802787
2020-02-03T00:00:00Z,153611801.6927929
2020-02-02T00:00:00Z,153145205.2948009
2020-02-01T00:00:00Z,155843496.1717289
2020-01-31T00:00:00Z,159821807.26602292
2020-01-30T00:00:00Z,161887073.83612692
2020-01-29T00:00:00Z,167951949.1943179
2020-01-28T00:00:00Z,174137527.2856479
2020-01-27T00:00:00Z,190269007.1275269
2020-01-26T00:00:00Z,192844677.55760193
2020-01-25T00:00:00Z,203120091.36343893
2020-01-24T00:00:00Z,206285002.14081192
2020-01-23T00:00:00Z,195468146.55946693
2020-01-22T00:00:00Z,197568650.89189693
2020-01-21T00:00:00Z,203706514.98792294
2020-01-20T00:00:00Z,213758278.9111359
2020-01-19T00:00:00Z,216601876.60714692
2020-01-18T00:00:00Z,210551394.20236194
2020-01-17T00:00:00Z,211995264.31684694
2020-01-16T00:00:00Z,216776826.30779392
2020-01-15T00:00:00Z,222921513.94296995
2020-01-14T00:00:00Z,240517916.16515294
2020-01-13T00:00:00Z,257922151.9048889
2020-01-12T00:00:00Z,258206891.09290892
2020-01-11T00:00:00Z,262038031.5626629
2020-01-10T00:00:00Z,275112943.1051219
2020-01-09T00:00:00Z,275671952.1095129
2020-01-08T00:00:00Z,278743231.3159009
2020-01-07T00:00:00Z,287709940.5610819
2020-01-06T00:00:00Z,281234213.2798699
2020-01-05T00:00:00Z,274956369.6598629
2020-01-04T00:00:00Z,268638162.92387986
2020-01-03T00:00:00Z,271316175.6151339
2020-01-02T00:00:00Z,275959540.54385686
2020-01-01T00:00:00Z,281418408.14033383
2019-12-31T00:00:00Z,285288283.34640884
2019-12-30T00:00:00Z,283708215.90035784
2019-12-29T00:00:00Z,279127159.26018083
2019-12-28T00:00:00Z,275061968.80025584
2019-12-27T00:00:00Z,280892945.2357038
2019-12-26T00:00:00Z,290463137.9431198
2019-12-25T00:00:00Z,291105141.5181808
2019-12-24T00:00:00Z,293184229.7941728
2019-12-23T00:00:00Z,292789084.81209886
2019-12-22T00:00:00Z,303648473.40082383
2019-12-21T00:00:00Z,302456149.98977685
2019-12-20T00:00:00Z,307071906.2561938
2019-12-19T00:00:00Z,306789527.40429986
2019-12-18T00:00:00Z,314232665.1483139
2019-12-17T00:00:00Z,309770469.9567559
2019-12-16T00:00:00Z,315982304.49492586
2019-12-15T00:00:00Z,318047444.7553409
2019-12-14T00:00:00Z,320381933.2892079
2019-12-13T00:00:00Z,322600382.29840785
2019-12-12T00:00:00Z,314364510.64173985
2019-12-11T00:00:00Z,314484047.02129084
2019-12-10T00:00:00Z,279598638.77389383
2019-12-09T00:00:00Z,283489303.1883308
2019-12-08T00:00:00Z,295753437.48094285
2019-12-07T00:00:00Z,303375367.62466186
2019-12-06T00:00:00Z,313335052.46419084
2019-12-05T00:00:00Z,327360582.5776719
2019-12-04T00:00:00Z,338533255.3165889
2019-12-03T00:00:00Z,305931557.8382318
2019-12-02T00:00:00Z,319908290.9244808
2019-12-01T00:00:00Z,331907964.3507548
2019-11-30T00:00:00Z,335483328.32965976
2019-11-29T00:00:00Z,336534413.34562075
2019-11-28T00:00:00Z,324305995.0327918
2019-11-27T00:00:00Z,334415480.0583998
2019-11-26T00:00:00Z,342069776.3739958
2019-11-25T00:00:00Z,365855371.4343918
2019-11-24T00:00:00Z,372054047.97683686
2019-11-23T00:00:00Z,367526722.1545658
2019-11-22T00:00:00Z,298108505.09366184
2019-11-21T00:00:00Z,308072334.8962628
2019-11-20T00:00:00Z,329397787.2890509
2019-11-19T00:00:00Z,329093497.73026985
2019-11-18T00:00:00Z,340450969.9757698
2019-11-17T00:00:00Z,346183659.14316785
2019-11-16T00:00:00Z,349568083.30093586
2019-11-15T00:00:00Z,350902138.06140584
2019-11-14T00:00:00Z,354176312.12250084
2019-11-13T00:00:00Z,361546393.38553286
2019-11-12T00:00:00Z,369154741.5229509
2019-11-11T00:00:00Z,394677207.82688886
2019-11-10T00:00:00Z,418840161.93204385
2019-11-09T00:00:00Z,434325064.14320785
2019-11-08T00:00:00Z,458518615.05168885
2019-11-07T00:00:00Z,487312612.18789387
2019-11-06T00:00:00Z,515068934.2364999
2019-11-05T00:00:00Z,520345801.0560139
2019-11-04T00:00:00Z,527943503.6427219
2019-11-03T00:00:00Z,571506066.864453
2019-11-02T00:00:00Z,612056646.1758729
2019-11-01T00:00:00Z,631685528.272785
2019-10-31T00:00:00Z,686633375.675056
2019-10-30T00:00:00Z,682346476.5728059
2019-10-29T00:00:00Z,692461432.3670019
2019-10-28T00:00:00Z,696195775.042176
2019-10-27T00:00:00Z,644573580.0431365
2019-10-26T00:00:00Z,631999978.4493113
2019-10-25T00:00:00Z,567790984.0112349
2019-10-24T00:00:00Z,390935736.2444229
2019-10-23T00:00:00Z,297769044.67706203
2019-10-22T00:00:00Z,189851141.43816802
2019-10-21T00:00:00Z,92699779.829904
2019-10-20T00:00:00Z,45986739.16949601
2019-10-19T00:00:00Z,38361585.35077601
2019-10-18T00:00:00Z,1320688.580143
2019-10-17T00:00:00Z,1703659.750458
2019-10-16T00:00:00Z,0
2019-10-15T00:00:00Z,350657.277156
2019-10-14T00:00:00Z,996463.275562
2019-10-13T00:00:00Z,1533014.562697
2019-10-12T00:00:00Z,2407714.839445
2019-10-11T00:00:00Z,0
2019-10-10T00:00:00Z,134576.91339
2019-10-09T00:00:00Z,1322445.853317
2019-10-08T00:00:00Z,4241855.801845
2019-10-07T00:00:00Z,7249227.554637
2019-10-06T00:00:00Z,8241754.312841
2019-10-05T00:00:00Z,9772186.115601
2019-10-04T00:00:00Z,12681480.838034
2019-10-03T00:00:00Z,21155657.34235
2019-10-02T00:00:00Z,25578691.771757
2019-10-01T00:00:00Z,17369931.49581
2019-09-30T00:00:00Z,18130467.405837
2019-09-29T00:00:00Z,18205108.63126
2019-09-28T00:00:00Z,18228662.66117
2019-09-27T00:00:00Z,18256703.13117
2019-09-26T00:00:00Z,18265464.956371
2019-09-25T00:00:00Z,18340852.474168
2019-09-24T00:00:00Z,18365678.973828
2019-09-23T00:00:00Z,18574318.609108
2019-09-22T00:00:00Z,18497972.118246
2019-09-21T00:00:00Z,18500190.693866
2019-09-20T00:00:00Z,18500338.285841
2019-09-19T00:00:00Z,18506877.022026
2019-09-18T00:00:00Z,18602568.08845
2019-09-17T00:00:00Z,17593326.776105
2019-09-16T00:00:00Z,17574290.602514
2019-09-15T00:00:00Z,17575604.345922
2019-09-14T00:00:00Z,17579459.759461
2019-09-13T00:00:00Z,17597485.958751
2019-09-12T00:00:00Z,17610816.675245
2019-09-11T00:00:00Z,17629456.675245
2019-09-10T00:00:00Z,17622987.616387
2019-09-09T00:00:00Z,17624417.722278
2019-09-08T00:00:00Z,17613799.491978
2019-09-07T00:00:00Z,17615150.424179
2019-09-06T00:00:00Z,17574628.454145
2019-09-05T00:00:00Z,17592836.784145
2019-09-04T00:00:00Z,17574042.754145
2019-09-03T00:00:00Z,17587479.388126
2019-09-02T00:00:00Z,17619874.152068
2019-09-01T00:00:00Z,17635523.691272
2019-08-31T00:00:00Z,17620831.867272
2019-08-30T00:00:00Z,17611976.571916
2019-08-29T00:00:00Z,17591264.899225
2019-08-28T00:00:00Z,17495336.002217
2019-08-27T00:00:00Z,17495257.002217
2019-08-26T00:00:00Z,17495256.801298
2019-08-25T00:00:00Z,17480865.101045
2019-08-24T00:00:00Z,17494667.071564
2019-08-23T00:00:00Z,17495737.597323
2019-08-22T00:00:00Z,17502705.998219
2019-08-21T00:00:00Z,17490114.998219
2019-08-20T00:00:00Z,17512118.033742
2019-08-19T00:00:00Z,17512044.253907
2019-08-18T00:00:00Z,17619978.271956
2019-08-17T00:00:00Z,17625958.657897
2019-08-16T00:00:00Z,17727981.86228
2019-08-15T00:00:00Z,17689764.009665
2019-08-14T00:00:00Z,796093.577846
2019-08-13T00:00:00Z,876770.80745
2019-08-12T00:00:00Z,869827.50043
2019-08-11T00:00:00Z,835248.510095
2019-08-10T00:00:00Z,827173.526593
2019-08-09T00:00:00Z,871361.802301
2019-08-08T00:00:00Z,877254.558131
2019-08-07T00:00:00Z,0
2019-08-06T00:00:00Z,0
2019-08-05T00:00:00Z,0
2019-08-04T00:00:00Z,0
2019-08-03T00:00:00Z,0
2019-08-02T00:00:00Z,0
2019-08-01T00:00:00Z,0
2019-07-31T00:00:00Z,0
2019-07-30T00:00:00Z,0
2019-07-29T00:00:00Z,0
2019-07-28T00:00:00Z,0
2019-07-27T00:00:00Z,0
2019-07-26T00:00:00Z,0
2019-07-25T00:00:00Z,0
2019-07-24T00:00:00Z,0
2019-07-23T00:00:00Z,0
2019-07-22T00:00:00Z,267919.729127
2019-07-21T00:00:00Z,416777.835601
2019-07-20T00:00:00Z,392484.653679
2019-07-19T00:00:00Z,372464.761314
2019-07-18T00:00:00Z,392145.44314
2019-07-17T00:00:00Z,8784.767639
